No Soal,Part Nama,Nama File Audio,Kunci Jawaban,Pilihan A,Pilihan B,Pilihan C,Pilihan D,Audio Script,Pertanyaan,Penjelasan Lengkap
1,Part B: Long Conversation,listening_simulation_1.mp3,A,She is struggling to meet the tight deadline set by the executive board.,She forgot to attend the lunch meeting.,She lost the printed memo.,She wants to change teams.,"Man: Hi Jane, did you get the memo about the client's presentation slides? 
Woman: Yes, but I am struggling to meet the tight deadline set by the executive board. 
Man: Don't worry. Let's grab lunch and we can request a temporary extension from the management together.",What is the woman's main concern?,Pertanyaan mengenai permasalahan utama pembicara wanita. Wanita mengeluh bahwa ia sedang mengalami kendala yaitu struggling to meet the tight deadline set by the executive board.
2,Part B: Long Conversation,listening_simulation_1.mp3,B,Cancel the project entirely.,Eat lunch and request a temporary extension from the management.,Call the department head.,Buy a new digital manual.,"Man: Hi Jane, did you get the memo about the client's presentation slides? 
Woman: Yes, but I am struggling to meet the tight deadline set by the executive board. 
Man: Don't worry. Let's grab lunch and we can request a temporary extension from the management together.",What do the speakers plan to do?,Pertanyaan mengenai rencana tindakan. Pria mengajak wanita untuk makan siang bersama sambil melakukan penyelesaian yaitu request a temporary extension from the management.
3,Part B: Long Conversation,listening_simulation_2.mp3,A,She is drowning under the immense workload this week.,She forgot to attend the lunch meeting.,She lost the printed memo.,She wants to change teams.,"Man: Hi Jane, did you get the memo about the office relocation plan? 
Woman: Yes, but I am drowning under the immense workload this week. 
Man: Don't worry. Let's grab lunch and we can delegate the administrative tasks to the assistant together.",What is the woman's main concern?,Pertanyaan mengenai permasalahan utama pembicara wanita. Wanita mengeluh bahwa ia sedang mengalami kendala yaitu drowning under the immense workload this week.
4,Part B: Long Conversation,listening_simulation_2.mp3,B,Cancel the project entirely.,Eat lunch and delegate the administrative tasks to the assistant.,Call the department head.,Buy a new digital manual.,"Man: Hi Jane, did you get the memo about the office relocation plan? 
Woman: Yes, but I am drowning under the immense workload this week. 
Man: Don't worry. Let's grab lunch and we can delegate the administrative tasks to the assistant together.",What do the speakers plan to do?,Pertanyaan mengenai rencana tindakan. Pria mengajak wanita untuk makan siang bersama sambil melakukan penyelesaian yaitu delegate the administrative tasks to the assistant.
5,Part C: Academic Talks,listening_simulation_3.mp3,A,A comprehensive analysis of the impact of artificial intelligence on logistics.,An announcement about office vacation.,A historical overview of banking.,A health insurance policy briefing.,Speaker: Good morning class. Today we will explore the impact of artificial intelligence on logistics. Using predictive algorithms for warehouse supply chains reduces overhead storage costs by roughly fifteen percent globally. This study will serve as our primary benchmark for corporate productivity.,What is the primary subject of the talk?,Pertanyaan mengenai gagasan utama kuliah akademik. Pembicara menyatakan bahwa pembahasan hari ini berpusat pada analisis the impact of artificial intelligence on logistics.
6,Part C: Academic Talks,listening_simulation_3.mp3,B,To reduce employee salaries.,To set a new benchmark for corporate productivity.,To redecorate the executive lounge.,To audit the accounting software.,Speaker: Good morning class. Today we will explore the impact of artificial intelligence on logistics. Using predictive algorithms for warehouse supply chains reduces overhead storage costs by roughly fifteen percent globally. This study will serve as our primary benchmark for corporate productivity.,What is the main goal of discussing this method?,Pertanyaan informasi spesifik. Pembicara menyebutkan bahwa tujuan studi ini adalah sebagai tolok ukur baru bagi produktivitas perusahaan.
7,Part B: Long Conversation,listening_simulation_4.mp3,A,She is drowning under the immense workload this week.,She forgot to attend the lunch meeting.,She lost the printed memo.,She wants to change teams.,"Man: Hi Jane, did you get the memo about the recruitment interview schedule? 
Woman: Yes, but I am drowning under the immense workload this week. 
Man: Don't worry. Let's grab lunch and we can review the training video manual sent by the coordinator together.",What is the woman's main concern?,Pertanyaan mengenai permasalahan utama pembicara wanita. Wanita mengeluh bahwa ia sedang mengalami kendala yaitu drowning under the immense workload this week.
8,Part B: Long Conversation,listening_simulation_4.mp3,B,Cancel the project entirely.,Eat lunch and review the training video manual sent by the coordinator.,Call the department head.,Buy a new digital manual.,"Man: Hi Jane, did you get the memo about the recruitment interview schedule? 
Woman: Yes, but I am drowning under the immense workload this week. 
Man: Don't worry. Let's grab lunch and we can review the training video manual sent by the coordinator together.",What do the speakers plan to do?,Pertanyaan mengenai rencana tindakan. Pria mengajak wanita untuk makan siang bersama sambil melakukan penyelesaian yaitu review the training video manual sent by the coordinator.
9,Part C: Academic Talks,listening_simulation_5.mp3,A,A comprehensive analysis of the impact of artificial intelligence on logistics.,An announcement about office vacation.,A historical overview of banking.,A health insurance policy briefing.,Speaker: Good morning class. Today we will explore the impact of artificial intelligence on logistics. Using predictive algorithms for warehouse supply chains reduces overhead storage costs by roughly fifteen percent globally. This study will serve as our primary benchmark for corporate productivity.,What is the primary subject of the talk?,Pertanyaan mengenai gagasan utama kuliah akademik. Pembicara menyatakan bahwa pembahasan hari ini berpusat pada analisis the impact of artificial intelligence on logistics.
10,Part C: Academic Talks,listening_simulation_5.mp3,B,To reduce employee salaries.,To set a new benchmark for corporate productivity.,To redecorate the executive lounge.,To audit the accounting software.,Speaker: Good morning class. Today we will explore the impact of artificial intelligence on logistics. Using predictive algorithms for warehouse supply chains reduces overhead storage costs by roughly fifteen percent globally. This study will serve as our primary benchmark for corporate productivity.,What is the main goal of discussing this method?,Pertanyaan informasi spesifik. Pembicara menyebutkan bahwa tujuan studi ini adalah sebagai tolok ukur baru bagi produktivitas perusahaan.
11,Part A (Suggestion),listening_simulation_6.mp3,A,Take immediate action to delegate the administrative tasks to the assistant.,Ignore the supervisor and quit the current position.,Continue working despite being drowning under the immense workload this week.,Submit the report without reviewing the guidelines.,"Man: I am totally drowning under the immense workload this week. 
Woman: Why don't you delegate the administrative tasks to the assistant before doing anything else? 
Narrator: What does the woman suggest the man do?",What does the woman suggest the man do?,Menguji struktur pemberian saran menggunakan pola 'Why don't you...'. Wanita menyarankan pria agar delegate the administrative tasks to the assistant.
12,Part B: Long Conversation,listening_simulation_7.mp3,A,She is having a terrible misunderstanding with the logistics team.,She forgot to attend the lunch meeting.,She lost the printed memo.,She wants to change teams.,"Man: Hi Jane, did you get the memo about the customer feedback compilation? 
Woman: Yes, but I am having a terrible misunderstanding with the logistics team. 
Man: Don't worry. Let's grab lunch and we can review the training video manual sent by the coordinator together.",What is the woman's main concern?,Pertanyaan mengenai permasalahan utama pembicara wanita. Wanita mengeluh bahwa ia sedang mengalami kendala yaitu having a terrible misunderstanding with the logistics team.
13,Part B: Long Conversation,listening_simulation_7.mp3,B,Cancel the project entirely.,Eat lunch and review the training video manual sent by the coordinator.,Call the department head.,Buy a new digital manual.,"Man: Hi Jane, did you get the memo about the customer feedback compilation? 
Woman: Yes, but I am having a terrible misunderstanding with the logistics team. 
Man: Don't worry. Let's grab lunch and we can review the training video manual sent by the coordinator together.",What do the speakers plan to do?,Pertanyaan mengenai rencana tindakan. Pria mengajak wanita untuk makan siang bersama sambil melakukan penyelesaian yaitu review the training video manual sent by the coordinator.
14,Part C: Academic Talks,listening_simulation_8.mp3,A,A comprehensive analysis of conflict resolution in corporate teams.,An announcement about office vacation.,A historical overview of banking.,A health insurance policy briefing.,Speaker: Good morning class. Today we will explore conflict resolution in corporate teams. Establishing clear communication channels and setting neutral boundaries early helps prevent personal bias from derailing collaborative milestones. This study will serve as our primary benchmark for corporate productivity.,What is the primary subject of the talk?,Pertanyaan mengenai gagasan utama kuliah akademik. Pembicara menyatakan bahwa pembahasan hari ini berpusat pada analisis conflict resolution in corporate teams.
15,Part C: Academic Talks,listening_simulation_8.mp3,B,To reduce employee salaries.,To set a new benchmark for corporate productivity.,To redecorate the executive lounge.,To audit the accounting software.,Speaker: Good morning class. Today we will explore conflict resolution in corporate teams. Establishing clear communication channels and setting neutral boundaries early helps prevent personal bias from derailing collaborative milestones. This study will serve as our primary benchmark for corporate productivity.,What is the main goal of discussing this method?,Pertanyaan informasi spesifik. Pembicara menyebutkan bahwa tujuan studi ini adalah sebagai tolok ukur baru bagi produktivitas perusahaan.
16,Part A (Agreement),listening_simulation_9.mp3,B,She wants the man to repeat his statement about the timeline.,She completely agrees that the workload schedule is too demanding.,She thinks the project has already been canceled.,She prefers to work late at night rather than early morning.,"Man: The timeline to finish the quarterly inventory log is absurdly tight. 
Woman: You can say that again! I've been working non-stop since dawn. 
Narrator: What does the woman mean?",What does the woman mean?,Menguji ekspresi persetujuan (Agreement) 'You can say that again!' yang berarti pembicara kedua sangat setuju dengan pendapat pembicara pertama.
17,Part A (Suggestion),listening_simulation_10.mp3,A,Take immediate action to review the training video manual sent by the coordinator.,Ignore the supervisor and quit the current position.,Continue working despite being completely lost and confused about the guidelines.,Submit the report without reviewing the guidelines.,"Man: I am totally completely lost and confused about the guidelines. 
Woman: Why don't you review the training video manual sent by the coordinator before doing anything else? 
Narrator: What does the woman suggest the man do?",What does the woman suggest the man do?,Menguji struktur pemberian saran menggunakan pola 'Why don't you...'. Wanita menyarankan pria agar review the training video manual sent by the coordinator.
18,Part A (Suggestion),listening_simulation_11.mp3,A,Take immediate action to delegate the administrative tasks to the assistant.,Ignore the supervisor and quit the current position.,Continue working despite being having a terrible misunderstanding with the logistics team.,Submit the report without reviewing the guidelines.,"Man: I am totally having a terrible misunderstanding with the logistics team. 
Woman: Why don't you delegate the administrative tasks to the assistant before doing anything else? 
Narrator: What does the woman suggest the man do?",What does the woman suggest the man do?,Menguji struktur pemberian saran menggunakan pola 'Why don't you...'. Wanita menyarankan pria agar delegate the administrative tasks to the assistant.
19,Part B: Long Conversation,listening_simulation_12.mp3,A,She is drowning under the immense workload this week.,She forgot to attend the lunch meeting.,She lost the printed memo.,She wants to change teams.,"Man: Hi Jane, did you get the memo about the annual tax report? 
Woman: Yes, but I am drowning under the immense workload this week. 
Man: Don't worry. Let's grab lunch and we can review the training video manual sent by the coordinator together.",What is the woman's main concern?,Pertanyaan mengenai permasalahan utama pembicara wanita. Wanita mengeluh bahwa ia sedang mengalami kendala yaitu drowning under the immense workload this week.
20,Part B: Long Conversation,listening_simulation_12.mp3,B,Cancel the project entirely.,Eat lunch and review the training video manual sent by the coordinator.,Call the department head.,Buy a new digital manual.,"Man: Hi Jane, did you get the memo about the annual tax report? 
Woman: Yes, but I am drowning under the immense workload this week. 
Man: Don't worry. Let's grab lunch and we can review the training video manual sent by the coordinator together.",What do the speakers plan to do?,Pertanyaan mengenai rencana tindakan. Pria mengajak wanita untuk makan siang bersama sambil melakukan penyelesaian yaitu review the training video manual sent by the coordinator.
21,Part A (Suggestion),listening_simulation_13.mp3,A,Take immediate action to take a fifteen-minute walk to clear your mind.,Ignore the supervisor and quit the current position.,Continue working despite being unable to back up the data before the computer crashed.,Submit the report without reviewing the guidelines.,"Man: I am totally unable to back up the data before the computer crashed. 
Woman: Why don't you take a fifteen-minute walk to clear your mind before doing anything else? 
Narrator: What does the woman suggest the man do?",What does the woman suggest the man do?,Menguji struktur pemberian saran menggunakan pola 'Why don't you...'. Wanita menyarankan pria agar take a fifteen-minute walk to clear your mind.
22,Part A (Agreement),listening_simulation_14.mp3,B,She wants the man to repeat his statement about the timeline.,She completely agrees that the workload schedule is too demanding.,She thinks the project has already been canceled.,She prefers to work late at night rather than early morning.,"Man: The timeline to finish the recruitment interview schedule is absurdly tight. 
Woman: You can say that again! I've been working non-stop since dawn. 
Narrator: What does the woman mean?",What does the woman mean?,Menguji ekspresi persetujuan (Agreement) 'You can say that again!' yang berarti pembicara kedua sangat setuju dengan pendapat pembicara pertama.
23,Part B: Long Conversation,listening_simulation_15.mp3,A,She is having a terrible misunderstanding with the logistics team.,She forgot to attend the lunch meeting.,She lost the printed memo.,She wants to change teams.,"Man: Hi Jane, did you get the memo about the annual tax report? 
Woman: Yes, but I am having a terrible misunderstanding with the logistics team. 
Man: Don't worry. Let's grab lunch and we can delegate the administrative tasks to the assistant together.",What is the woman's main concern?,Pertanyaan mengenai permasalahan utama pembicara wanita. Wanita mengeluh bahwa ia sedang mengalami kendala yaitu having a terrible misunderstanding with the logistics team.
24,Part B: Long Conversation,listening_simulation_15.mp3,B,Cancel the project entirely.,Eat lunch and delegate the administrative tasks to the assistant.,Call the department head.,Buy a new digital manual.,"Man: Hi Jane, did you get the memo about the annual tax report? 
Woman: Yes, but I am having a terrible misunderstanding with the logistics team. 
Man: Don't worry. Let's grab lunch and we can delegate the administrative tasks to the assistant together.",What do the speakers plan to do?,Pertanyaan mengenai rencana tindakan. Pria mengajak wanita untuk makan siang bersama sambil melakukan penyelesaian yaitu delegate the administrative tasks to the assistant.
25,Part A (Idiom),listening_simulation_16.mp3,B,The man is sitting on the office boundary fence.,The man is undecided and needs to make a firm choice.,The man already completed the assigned spreadsheet.,The man wants to complain to the supervisor.,"Man: I am honestly still on the fence about finalizing the customer feedback compilation. 
Woman: You need to make up your mind quickly, or the project manager will be very disappointed. 
Narrator: What does the woman imply about the man?",What does the woman imply about the man?,Menguji idiom 'on the fence' (ragu-ragu) dan 'make up your mind' (mengambil keputusan). Pilihan B benar karena merefrasa makna idiom tersebut secara akurat.
26,Part B: Long Conversation,listening_simulation_17.mp3,A,She is having a terrible misunderstanding with the logistics team.,She forgot to attend the lunch meeting.,She lost the printed memo.,She wants to change teams.,"Man: Hi Jane, did you get the memo about the client's presentation slides? 
Woman: Yes, but I am having a terrible misunderstanding with the logistics team. 
Man: Don't worry. Let's grab lunch and we can request a temporary extension from the management together.",What is the woman's main concern?,Pertanyaan mengenai permasalahan utama pembicara wanita. Wanita mengeluh bahwa ia sedang mengalami kendala yaitu having a terrible misunderstanding with the logistics team.
27,Part B: Long Conversation,listening_simulation_17.mp3,B,Cancel the project entirely.,Eat lunch and request a temporary extension from the management.,Call the department head.,Buy a new digital manual.,"Man: Hi Jane, did you get the memo about the client's presentation slides? 
Woman: Yes, but I am having a terrible misunderstanding with the logistics team. 
Man: Don't worry. Let's grab lunch and we can request a temporary extension from the management together.",What do the speakers plan to do?,Pertanyaan mengenai rencana tindakan. Pria mengajak wanita untuk makan siang bersama sambil melakukan penyelesaian yaitu request a temporary extension from the management.
28,Part B: Long Conversation,listening_simulation_18.mp3,A,She is struggling to meet the tight deadline set by the executive board.,She forgot to attend the lunch meeting.,She lost the printed memo.,She wants to change teams.,"Man: Hi Jane, did you get the memo about the quarterly budget spreadsheet? 
Woman: Yes, but I am struggling to meet the tight deadline set by the executive board. 
Man: Don't worry. Let's grab lunch and we can request a temporary extension from the management together.",What is the woman's main concern?,Pertanyaan mengenai permasalahan utama pembicara wanita. Wanita mengeluh bahwa ia sedang mengalami kendala yaitu struggling to meet the tight deadline set by the executive board.
29,Part B: Long Conversation,listening_simulation_18.mp3,B,Cancel the project entirely.,Eat lunch and request a temporary extension from the management.,Call the department head.,Buy a new digital manual.,"Man: Hi Jane, did you get the memo about the quarterly budget spreadsheet? 
Woman: Yes, but I am struggling to meet the tight deadline set by the executive board. 
Man: Don't worry. Let's grab lunch and we can request a temporary extension from the management together.",What do the speakers plan to do?,Pertanyaan mengenai rencana tindakan. Pria mengajak wanita untuk makan siang bersama sambil melakukan penyelesaian yaitu request a temporary extension from the management.
30,Part C: Academic Talks,listening_simulation_19.mp3,A,A comprehensive analysis of the impact of artificial intelligence on logistics.,An announcement about office vacation.,A historical overview of banking.,A health insurance policy briefing.,Speaker: Good morning class. Today we will explore the impact of artificial intelligence on logistics. Using predictive algorithms for warehouse supply chains reduces overhead storage costs by roughly fifteen percent globally. This study will serve as our primary benchmark for corporate productivity.,What is the primary subject of the talk?,Pertanyaan mengenai gagasan utama kuliah akademik. Pembicara menyatakan bahwa pembahasan hari ini berpusat pada analisis the impact of artificial intelligence on logistics.
31,Part C: Academic Talks,listening_simulation_19.mp3,B,To reduce employee salaries.,To set a new benchmark for corporate productivity.,To redecorate the executive lounge.,To audit the accounting software.,Speaker: Good morning class. Today we will explore the impact of artificial intelligence on logistics. Using predictive algorithms for warehouse supply chains reduces overhead storage costs by roughly fifteen percent globally. This study will serve as our primary benchmark for corporate productivity.,What is the main goal of discussing this method?,Pertanyaan informasi spesifik. Pembicara menyebutkan bahwa tujuan studi ini adalah sebagai tolok ukur baru bagi produktivitas perusahaan.
32,Part A (Idiom),listening_simulation_20.mp3,B,The man is sitting on the office boundary fence.,The man is undecided and needs to make a firm choice.,The man already completed the assigned spreadsheet.,The man wants to complain to the supervisor.,"Man: I am honestly still on the fence about finalizing the office relocation plan. 
Woman: You need to make up your mind quickly, or the new intern will be very disappointed. 
Narrator: What does the woman imply about the man?",What does the woman imply about the man?,Menguji idiom 'on the fence' (ragu-ragu) dan 'make up your mind' (mengambil keputusan). Pilihan B benar karena merefrasa makna idiom tersebut secara akurat.
33,Part C: Academic Talks,listening_simulation_21.mp3,A,A comprehensive analysis of the psychology of consumer choice.,An announcement about office vacation.,A historical overview of banking.,A health insurance policy briefing.,"Speaker: Good morning class. Today we will explore the psychology of consumer choice. Limiting the number of options on a retail display reduces decision fatigue, which paradoxically increases the final conversion rate by thirty percent. This study will serve as our primary benchmark for corporate productivity.",What is the primary subject of the talk?,Pertanyaan mengenai gagasan utama kuliah akademik. Pembicara menyatakan bahwa pembahasan hari ini berpusat pada analisis the psychology of consumer choice.
34,Part C: Academic Talks,listening_simulation_21.mp3,B,To reduce employee salaries.,To set a new benchmark for corporate productivity.,To redecorate the executive lounge.,To audit the accounting software.,"Speaker: Good morning class. Today we will explore the psychology of consumer choice. Limiting the number of options on a retail display reduces decision fatigue, which paradoxically increases the final conversion rate by thirty percent. This study will serve as our primary benchmark for corporate productivity.",What is the main goal of discussing this method?,Pertanyaan informasi spesifik. Pembicara menyebutkan bahwa tujuan studi ini adalah sebagai tolok ukur baru bagi produktivitas perusahaan.
35,Part A (Idiom),listening_simulation_22.mp3,B,The man is sitting on the office boundary fence.,The man is undecided and needs to make a firm choice.,The man already completed the assigned spreadsheet.,The man wants to complain to the supervisor.,"Man: I am honestly still on the fence about finalizing the social media campaign draft. 
Woman: You need to make up your mind quickly, or the financial auditor will be very disappointed. 
Narrator: What does the woman imply about the man?",What does the woman imply about the man?,Menguji idiom 'on the fence' (ragu-ragu) dan 'make up your mind' (mengambil keputusan). Pilihan B benar karena merefrasa makna idiom tersebut secara akurat.
36,Part A (Suggestion),listening_simulation_23.mp3,A,Take immediate action to take a fifteen-minute walk to clear your mind.,Ignore the supervisor and quit the current position.,Continue working despite being having a terrible misunderstanding with the logistics team.,Submit the report without reviewing the guidelines.,"Man: I am totally having a terrible misunderstanding with the logistics team. 
Woman: Why don't you take a fifteen-minute walk to clear your mind before doing anything else? 
Narrator: What does the woman suggest the man do?",What does the woman suggest the man do?,Menguji struktur pemberian saran menggunakan pola 'Why don't you...'. Wanita menyarankan pria agar take a fifteen-minute walk to clear your mind.
37,Part C: Academic Talks,listening_simulation_24.mp3,A,A comprehensive analysis of conflict resolution in corporate teams.,An announcement about office vacation.,A historical overview of banking.,A health insurance policy briefing.,Speaker: Good morning class. Today we will explore conflict resolution in corporate teams. Establishing clear communication channels and setting neutral boundaries early helps prevent personal bias from derailing collaborative milestones. This study will serve as our primary benchmark for corporate productivity.,What is the primary subject of the talk?,Pertanyaan mengenai gagasan utama kuliah akademik. Pembicara menyatakan bahwa pembahasan hari ini berpusat pada analisis conflict resolution in corporate teams.
38,Part C: Academic Talks,listening_simulation_24.mp3,B,To reduce employee salaries.,To set a new benchmark for corporate productivity.,To redecorate the executive lounge.,To audit the accounting software.,Speaker: Good morning class. Today we will explore conflict resolution in corporate teams. Establishing clear communication channels and setting neutral boundaries early helps prevent personal bias from derailing collaborative milestones. This study will serve as our primary benchmark for corporate productivity.,What is the main goal of discussing this method?,Pertanyaan informasi spesifik. Pembicara menyebutkan bahwa tujuan studi ini adalah sebagai tolok ukur baru bagi produktivitas perusahaan.
39,Part B: Long Conversation,listening_simulation_25.mp3,A,She is drowning under the immense workload this week.,She forgot to attend the lunch meeting.,She lost the printed memo.,She wants to change teams.,"Man: Hi Jane, did you get the memo about the quarterly inventory log? 
Woman: Yes, but I am drowning under the immense workload this week. 
Man: Don't worry. Let's grab lunch and we can schedule an urgent one-on-one meeting with the director together.",What is the woman's main concern?,Pertanyaan mengenai permasalahan utama pembicara wanita. Wanita mengeluh bahwa ia sedang mengalami kendala yaitu drowning under the immense workload this week.
40,Part B: Long Conversation,listening_simulation_25.mp3,B,Cancel the project entirely.,Eat lunch and schedule an urgent one-on-one meeting with the director.,Call the department head.,Buy a new digital manual.,"Man: Hi Jane, did you get the memo about the quarterly inventory log? 
Woman: Yes, but I am drowning under the immense workload this week. 
Man: Don't worry. Let's grab lunch and we can schedule an urgent one-on-one meeting with the director together.",What do the speakers plan to do?,Pertanyaan mengenai rencana tindakan. Pria mengajak wanita untuk makan siang bersama sambil melakukan penyelesaian yaitu schedule an urgent one-on-one meeting with the director.
41,Part B: Long Conversation,listening_simulation_26.mp3,A,She is completely lost and confused about the guidelines.,She forgot to attend the lunch meeting.,She lost the printed memo.,She wants to change teams.,"Man: Hi Jane, did you get the memo about the client's presentation slides? 
Woman: Yes, but I am completely lost and confused about the guidelines. 
Man: Don't worry. Let's grab lunch and we can delegate the administrative tasks to the assistant together.",What is the woman's main concern?,Pertanyaan mengenai permasalahan utama pembicara wanita. Wanita mengeluh bahwa ia sedang mengalami kendala yaitu completely lost and confused about the guidelines.
42,Part B: Long Conversation,listening_simulation_26.mp3,B,Cancel the project entirely.,Eat lunch and delegate the administrative tasks to the assistant.,Call the department head.,Buy a new digital manual.,"Man: Hi Jane, did you get the memo about the client's presentation slides? 
Woman: Yes, but I am completely lost and confused about the guidelines. 
Man: Don't worry. Let's grab lunch and we can delegate the administrative tasks to the assistant together.",What do the speakers plan to do?,Pertanyaan mengenai rencana tindakan. Pria mengajak wanita untuk makan siang bersama sambil melakukan penyelesaian yaitu delegate the administrative tasks to the assistant.
43,Part B: Long Conversation,listening_simulation_27.mp3,A,She is unable to back up the data before the computer crashed.,She forgot to attend the lunch meeting.,She lost the printed memo.,She wants to change teams.,"Man: Hi Jane, did you get the memo about the office relocation plan? 
Woman: Yes, but I am unable to back up the data before the computer crashed. 
Man: Don't worry. Let's grab lunch and we can request a temporary extension from the management together.",What is the woman's main concern?,Pertanyaan mengenai permasalahan utama pembicara wanita. Wanita mengeluh bahwa ia sedang mengalami kendala yaitu unable to back up the data before the computer crashed.
44,Part B: Long Conversation,listening_simulation_27.mp3,B,Cancel the project entirely.,Eat lunch and request a temporary extension from the management.,Call the department head.,Buy a new digital manual.,"Man: Hi Jane, did you get the memo about the office relocation plan? 
Woman: Yes, but I am unable to back up the data before the computer crashed. 
Man: Don't worry. Let's grab lunch and we can request a temporary extension from the management together.",What do the speakers plan to do?,Pertanyaan mengenai rencana tindakan. Pria mengajak wanita untuk makan siang bersama sambil melakukan penyelesaian yaitu request a temporary extension from the management.
45,Part A (Suggestion),listening_simulation_28.mp3,A,Take immediate action to request a temporary extension from the management.,Ignore the supervisor and quit the current position.,Continue working despite being drowning under the immense workload this week.,Submit the report without reviewing the guidelines.,"Man: I am totally drowning under the immense workload this week. 
Woman: Why don't you request a temporary extension from the management before doing anything else? 
Narrator: What does the woman suggest the man do?",What does the woman suggest the man do?,Menguji struktur pemberian saran menggunakan pola 'Why don't you...'. Wanita menyarankan pria agar request a temporary extension from the management.
46,Part B: Long Conversation,listening_simulation_29.mp3,A,She is drowning under the immense workload this week.,She forgot to attend the lunch meeting.,She lost the printed memo.,She wants to change teams.,"Man: Hi Jane, did you get the memo about the quarterly inventory log? 
Woman: Yes, but I am drowning under the immense workload this week. 
Man: Don't worry. Let's grab lunch and we can take a fifteen-minute walk to clear your mind together.",What is the woman's main concern?,Pertanyaan mengenai permasalahan utama pembicara wanita. Wanita mengeluh bahwa ia sedang mengalami kendala yaitu drowning under the immense workload this week.
47,Part B: Long Conversation,listening_simulation_29.mp3,B,Cancel the project entirely.,Eat lunch and take a fifteen-minute walk to clear your mind.,Call the department head.,Buy a new digital manual.,"Man: Hi Jane, did you get the memo about the quarterly inventory log? 
Woman: Yes, but I am drowning under the immense workload this week. 
Man: Don't worry. Let's grab lunch and we can take a fifteen-minute walk to clear your mind together.",What do the speakers plan to do?,Pertanyaan mengenai rencana tindakan. Pria mengajak wanita untuk makan siang bersama sambil melakukan penyelesaian yaitu take a fifteen-minute walk to clear your mind.
48,Part C: Academic Talks,listening_simulation_30.mp3,A,A comprehensive analysis of sustainable workplace design.,An announcement about office vacation.,A historical overview of banking.,A health insurance policy briefing.,"Speaker: Good morning class. Today we will explore sustainable workplace design. By introducing natural lighting and ergonomic furniture, companies report a twenty percent decrease in employee absenteeism and a massive boost in daily focus. This study will serve as our primary benchmark for corporate productivity.",What is the primary subject of the talk?,Pertanyaan mengenai gagasan utama kuliah akademik. Pembicara menyatakan bahwa pembahasan hari ini berpusat pada analisis sustainable workplace design.
49,Part C: Academic Talks,listening_simulation_30.mp3,B,To reduce employee salaries.,To set a new benchmark for corporate productivity.,To redecorate the executive lounge.,To audit the accounting software.,"Speaker: Good morning class. Today we will explore sustainable workplace design. By introducing natural lighting and ergonomic furniture, companies report a twenty percent decrease in employee absenteeism and a massive boost in daily focus. This study will serve as our primary benchmark for corporate productivity.",What is the main goal of discussing this method?,Pertanyaan informasi spesifik. Pembicara menyebutkan bahwa tujuan studi ini adalah sebagai tolok ukur baru bagi produktivitas perusahaan.
50,Part C: Academic Talks,listening_simulation_31.mp3,A,A comprehensive analysis of the impact of artificial intelligence on logistics.,An announcement about office vacation.,A historical overview of banking.,A health insurance policy briefing.,Speaker: Good morning class. Today we will explore the impact of artificial intelligence on logistics. Using predictive algorithms for warehouse supply chains reduces overhead storage costs by roughly fifteen percent globally. This study will serve as our primary benchmark for corporate productivity.,What is the primary subject of the talk?,Pertanyaan mengenai gagasan utama kuliah akademik. Pembicara menyatakan bahwa pembahasan hari ini berpusat pada analisis the impact of artificial intelligence on logistics.
51,Part C: Academic Talks,listening_simulation_31.mp3,B,To reduce employee salaries.,To set a new benchmark for corporate productivity.,To redecorate the executive lounge.,To audit the accounting software.,Speaker: Good morning class. Today we will explore the impact of artificial intelligence on logistics. Using predictive algorithms for warehouse supply chains reduces overhead storage costs by roughly fifteen percent globally. This study will serve as our primary benchmark for corporate productivity.,What is the main goal of discussing this method?,Pertanyaan informasi spesifik. Pembicara menyebutkan bahwa tujuan studi ini adalah sebagai tolok ukur baru bagi produktivitas perusahaan.
52,Part C: Academic Talks,listening_simulation_32.mp3,A,A comprehensive analysis of the impact of artificial intelligence on logistics.,An announcement about office vacation.,A historical overview of banking.,A health insurance policy briefing.,Speaker: Good morning class. Today we will explore the impact of artificial intelligence on logistics. Using predictive algorithms for warehouse supply chains reduces overhead storage costs by roughly fifteen percent globally. This study will serve as our primary benchmark for corporate productivity.,What is the primary subject of the talk?,Pertanyaan mengenai gagasan utama kuliah akademik. Pembicara menyatakan bahwa pembahasan hari ini berpusat pada analisis the impact of artificial intelligence on logistics.
53,Part C: Academic Talks,listening_simulation_32.mp3,B,To reduce employee salaries.,To set a new benchmark for corporate productivity.,To redecorate the executive lounge.,To audit the accounting software.,Speaker: Good morning class. Today we will explore the impact of artificial intelligence on logistics. Using predictive algorithms for warehouse supply chains reduces overhead storage costs by roughly fifteen percent globally. This study will serve as our primary benchmark for corporate productivity.,What is the main goal of discussing this method?,Pertanyaan informasi spesifik. Pembicara menyebutkan bahwa tujuan studi ini adalah sebagai tolok ukur baru bagi produktivitas perusahaan.
54,Part A (Suggestion),listening_simulation_33.mp3,A,Take immediate action to request a temporary extension from the management.,Ignore the supervisor and quit the current position.,Continue working despite being having a terrible misunderstanding with the logistics team.,Submit the report without reviewing the guidelines.,"Man: I am totally having a terrible misunderstanding with the logistics team. 
Woman: Why don't you request a temporary extension from the management before doing anything else? 
Narrator: What does the woman suggest the man do?",What does the woman suggest the man do?,Menguji struktur pemberian saran menggunakan pola 'Why don't you...'. Wanita menyarankan pria agar request a temporary extension from the management.
55,Part C: Academic Talks,listening_simulation_34.mp3,A,A comprehensive analysis of conflict resolution in corporate teams.,An announcement about office vacation.,A historical overview of banking.,A health insurance policy briefing.,Speaker: Good morning class. Today we will explore conflict resolution in corporate teams. Establishing clear communication channels and setting neutral boundaries early helps prevent personal bias from derailing collaborative milestones. This study will serve as our primary benchmark for corporate productivity.,What is the primary subject of the talk?,Pertanyaan mengenai gagasan utama kuliah akademik. Pembicara menyatakan bahwa pembahasan hari ini berpusat pada analisis conflict resolution in corporate teams.
56,Part C: Academic Talks,listening_simulation_34.mp3,B,To reduce employee salaries.,To set a new benchmark for corporate productivity.,To redecorate the executive lounge.,To audit the accounting software.,Speaker: Good morning class. Today we will explore conflict resolution in corporate teams. Establishing clear communication channels and setting neutral boundaries early helps prevent personal bias from derailing collaborative milestones. This study will serve as our primary benchmark for corporate productivity.,What is the main goal of discussing this method?,Pertanyaan informasi spesifik. Pembicara menyebutkan bahwa tujuan studi ini adalah sebagai tolok ukur baru bagi produktivitas perusahaan.
57,Part A (Idiom),listening_simulation_35.mp3,B,The man is sitting on the office boundary fence.,The man is undecided and needs to make a firm choice.,The man already completed the assigned spreadsheet.,The man wants to complain to the supervisor.,"Man: I am honestly still on the fence about finalizing the annual tax report. 
Woman: You need to make up your mind quickly, or the marketing coordinator will be very disappointed. 
Narrator: What does the woman imply about the man?",What does the woman imply about the man?,Menguji idiom 'on the fence' (ragu-ragu) dan 'make up your mind' (mengambil keputusan). Pilihan B benar karena merefrasa makna idiom tersebut secara akurat.
58,Part C: Academic Talks,listening_simulation_36.mp3,A,A comprehensive analysis of the psychology of consumer choice.,An announcement about office vacation.,A historical overview of banking.,A health insurance policy briefing.,"Speaker: Good morning class. Today we will explore the psychology of consumer choice. Limiting the number of options on a retail display reduces decision fatigue, which paradoxically increases the final conversion rate by thirty percent. This study will serve as our primary benchmark for corporate productivity.",What is the primary subject of the talk?,Pertanyaan mengenai gagasan utama kuliah akademik. Pembicara menyatakan bahwa pembahasan hari ini berpusat pada analisis the psychology of consumer choice.
59,Part C: Academic Talks,listening_simulation_36.mp3,B,To reduce employee salaries.,To set a new benchmark for corporate productivity.,To redecorate the executive lounge.,To audit the accounting software.,"Speaker: Good morning class. Today we will explore the psychology of consumer choice. Limiting the number of options on a retail display reduces decision fatigue, which paradoxically increases the final conversion rate by thirty percent. This study will serve as our primary benchmark for corporate productivity.",What is the main goal of discussing this method?,Pertanyaan informasi spesifik. Pembicara menyebutkan bahwa tujuan studi ini adalah sebagai tolok ukur baru bagi produktivitas perusahaan.
60,Part C: Academic Talks,listening_simulation_37.mp3,A,A comprehensive analysis of sustainable workplace design.,An announcement about office vacation.,A historical overview of banking.,A health insurance policy briefing.,"Speaker: Good morning class. Today we will explore sustainable workplace design. By introducing natural lighting and ergonomic furniture, companies report a twenty percent decrease in employee absenteeism and a massive boost in daily focus. This study will serve as our primary benchmark for corporate productivity.",What is the primary subject of the talk?,Pertanyaan mengenai gagasan utama kuliah akademik. Pembicara menyatakan bahwa pembahasan hari ini berpusat pada analisis sustainable workplace design.
61,Part C: Academic Talks,listening_simulation_37.mp3,B,To reduce employee salaries.,To set a new benchmark for corporate productivity.,To redecorate the executive lounge.,To audit the accounting software.,"Speaker: Good morning class. Today we will explore sustainable workplace design. By introducing natural lighting and ergonomic furniture, companies report a twenty percent decrease in employee absenteeism and a massive boost in daily focus. This study will serve as our primary benchmark for corporate productivity.",What is the main goal of discussing this method?,Pertanyaan informasi spesifik. Pembicara menyebutkan bahwa tujuan studi ini adalah sebagai tolok ukur baru bagi produktivitas perusahaan.
62,Part C: Academic Talks,listening_simulation_38.mp3,A,A comprehensive analysis of the psychology of consumer choice.,An announcement about office vacation.,A historical overview of banking.,A health insurance policy briefing.,"Speaker: Good morning class. Today we will explore the psychology of consumer choice. Limiting the number of options on a retail display reduces decision fatigue, which paradoxically increases the final conversion rate by thirty percent. This study will serve as our primary benchmark for corporate productivity.",What is the primary subject of the talk?,Pertanyaan mengenai gagasan utama kuliah akademik. Pembicara menyatakan bahwa pembahasan hari ini berpusat pada analisis the psychology of consumer choice.
63,Part C: Academic Talks,listening_simulation_38.mp3,B,To reduce employee salaries.,To set a new benchmark for corporate productivity.,To redecorate the executive lounge.,To audit the accounting software.,"Speaker: Good morning class. Today we will explore the psychology of consumer choice. Limiting the number of options on a retail display reduces decision fatigue, which paradoxically increases the final conversion rate by thirty percent. This study will serve as our primary benchmark for corporate productivity.",What is the main goal of discussing this method?,Pertanyaan informasi spesifik. Pembicara menyebutkan bahwa tujuan studi ini adalah sebagai tolok ukur baru bagi produktivitas perusahaan.
64,Part C: Academic Talks,listening_simulation_39.mp3,A,A comprehensive analysis of sustainable workplace design.,An announcement about office vacation.,A historical overview of banking.,A health insurance policy briefing.,"Speaker: Good morning class. Today we will explore sustainable workplace design. By introducing natural lighting and ergonomic furniture, companies report a twenty percent decrease in employee absenteeism and a massive boost in daily focus. This study will serve as our primary benchmark for corporate productivity.",What is the primary subject of the talk?,Pertanyaan mengenai gagasan utama kuliah akademik. Pembicara menyatakan bahwa pembahasan hari ini berpusat pada analisis sustainable workplace design.
65,Part C: Academic Talks,listening_simulation_39.mp3,B,To reduce employee salaries.,To set a new benchmark for corporate productivity.,To redecorate the executive lounge.,To audit the accounting software.,"Speaker: Good morning class. Today we will explore sustainable workplace design. By introducing natural lighting and ergonomic furniture, companies report a twenty percent decrease in employee absenteeism and a massive boost in daily focus. This study will serve as our primary benchmark for corporate productivity.",What is the main goal of discussing this method?,Pertanyaan informasi spesifik. Pembicara menyebutkan bahwa tujuan studi ini adalah sebagai tolok ukur baru bagi produktivitas perusahaan.
66,Part C: Academic Talks,listening_simulation_40.mp3,A,A comprehensive analysis of the impact of artificial intelligence on logistics.,An announcement about office vacation.,A historical overview of banking.,A health insurance policy briefing.,Speaker: Good morning class. Today we will explore the impact of artificial intelligence on logistics. Using predictive algorithms for warehouse supply chains reduces overhead storage costs by roughly fifteen percent globally. This study will serve as our primary benchmark for corporate productivity.,What is the primary subject of the talk?,Pertanyaan mengenai gagasan utama kuliah akademik. Pembicara menyatakan bahwa pembahasan hari ini berpusat pada analisis the impact of artificial intelligence on logistics.
67,Part C: Academic Talks,listening_simulation_40.mp3,B,To reduce employee salaries.,To set a new benchmark for corporate productivity.,To redecorate the executive lounge.,To audit the accounting software.,Speaker: Good morning class. Today we will explore the impact of artificial intelligence on logistics. Using predictive algorithms for warehouse supply chains reduces overhead storage costs by roughly fifteen percent globally. This study will serve as our primary benchmark for corporate productivity.,What is the main goal of discussing this method?,Pertanyaan informasi spesifik. Pembicara menyebutkan bahwa tujuan studi ini adalah sebagai tolok ukur baru bagi produktivitas perusahaan.
68,Part B: Long Conversation,listening_simulation_41.mp3,A,She is drowning under the immense workload this week.,She forgot to attend the lunch meeting.,She lost the printed memo.,She wants to change teams.,"Man: Hi Jane, did you get the memo about the recruitment interview schedule? 
Woman: Yes, but I am drowning under the immense workload this week. 
Man: Don't worry. Let's grab lunch and we can schedule an urgent one-on-one meeting with the director together.",What is the woman's main concern?,Pertanyaan mengenai permasalahan utama pembicara wanita. Wanita mengeluh bahwa ia sedang mengalami kendala yaitu drowning under the immense workload this week.
69,Part B: Long Conversation,listening_simulation_41.mp3,B,Cancel the project entirely.,Eat lunch and schedule an urgent one-on-one meeting with the director.,Call the department head.,Buy a new digital manual.,"Man: Hi Jane, did you get the memo about the recruitment interview schedule? 
Woman: Yes, but I am drowning under the immense workload this week. 
Man: Don't worry. Let's grab lunch and we can schedule an urgent one-on-one meeting with the director together.",What do the speakers plan to do?,Pertanyaan mengenai rencana tindakan. Pria mengajak wanita untuk makan siang bersama sambil melakukan penyelesaian yaitu schedule an urgent one-on-one meeting with the director.
70,Part B: Long Conversation,listening_simulation_42.mp3,A,She is drowning under the immense workload this week.,She forgot to attend the lunch meeting.,She lost the printed memo.,She wants to change teams.,"Man: Hi Jane, did you get the memo about the quarterly inventory log? 
Woman: Yes, but I am drowning under the immense workload this week. 
Man: Don't worry. Let's grab lunch and we can take a fifteen-minute walk to clear your mind together.",What is the woman's main concern?,Pertanyaan mengenai permasalahan utama pembicara wanita. Wanita mengeluh bahwa ia sedang mengalami kendala yaitu drowning under the immense workload this week.
71,Part B: Long Conversation,listening_simulation_42.mp3,B,Cancel the project entirely.,Eat lunch and take a fifteen-minute walk to clear your mind.,Call the department head.,Buy a new digital manual.,"Man: Hi Jane, did you get the memo about the quarterly inventory log? 
Woman: Yes, but I am drowning under the immense workload this week. 
Man: Don't worry. Let's grab lunch and we can take a fifteen-minute walk to clear your mind together.",What do the speakers plan to do?,Pertanyaan mengenai rencana tindakan. Pria mengajak wanita untuk makan siang bersama sambil melakukan penyelesaian yaitu take a fifteen-minute walk to clear your mind.
72,Part C: Academic Talks,listening_simulation_43.mp3,A,A comprehensive analysis of the impact of artificial intelligence on logistics.,An announcement about office vacation.,A historical overview of banking.,A health insurance policy briefing.,Speaker: Good morning class. Today we will explore the impact of artificial intelligence on logistics. Using predictive algorithms for warehouse supply chains reduces overhead storage costs by roughly fifteen percent globally. This study will serve as our primary benchmark for corporate productivity.,What is the primary subject of the talk?,Pertanyaan mengenai gagasan utama kuliah akademik. Pembicara menyatakan bahwa pembahasan hari ini berpusat pada analisis the impact of artificial intelligence on logistics.
73,Part C: Academic Talks,listening_simulation_43.mp3,B,To reduce employee salaries.,To set a new benchmark for corporate productivity.,To redecorate the executive lounge.,To audit the accounting software.,Speaker: Good morning class. Today we will explore the impact of artificial intelligence on logistics. Using predictive algorithms for warehouse supply chains reduces overhead storage costs by roughly fifteen percent globally. This study will serve as our primary benchmark for corporate productivity.,What is the main goal of discussing this method?,Pertanyaan informasi spesifik. Pembicara menyebutkan bahwa tujuan studi ini adalah sebagai tolok ukur baru bagi produktivitas perusahaan.
74,Part B: Long Conversation,listening_simulation_44.mp3,A,She is struggling to meet the tight deadline set by the executive board.,She forgot to attend the lunch meeting.,She lost the printed memo.,She wants to change teams.,"Man: Hi Jane, did you get the memo about the office relocation plan? 
Woman: Yes, but I am struggling to meet the tight deadline set by the executive board. 
Man: Don't worry. Let's grab lunch and we can request a temporary extension from the management together.",What is the woman's main concern?,Pertanyaan mengenai permasalahan utama pembicara wanita. Wanita mengeluh bahwa ia sedang mengalami kendala yaitu struggling to meet the tight deadline set by the executive board.
75,Part B: Long Conversation,listening_simulation_44.mp3,B,Cancel the project entirely.,Eat lunch and request a temporary extension from the management.,Call the department head.,Buy a new digital manual.,"Man: Hi Jane, did you get the memo about the office relocation plan? 
Woman: Yes, but I am struggling to meet the tight deadline set by the executive board. 
Man: Don't worry. Let's grab lunch and we can request a temporary extension from the management together.",What do the speakers plan to do?,Pertanyaan mengenai rencana tindakan. Pria mengajak wanita untuk makan siang bersama sambil melakukan penyelesaian yaitu request a temporary extension from the management.
76,Part C: Academic Talks,listening_simulation_45.mp3,A,A comprehensive analysis of sustainable workplace design.,An announcement about office vacation.,A historical overview of banking.,A health insurance policy briefing.,"Speaker: Good morning class. Today we will explore sustainable workplace design. By introducing natural lighting and ergonomic furniture, companies report a twenty percent decrease in employee absenteeism and a massive boost in daily focus. This study will serve as our primary benchmark for corporate productivity.",What is the primary subject of the talk?,Pertanyaan mengenai gagasan utama kuliah akademik. Pembicara menyatakan bahwa pembahasan hari ini berpusat pada analisis sustainable workplace design.
77,Part C: Academic Talks,listening_simulation_45.mp3,B,To reduce employee salaries.,To set a new benchmark for corporate productivity.,To redecorate the executive lounge.,To audit the accounting software.,"Speaker: Good morning class. Today we will explore sustainable workplace design. By introducing natural lighting and ergonomic furniture, companies report a twenty percent decrease in employee absenteeism and a massive boost in daily focus. This study will serve as our primary benchmark for corporate productivity.",What is the main goal of discussing this method?,Pertanyaan informasi spesifik. Pembicara menyebutkan bahwa tujuan studi ini adalah sebagai tolok ukur baru bagi produktivitas perusahaan.
78,Part B: Long Conversation,listening_simulation_46.mp3,A,She is unable to back up the data before the computer crashed.,She forgot to attend the lunch meeting.,She lost the printed memo.,She wants to change teams.,"Man: Hi Jane, did you get the memo about the customer feedback compilation? 
Woman: Yes, but I am unable to back up the data before the computer crashed. 
Man: Don't worry. Let's grab lunch and we can review the training video manual sent by the coordinator together.",What is the woman's main concern?,Pertanyaan mengenai permasalahan utama pembicara wanita. Wanita mengeluh bahwa ia sedang mengalami kendala yaitu unable to back up the data before the computer crashed.
79,Part B: Long Conversation,listening_simulation_46.mp3,B,Cancel the project entirely.,Eat lunch and review the training video manual sent by the coordinator.,Call the department head.,Buy a new digital manual.,"Man: Hi Jane, did you get the memo about the customer feedback compilation? 
Woman: Yes, but I am unable to back up the data before the computer crashed. 
Man: Don't worry. Let's grab lunch and we can review the training video manual sent by the coordinator together.",What do the speakers plan to do?,Pertanyaan mengenai rencana tindakan. Pria mengajak wanita untuk makan siang bersama sambil melakukan penyelesaian yaitu review the training video manual sent by the coordinator.
80,Part A (Agreement),listening_simulation_47.mp3,B,She wants the man to repeat his statement about the timeline.,She completely agrees that the workload schedule is too demanding.,She thinks the project has already been canceled.,She prefers to work late at night rather than early morning.,"Man: The timeline to finish the quarterly inventory log is absurdly tight. 
Woman: You can say that again! I've been working non-stop since dawn. 
Narrator: What does the woman mean?",What does the woman mean?,Menguji ekspresi persetujuan (Agreement) 'You can say that again!' yang berarti pembicara kedua sangat setuju dengan pendapat pembicara pertama.
81,Part A (Agreement),listening_simulation_48.mp3,B,She wants the man to repeat his statement about the timeline.,She completely agrees that the workload schedule is too demanding.,She thinks the project has already been canceled.,She prefers to work late at night rather than early morning.,"Man: The timeline to finish the office relocation plan is absurdly tight. 
Woman: You can say that again! I've been working non-stop since dawn. 
Narrator: What does the woman mean?",What does the woman mean?,Menguji ekspresi persetujuan (Agreement) 'You can say that again!' yang berarti pembicara kedua sangat setuju dengan pendapat pembicara pertama.
82,Part B: Long Conversation,listening_simulation_49.mp3,A,She is struggling to meet the tight deadline set by the executive board.,She forgot to attend the lunch meeting.,She lost the printed memo.,She wants to change teams.,"Man: Hi Jane, did you get the memo about the social media campaign draft? 
Woman: Yes, but I am struggling to meet the tight deadline set by the executive board. 
Man: Don't worry. Let's grab lunch and we can review the training video manual sent by the coordinator together.",What is the woman's main concern?,Pertanyaan mengenai permasalahan utama pembicara wanita. Wanita mengeluh bahwa ia sedang mengalami kendala yaitu struggling to meet the tight deadline set by the executive board.
83,Part B: Long Conversation,listening_simulation_49.mp3,B,Cancel the project entirely.,Eat lunch and review the training video manual sent by the coordinator.,Call the department head.,Buy a new digital manual.,"Man: Hi Jane, did you get the memo about the social media campaign draft? 
Woman: Yes, but I am struggling to meet the tight deadline set by the executive board. 
Man: Don't worry. Let's grab lunch and we can review the training video manual sent by the coordinator together.",What do the speakers plan to do?,Pertanyaan mengenai rencana tindakan. Pria mengajak wanita untuk makan siang bersama sambil melakukan penyelesaian yaitu review the training video manual sent by the coordinator.
84,Part C: Academic Talks,listening_simulation_50.mp3,A,A comprehensive analysis of sustainable workplace design.,An announcement about office vacation.,A historical overview of banking.,A health insurance policy briefing.,"Speaker: Good morning class. Today we will explore sustainable workplace design. By introducing natural lighting and ergonomic furniture, companies report a twenty percent decrease in employee absenteeism and a massive boost in daily focus. This study will serve as our primary benchmark for corporate productivity.",What is the primary subject of the talk?,Pertanyaan mengenai gagasan utama kuliah akademik. Pembicara menyatakan bahwa pembahasan hari ini berpusat pada analisis sustainable workplace design.
85,Part C: Academic Talks,listening_simulation_50.mp3,B,To reduce employee salaries.,To set a new benchmark for corporate productivity.,To redecorate the executive lounge.,To audit the accounting software.,"Speaker: Good morning class. Today we will explore sustainable workplace design. By introducing natural lighting and ergonomic furniture, companies report a twenty percent decrease in employee absenteeism and a massive boost in daily focus. This study will serve as our primary benchmark for corporate productivity.",What is the main goal of discussing this method?,Pertanyaan informasi spesifik. Pembicara menyebutkan bahwa tujuan studi ini adalah sebagai tolok ukur baru bagi produktivitas perusahaan.
86,Part B: Long Conversation,listening_simulation_51.mp3,A,She is having a terrible misunderstanding with the logistics team.,She forgot to attend the lunch meeting.,She lost the printed memo.,She wants to change teams.,"Man: Hi Jane, did you get the memo about the office relocation plan? 
Woman: Yes, but I am having a terrible misunderstanding with the logistics team. 
Man: Don't worry. Let's grab lunch and we can delegate the administrative tasks to the assistant together.",What is the woman's main concern?,Pertanyaan mengenai permasalahan utama pembicara wanita. Wanita mengeluh bahwa ia sedang mengalami kendala yaitu having a terrible misunderstanding with the logistics team.
87,Part B: Long Conversation,listening_simulation_51.mp3,B,Cancel the project entirely.,Eat lunch and delegate the administrative tasks to the assistant.,Call the department head.,Buy a new digital manual.,"Man: Hi Jane, did you get the memo about the office relocation plan? 
Woman: Yes, but I am having a terrible misunderstanding with the logistics team. 
Man: Don't worry. Let's grab lunch and we can delegate the administrative tasks to the assistant together.",What do the speakers plan to do?,Pertanyaan mengenai rencana tindakan. Pria mengajak wanita untuk makan siang bersama sambil melakukan penyelesaian yaitu delegate the administrative tasks to the assistant.
88,Part C: Academic Talks,listening_simulation_52.mp3,A,A comprehensive analysis of conflict resolution in corporate teams.,An announcement about office vacation.,A historical overview of banking.,A health insurance policy briefing.,Speaker: Good morning class. Today we will explore conflict resolution in corporate teams. Establishing clear communication channels and setting neutral boundaries early helps prevent personal bias from derailing collaborative milestones. This study will serve as our primary benchmark for corporate productivity.,What is the primary subject of the talk?,Pertanyaan mengenai gagasan utama kuliah akademik. Pembicara menyatakan bahwa pembahasan hari ini berpusat pada analisis conflict resolution in corporate teams.
89,Part C: Academic Talks,listening_simulation_52.mp3,B,To reduce employee salaries.,To set a new benchmark for corporate productivity.,To redecorate the executive lounge.,To audit the accounting software.,Speaker: Good morning class. Today we will explore conflict resolution in corporate teams. Establishing clear communication channels and setting neutral boundaries early helps prevent personal bias from derailing collaborative milestones. This study will serve as our primary benchmark for corporate productivity.,What is the main goal of discussing this method?,Pertanyaan informasi spesifik. Pembicara menyebutkan bahwa tujuan studi ini adalah sebagai tolok ukur baru bagi produktivitas perusahaan.
90,Part C: Academic Talks,listening_simulation_53.mp3,A,A comprehensive analysis of the impact of artificial intelligence on logistics.,An announcement about office vacation.,A historical overview of banking.,A health insurance policy briefing.,Speaker: Good morning class. Today we will explore the impact of artificial intelligence on logistics. Using predictive algorithms for warehouse supply chains reduces overhead storage costs by roughly fifteen percent globally. This study will serve as our primary benchmark for corporate productivity.,What is the primary subject of the talk?,Pertanyaan mengenai gagasan utama kuliah akademik. Pembicara menyatakan bahwa pembahasan hari ini berpusat pada analisis the impact of artificial intelligence on logistics.
91,Part C: Academic Talks,listening_simulation_53.mp3,B,To reduce employee salaries.,To set a new benchmark for corporate productivity.,To redecorate the executive lounge.,To audit the accounting software.,Speaker: Good morning class. Today we will explore the impact of artificial intelligence on logistics. Using predictive algorithms for warehouse supply chains reduces overhead storage costs by roughly fifteen percent globally. This study will serve as our primary benchmark for corporate productivity.,What is the main goal of discussing this method?,Pertanyaan informasi spesifik. Pembicara menyebutkan bahwa tujuan studi ini adalah sebagai tolok ukur baru bagi produktivitas perusahaan.
92,Part A (Idiom),listening_simulation_54.mp3,B,The man is sitting on the office boundary fence.,The man is undecided and needs to make a firm choice.,The man already completed the assigned spreadsheet.,The man wants to complain to the supervisor.,"Man: I am honestly still on the fence about finalizing the recruitment interview schedule. 
Woman: You need to make up your mind quickly, or the supervisor will be very disappointed. 
Narrator: What does the woman imply about the man?",What does the woman imply about the man?,Menguji idiom 'on the fence' (ragu-ragu) dan 'make up your mind' (mengambil keputusan). Pilihan B benar karena merefrasa makna idiom tersebut secara akurat.
93,Part B: Long Conversation,listening_simulation_55.mp3,A,She is drowning under the immense workload this week.,She forgot to attend the lunch meeting.,She lost the printed memo.,She wants to change teams.,"Man: Hi Jane, did you get the memo about the quarterly budget spreadsheet? 
Woman: Yes, but I am drowning under the immense workload this week. 
Man: Don't worry. Let's grab lunch and we can request a temporary extension from the management together.",What is the woman's main concern?,Pertanyaan mengenai permasalahan utama pembicara wanita. Wanita mengeluh bahwa ia sedang mengalami kendala yaitu drowning under the immense workload this week.
94,Part B: Long Conversation,listening_simulation_55.mp3,B,Cancel the project entirely.,Eat lunch and request a temporary extension from the management.,Call the department head.,Buy a new digital manual.,"Man: Hi Jane, did you get the memo about the quarterly budget spreadsheet? 
Woman: Yes, but I am drowning under the immense workload this week. 
Man: Don't worry. Let's grab lunch and we can request a temporary extension from the management together.",What do the speakers plan to do?,Pertanyaan mengenai rencana tindakan. Pria mengajak wanita untuk makan siang bersama sambil melakukan penyelesaian yaitu request a temporary extension from the management.
95,Part A (Idiom),listening_simulation_56.mp3,B,The man is sitting on the office boundary fence.,The man is undecided and needs to make a firm choice.,The man already completed the assigned spreadsheet.,The man wants to complain to the supervisor.,"Man: I am honestly still on the fence about finalizing the office relocation plan. 
Woman: You need to make up your mind quickly, or the supervisor will be very disappointed. 
Narrator: What does the woman imply about the man?",What does the woman imply about the man?,Menguji idiom 'on the fence' (ragu-ragu) dan 'make up your mind' (mengambil keputusan). Pilihan B benar karena merefrasa makna idiom tersebut secara akurat.
96,Part A (Agreement),listening_simulation_57.mp3,B,She wants the man to repeat his statement about the timeline.,She completely agrees that the workload schedule is too demanding.,She thinks the project has already been canceled.,She prefers to work late at night rather than early morning.,"Man: The timeline to finish the customer feedback compilation is absurdly tight. 
Woman: You can say that again! I've been working non-stop since dawn. 
Narrator: What does the woman mean?",What does the woman mean?,Menguji ekspresi persetujuan (Agreement) 'You can say that again!' yang berarti pembicara kedua sangat setuju dengan pendapat pembicara pertama.
97,Part A (Agreement),listening_simulation_58.mp3,B,She wants the man to repeat his statement about the timeline.,She completely agrees that the workload schedule is too demanding.,She thinks the project has already been canceled.,She prefers to work late at night rather than early morning.,"Man: The timeline to finish the quarterly inventory log is absurdly tight. 
Woman: You can say that again! I've been working non-stop since dawn. 
Narrator: What does the woman mean?",What does the woman mean?,Menguji ekspresi persetujuan (Agreement) 'You can say that again!' yang berarti pembicara kedua sangat setuju dengan pendapat pembicara pertama.
98,Part B: Long Conversation,listening_simulation_59.mp3,A,She is unable to back up the data before the computer crashed.,She forgot to attend the lunch meeting.,She lost the printed memo.,She wants to change teams.,"Man: Hi Jane, did you get the memo about the quarterly inventory log? 
Woman: Yes, but I am unable to back up the data before the computer crashed. 
Man: Don't worry. Let's grab lunch and we can request a temporary extension from the management together.",What is the woman's main concern?,Pertanyaan mengenai permasalahan utama pembicara wanita. Wanita mengeluh bahwa ia sedang mengalami kendala yaitu unable to back up the data before the computer crashed.
99,Part B: Long Conversation,listening_simulation_59.mp3,B,Cancel the project entirely.,Eat lunch and request a temporary extension from the management.,Call the department head.,Buy a new digital manual.,"Man: Hi Jane, did you get the memo about the quarterly inventory log? 
Woman: Yes, but I am unable to back up the data before the computer crashed. 
Man: Don't worry. Let's grab lunch and we can request a temporary extension from the management together.",What do the speakers plan to do?,Pertanyaan mengenai rencana tindakan. Pria mengajak wanita untuk makan siang bersama sambil melakukan penyelesaian yaitu request a temporary extension from the management.
100,Part B: Long Conversation,listening_simulation_60.mp3,A,She is unable to back up the data before the computer crashed.,She forgot to attend the lunch meeting.,She lost the printed memo.,She wants to change teams.,"Man: Hi Jane, did you get the memo about the social media campaign draft? 
Woman: Yes, but I am unable to back up the data before the computer crashed. 
Man: Don't worry. Let's grab lunch and we can review the training video manual sent by the coordinator together.",What is the woman's main concern?,Pertanyaan mengenai permasalahan utama pembicara wanita. Wanita mengeluh bahwa ia sedang mengalami kendala yaitu unable to back up the data before the computer crashed.
101,Part B: Long Conversation,listening_simulation_60.mp3,B,Cancel the project entirely.,Eat lunch and review the training video manual sent by the coordinator.,Call the department head.,Buy a new digital manual.,"Man: Hi Jane, did you get the memo about the social media campaign draft? 
Woman: Yes, but I am unable to back up the data before the computer crashed. 
Man: Don't worry. Let's grab lunch and we can review the training video manual sent by the coordinator together.",What do the speakers plan to do?,Pertanyaan mengenai rencana tindakan. Pria mengajak wanita untuk makan siang bersama sambil melakukan penyelesaian yaitu review the training video manual sent by the coordinator.
102,Part B: Long Conversation,listening_simulation_61.mp3,A,She is drowning under the immense workload this week.,She forgot to attend the lunch meeting.,She lost the printed memo.,She wants to change teams.,"Man: Hi Jane, did you get the memo about the social media campaign draft? 
Woman: Yes, but I am drowning under the immense workload this week. 
Man: Don't worry. Let's grab lunch and we can request a temporary extension from the management together.",What is the woman's main concern?,Pertanyaan mengenai permasalahan utama pembicara wanita. Wanita mengeluh bahwa ia sedang mengalami kendala yaitu drowning under the immense workload this week.
103,Part B: Long Conversation,listening_simulation_61.mp3,B,Cancel the project entirely.,Eat lunch and request a temporary extension from the management.,Call the department head.,Buy a new digital manual.,"Man: Hi Jane, did you get the memo about the social media campaign draft? 
Woman: Yes, but I am drowning under the immense workload this week. 
Man: Don't worry. Let's grab lunch and we can request a temporary extension from the management together.",What do the speakers plan to do?,Pertanyaan mengenai rencana tindakan. Pria mengajak wanita untuk makan siang bersama sambil melakukan penyelesaian yaitu request a temporary extension from the management.
104,Part C: Academic Talks,listening_simulation_62.mp3,A,A comprehensive analysis of the psychology of consumer choice.,An announcement about office vacation.,A historical overview of banking.,A health insurance policy briefing.,"Speaker: Good morning class. Today we will explore the psychology of consumer choice. Limiting the number of options on a retail display reduces decision fatigue, which paradoxically increases the final conversion rate by thirty percent. This study will serve as our primary benchmark for corporate productivity.",What is the primary subject of the talk?,Pertanyaan mengenai gagasan utama kuliah akademik. Pembicara menyatakan bahwa pembahasan hari ini berpusat pada analisis the psychology of consumer choice.
105,Part C: Academic Talks,listening_simulation_62.mp3,B,To reduce employee salaries.,To set a new benchmark for corporate productivity.,To redecorate the executive lounge.,To audit the accounting software.,"Speaker: Good morning class. Today we will explore the psychology of consumer choice. Limiting the number of options on a retail display reduces decision fatigue, which paradoxically increases the final conversion rate by thirty percent. This study will serve as our primary benchmark for corporate productivity.",What is the main goal of discussing this method?,Pertanyaan informasi spesifik. Pembicara menyebutkan bahwa tujuan studi ini adalah sebagai tolok ukur baru bagi produktivitas perusahaan.
106,Part B: Long Conversation,listening_simulation_63.mp3,A,She is struggling to meet the tight deadline set by the executive board.,She forgot to attend the lunch meeting.,She lost the printed memo.,She wants to change teams.,"Man: Hi Jane, did you get the memo about the social media campaign draft? 
Woman: Yes, but I am struggling to meet the tight deadline set by the executive board. 
Man: Don't worry. Let's grab lunch and we can schedule an urgent one-on-one meeting with the director together.",What is the woman's main concern?,Pertanyaan mengenai permasalahan utama pembicara wanita. Wanita mengeluh bahwa ia sedang mengalami kendala yaitu struggling to meet the tight deadline set by the executive board.
107,Part B: Long Conversation,listening_simulation_63.mp3,B,Cancel the project entirely.,Eat lunch and schedule an urgent one-on-one meeting with the director.,Call the department head.,Buy a new digital manual.,"Man: Hi Jane, did you get the memo about the social media campaign draft? 
Woman: Yes, but I am struggling to meet the tight deadline set by the executive board. 
Man: Don't worry. Let's grab lunch and we can schedule an urgent one-on-one meeting with the director together.",What do the speakers plan to do?,Pertanyaan mengenai rencana tindakan. Pria mengajak wanita untuk makan siang bersama sambil melakukan penyelesaian yaitu schedule an urgent one-on-one meeting with the director.
108,Part C: Academic Talks,listening_simulation_64.mp3,A,A comprehensive analysis of the impact of artificial intelligence on logistics.,An announcement about office vacation.,A historical overview of banking.,A health insurance policy briefing.,Speaker: Good morning class. Today we will explore the impact of artificial intelligence on logistics. Using predictive algorithms for warehouse supply chains reduces overhead storage costs by roughly fifteen percent globally. This study will serve as our primary benchmark for corporate productivity.,What is the primary subject of the talk?,Pertanyaan mengenai gagasan utama kuliah akademik. Pembicara menyatakan bahwa pembahasan hari ini berpusat pada analisis the impact of artificial intelligence on logistics.
109,Part C: Academic Talks,listening_simulation_64.mp3,B,To reduce employee salaries.,To set a new benchmark for corporate productivity.,To redecorate the executive lounge.,To audit the accounting software.,Speaker: Good morning class. Today we will explore the impact of artificial intelligence on logistics. Using predictive algorithms for warehouse supply chains reduces overhead storage costs by roughly fifteen percent globally. This study will serve as our primary benchmark for corporate productivity.,What is the main goal of discussing this method?,Pertanyaan informasi spesifik. Pembicara menyebutkan bahwa tujuan studi ini adalah sebagai tolok ukur baru bagi produktivitas perusahaan.
110,Part C: Academic Talks,listening_simulation_65.mp3,A,A comprehensive analysis of conflict resolution in corporate teams.,An announcement about office vacation.,A historical overview of banking.,A health insurance policy briefing.,Speaker: Good morning class. Today we will explore conflict resolution in corporate teams. Establishing clear communication channels and setting neutral boundaries early helps prevent personal bias from derailing collaborative milestones. This study will serve as our primary benchmark for corporate productivity.,What is the primary subject of the talk?,Pertanyaan mengenai gagasan utama kuliah akademik. Pembicara menyatakan bahwa pembahasan hari ini berpusat pada analisis conflict resolution in corporate teams.
111,Part C: Academic Talks,listening_simulation_65.mp3,B,To reduce employee salaries.,To set a new benchmark for corporate productivity.,To redecorate the executive lounge.,To audit the accounting software.,Speaker: Good morning class. Today we will explore conflict resolution in corporate teams. Establishing clear communication channels and setting neutral boundaries early helps prevent personal bias from derailing collaborative milestones. This study will serve as our primary benchmark for corporate productivity.,What is the main goal of discussing this method?,Pertanyaan informasi spesifik. Pembicara menyebutkan bahwa tujuan studi ini adalah sebagai tolok ukur baru bagi produktivitas perusahaan.
112,Part B: Long Conversation,listening_simulation_66.mp3,A,She is drowning under the immense workload this week.,She forgot to attend the lunch meeting.,She lost the printed memo.,She wants to change teams.,"Man: Hi Jane, did you get the memo about the client's presentation slides? 
Woman: Yes, but I am drowning under the immense workload this week. 
Man: Don't worry. Let's grab lunch and we can delegate the administrative tasks to the assistant together.",What is the woman's main concern?,Pertanyaan mengenai permasalahan utama pembicara wanita. Wanita mengeluh bahwa ia sedang mengalami kendala yaitu drowning under the immense workload this week.
113,Part B: Long Conversation,listening_simulation_66.mp3,B,Cancel the project entirely.,Eat lunch and delegate the administrative tasks to the assistant.,Call the department head.,Buy a new digital manual.,"Man: Hi Jane, did you get the memo about the client's presentation slides? 
Woman: Yes, but I am drowning under the immense workload this week. 
Man: Don't worry. Let's grab lunch and we can delegate the administrative tasks to the assistant together.",What do the speakers plan to do?,Pertanyaan mengenai rencana tindakan. Pria mengajak wanita untuk makan siang bersama sambil melakukan penyelesaian yaitu delegate the administrative tasks to the assistant.
114,Part B: Long Conversation,listening_simulation_67.mp3,A,She is completely lost and confused about the guidelines.,She forgot to attend the lunch meeting.,She lost the printed memo.,She wants to change teams.,"Man: Hi Jane, did you get the memo about the customer feedback compilation? 
Woman: Yes, but I am completely lost and confused about the guidelines. 
Man: Don't worry. Let's grab lunch and we can delegate the administrative tasks to the assistant together.",What is the woman's main concern?,Pertanyaan mengenai permasalahan utama pembicara wanita. Wanita mengeluh bahwa ia sedang mengalami kendala yaitu completely lost and confused about the guidelines.
115,Part B: Long Conversation,listening_simulation_67.mp3,B,Cancel the project entirely.,Eat lunch and delegate the administrative tasks to the assistant.,Call the department head.,Buy a new digital manual.,"Man: Hi Jane, did you get the memo about the customer feedback compilation? 
Woman: Yes, but I am completely lost and confused about the guidelines. 
Man: Don't worry. Let's grab lunch and we can delegate the administrative tasks to the assistant together.",What do the speakers plan to do?,Pertanyaan mengenai rencana tindakan. Pria mengajak wanita untuk makan siang bersama sambil melakukan penyelesaian yaitu delegate the administrative tasks to the assistant.
116,Part B: Long Conversation,listening_simulation_68.mp3,A,She is struggling to meet the tight deadline set by the executive board.,She forgot to attend the lunch meeting.,She lost the printed memo.,She wants to change teams.,"Man: Hi Jane, did you get the memo about the client's presentation slides? 
Woman: Yes, but I am struggling to meet the tight deadline set by the executive board. 
Man: Don't worry. Let's grab lunch and we can take a fifteen-minute walk to clear your mind together.",What is the woman's main concern?,Pertanyaan mengenai permasalahan utama pembicara wanita. Wanita mengeluh bahwa ia sedang mengalami kendala yaitu struggling to meet the tight deadline set by the executive board.
117,Part B: Long Conversation,listening_simulation_68.mp3,B,Cancel the project entirely.,Eat lunch and take a fifteen-minute walk to clear your mind.,Call the department head.,Buy a new digital manual.,"Man: Hi Jane, did you get the memo about the client's presentation slides? 
Woman: Yes, but I am struggling to meet the tight deadline set by the executive board. 
Man: Don't worry. Let's grab lunch and we can take a fifteen-minute walk to clear your mind together.",What do the speakers plan to do?,Pertanyaan mengenai rencana tindakan. Pria mengajak wanita untuk makan siang bersama sambil melakukan penyelesaian yaitu take a fifteen-minute walk to clear your mind.
118,Part C: Academic Talks,listening_simulation_69.mp3,A,A comprehensive analysis of the impact of artificial intelligence on logistics.,An announcement about office vacation.,A historical overview of banking.,A health insurance policy briefing.,Speaker: Good morning class. Today we will explore the impact of artificial intelligence on logistics. Using predictive algorithms for warehouse supply chains reduces overhead storage costs by roughly fifteen percent globally. This study will serve as our primary benchmark for corporate productivity.,What is the primary subject of the talk?,Pertanyaan mengenai gagasan utama kuliah akademik. Pembicara menyatakan bahwa pembahasan hari ini berpusat pada analisis the impact of artificial intelligence on logistics.
119,Part C: Academic Talks,listening_simulation_69.mp3,B,To reduce employee salaries.,To set a new benchmark for corporate productivity.,To redecorate the executive lounge.,To audit the accounting software.,Speaker: Good morning class. Today we will explore the impact of artificial intelligence on logistics. Using predictive algorithms for warehouse supply chains reduces overhead storage costs by roughly fifteen percent globally. This study will serve as our primary benchmark for corporate productivity.,What is the main goal of discussing this method?,Pertanyaan informasi spesifik. Pembicara menyebutkan bahwa tujuan studi ini adalah sebagai tolok ukur baru bagi produktivitas perusahaan.
120,Part C: Academic Talks,listening_simulation_70.mp3,A,A comprehensive analysis of the psychology of consumer choice.,An announcement about office vacation.,A historical overview of banking.,A health insurance policy briefing.,"Speaker: Good morning class. Today we will explore the psychology of consumer choice. Limiting the number of options on a retail display reduces decision fatigue, which paradoxically increases the final conversion rate by thirty percent. This study will serve as our primary benchmark for corporate productivity.",What is the primary subject of the talk?,Pertanyaan mengenai gagasan utama kuliah akademik. Pembicara menyatakan bahwa pembahasan hari ini berpusat pada analisis the psychology of consumer choice.
121,Part C: Academic Talks,listening_simulation_70.mp3,B,To reduce employee salaries.,To set a new benchmark for corporate productivity.,To redecorate the executive lounge.,To audit the accounting software.,"Speaker: Good morning class. Today we will explore the psychology of consumer choice. Limiting the number of options on a retail display reduces decision fatigue, which paradoxically increases the final conversion rate by thirty percent. This study will serve as our primary benchmark for corporate productivity.",What is the main goal of discussing this method?,Pertanyaan informasi spesifik. Pembicara menyebutkan bahwa tujuan studi ini adalah sebagai tolok ukur baru bagi produktivitas perusahaan.
122,Part B: Long Conversation,listening_simulation_71.mp3,A,She is completely lost and confused about the guidelines.,She forgot to attend the lunch meeting.,She lost the printed memo.,She wants to change teams.,"Man: Hi Jane, did you get the memo about the client's presentation slides? 
Woman: Yes, but I am completely lost and confused about the guidelines. 
Man: Don't worry. Let's grab lunch and we can schedule an urgent one-on-one meeting with the director together.",What is the woman's main concern?,Pertanyaan mengenai permasalahan utama pembicara wanita. Wanita mengeluh bahwa ia sedang mengalami kendala yaitu completely lost and confused about the guidelines.
123,Part B: Long Conversation,listening_simulation_71.mp3,B,Cancel the project entirely.,Eat lunch and schedule an urgent one-on-one meeting with the director.,Call the department head.,Buy a new digital manual.,"Man: Hi Jane, did you get the memo about the client's presentation slides? 
Woman: Yes, but I am completely lost and confused about the guidelines. 
Man: Don't worry. Let's grab lunch and we can schedule an urgent one-on-one meeting with the director together.",What do the speakers plan to do?,Pertanyaan mengenai rencana tindakan. Pria mengajak wanita untuk makan siang bersama sambil melakukan penyelesaian yaitu schedule an urgent one-on-one meeting with the director.
124,Part C: Academic Talks,listening_simulation_72.mp3,A,A comprehensive analysis of the psychology of consumer choice.,An announcement about office vacation.,A historical overview of banking.,A health insurance policy briefing.,"Speaker: Good morning class. Today we will explore the psychology of consumer choice. Limiting the number of options on a retail display reduces decision fatigue, which paradoxically increases the final conversion rate by thirty percent. This study will serve as our primary benchmark for corporate productivity.",What is the primary subject of the talk?,Pertanyaan mengenai gagasan utama kuliah akademik. Pembicara menyatakan bahwa pembahasan hari ini berpusat pada analisis the psychology of consumer choice.
125,Part C: Academic Talks,listening_simulation_72.mp3,B,To reduce employee salaries.,To set a new benchmark for corporate productivity.,To redecorate the executive lounge.,To audit the accounting software.,"Speaker: Good morning class. Today we will explore the psychology of consumer choice. Limiting the number of options on a retail display reduces decision fatigue, which paradoxically increases the final conversion rate by thirty percent. This study will serve as our primary benchmark for corporate productivity.",What is the main goal of discussing this method?,Pertanyaan informasi spesifik. Pembicara menyebutkan bahwa tujuan studi ini adalah sebagai tolok ukur baru bagi produktivitas perusahaan.
126,Part C: Academic Talks,listening_simulation_73.mp3,A,A comprehensive analysis of conflict resolution in corporate teams.,An announcement about office vacation.,A historical overview of banking.,A health insurance policy briefing.,Speaker: Good morning class. Today we will explore conflict resolution in corporate teams. Establishing clear communication channels and setting neutral boundaries early helps prevent personal bias from derailing collaborative milestones. This study will serve as our primary benchmark for corporate productivity.,What is the primary subject of the talk?,Pertanyaan mengenai gagasan utama kuliah akademik. Pembicara menyatakan bahwa pembahasan hari ini berpusat pada analisis conflict resolution in corporate teams.
127,Part C: Academic Talks,listening_simulation_73.mp3,B,To reduce employee salaries.,To set a new benchmark for corporate productivity.,To redecorate the executive lounge.,To audit the accounting software.,Speaker: Good morning class. Today we will explore conflict resolution in corporate teams. Establishing clear communication channels and setting neutral boundaries early helps prevent personal bias from derailing collaborative milestones. This study will serve as our primary benchmark for corporate productivity.,What is the main goal of discussing this method?,Pertanyaan informasi spesifik. Pembicara menyebutkan bahwa tujuan studi ini adalah sebagai tolok ukur baru bagi produktivitas perusahaan.
128,Part C: Academic Talks,listening_simulation_74.mp3,A,A comprehensive analysis of the impact of artificial intelligence on logistics.,An announcement about office vacation.,A historical overview of banking.,A health insurance policy briefing.,Speaker: Good morning class. Today we will explore the impact of artificial intelligence on logistics. Using predictive algorithms for warehouse supply chains reduces overhead storage costs by roughly fifteen percent globally. This study will serve as our primary benchmark for corporate productivity.,What is the primary subject of the talk?,Pertanyaan mengenai gagasan utama kuliah akademik. Pembicara menyatakan bahwa pembahasan hari ini berpusat pada analisis the impact of artificial intelligence on logistics.
129,Part C: Academic Talks,listening_simulation_74.mp3,B,To reduce employee salaries.,To set a new benchmark for corporate productivity.,To redecorate the executive lounge.,To audit the accounting software.,Speaker: Good morning class. Today we will explore the impact of artificial intelligence on logistics. Using predictive algorithms for warehouse supply chains reduces overhead storage costs by roughly fifteen percent globally. This study will serve as our primary benchmark for corporate productivity.,What is the main goal of discussing this method?,Pertanyaan informasi spesifik. Pembicara menyebutkan bahwa tujuan studi ini adalah sebagai tolok ukur baru bagi produktivitas perusahaan.
130,Part C: Academic Talks,listening_simulation_75.mp3,A,A comprehensive analysis of the impact of artificial intelligence on logistics.,An announcement about office vacation.,A historical overview of banking.,A health insurance policy briefing.,Speaker: Good morning class. Today we will explore the impact of artificial intelligence on logistics. Using predictive algorithms for warehouse supply chains reduces overhead storage costs by roughly fifteen percent globally. This study will serve as our primary benchmark for corporate productivity.,What is the primary subject of the talk?,Pertanyaan mengenai gagasan utama kuliah akademik. Pembicara menyatakan bahwa pembahasan hari ini berpusat pada analisis the impact of artificial intelligence on logistics.
131,Part C: Academic Talks,listening_simulation_75.mp3,B,To reduce employee salaries.,To set a new benchmark for corporate productivity.,To redecorate the executive lounge.,To audit the accounting software.,Speaker: Good morning class. Today we will explore the impact of artificial intelligence on logistics. Using predictive algorithms for warehouse supply chains reduces overhead storage costs by roughly fifteen percent globally. This study will serve as our primary benchmark for corporate productivity.,What is the main goal of discussing this method?,Pertanyaan informasi spesifik. Pembicara menyebutkan bahwa tujuan studi ini adalah sebagai tolok ukur baru bagi produktivitas perusahaan.
132,Part C: Academic Talks,listening_simulation_76.mp3,A,A comprehensive analysis of the psychology of consumer choice.,An announcement about office vacation.,A historical overview of banking.,A health insurance policy briefing.,"Speaker: Good morning class. Today we will explore the psychology of consumer choice. Limiting the number of options on a retail display reduces decision fatigue, which paradoxically increases the final conversion rate by thirty percent. This study will serve as our primary benchmark for corporate productivity.",What is the primary subject of the talk?,Pertanyaan mengenai gagasan utama kuliah akademik. Pembicara menyatakan bahwa pembahasan hari ini berpusat pada analisis the psychology of consumer choice.
133,Part C: Academic Talks,listening_simulation_76.mp3,B,To reduce employee salaries.,To set a new benchmark for corporate productivity.,To redecorate the executive lounge.,To audit the accounting software.,"Speaker: Good morning class. Today we will explore the psychology of consumer choice. Limiting the number of options on a retail display reduces decision fatigue, which paradoxically increases the final conversion rate by thirty percent. This study will serve as our primary benchmark for corporate productivity.",What is the main goal of discussing this method?,Pertanyaan informasi spesifik. Pembicara menyebutkan bahwa tujuan studi ini adalah sebagai tolok ukur baru bagi produktivitas perusahaan.
134,Part A (Suggestion),listening_simulation_77.mp3,A,Take immediate action to request a temporary extension from the management.,Ignore the supervisor and quit the current position.,Continue working despite being having a terrible misunderstanding with the logistics team.,Submit the report without reviewing the guidelines.,"Man: I am totally having a terrible misunderstanding with the logistics team. 
Woman: Why don't you request a temporary extension from the management before doing anything else? 
Narrator: What does the woman suggest the man do?",What does the woman suggest the man do?,Menguji struktur pemberian saran menggunakan pola 'Why don't you...'. Wanita menyarankan pria agar request a temporary extension from the management.
135,Part A (Idiom),listening_simulation_78.mp3,B,The man is sitting on the office boundary fence.,The man is undecided and needs to make a firm choice.,The man already completed the assigned spreadsheet.,The man wants to complain to the supervisor.,"Man: I am honestly still on the fence about finalizing the client's presentation slides. 
Woman: You need to make up your mind quickly, or the financial auditor will be very disappointed. 
Narrator: What does the woman imply about the man?",What does the woman imply about the man?,Menguji idiom 'on the fence' (ragu-ragu) dan 'make up your mind' (mengambil keputusan). Pilihan B benar karena merefrasa makna idiom tersebut secara akurat.
136,Part B: Long Conversation,listening_simulation_79.mp3,A,She is having a terrible misunderstanding with the logistics team.,She forgot to attend the lunch meeting.,She lost the printed memo.,She wants to change teams.,"Man: Hi Jane, did you get the memo about the recruitment interview schedule? 
Woman: Yes, but I am having a terrible misunderstanding with the logistics team. 
Man: Don't worry. Let's grab lunch and we can review the training video manual sent by the coordinator together.",What is the woman's main concern?,Pertanyaan mengenai permasalahan utama pembicara wanita. Wanita mengeluh bahwa ia sedang mengalami kendala yaitu having a terrible misunderstanding with the logistics team.
137,Part B: Long Conversation,listening_simulation_79.mp3,B,Cancel the project entirely.,Eat lunch and review the training video manual sent by the coordinator.,Call the department head.,Buy a new digital manual.,"Man: Hi Jane, did you get the memo about the recruitment interview schedule? 
Woman: Yes, but I am having a terrible misunderstanding with the logistics team. 
Man: Don't worry. Let's grab lunch and we can review the training video manual sent by the coordinator together.",What do the speakers plan to do?,Pertanyaan mengenai rencana tindakan. Pria mengajak wanita untuk makan siang bersama sambil melakukan penyelesaian yaitu review the training video manual sent by the coordinator.
138,Part B: Long Conversation,listening_simulation_80.mp3,A,She is unable to back up the data before the computer crashed.,She forgot to attend the lunch meeting.,She lost the printed memo.,She wants to change teams.,"Man: Hi Jane, did you get the memo about the recruitment interview schedule? 
Woman: Yes, but I am unable to back up the data before the computer crashed. 
Man: Don't worry. Let's grab lunch and we can schedule an urgent one-on-one meeting with the director together.",What is the woman's main concern?,Pertanyaan mengenai permasalahan utama pembicara wanita. Wanita mengeluh bahwa ia sedang mengalami kendala yaitu unable to back up the data before the computer crashed.
139,Part B: Long Conversation,listening_simulation_80.mp3,B,Cancel the project entirely.,Eat lunch and schedule an urgent one-on-one meeting with the director.,Call the department head.,Buy a new digital manual.,"Man: Hi Jane, did you get the memo about the recruitment interview schedule? 
Woman: Yes, but I am unable to back up the data before the computer crashed. 
Man: Don't worry. Let's grab lunch and we can schedule an urgent one-on-one meeting with the director together.",What do the speakers plan to do?,Pertanyaan mengenai rencana tindakan. Pria mengajak wanita untuk makan siang bersama sambil melakukan penyelesaian yaitu schedule an urgent one-on-one meeting with the director.
140,Part A (Idiom),listening_simulation_81.mp3,B,The man is sitting on the office boundary fence.,The man is undecided and needs to make a firm choice.,The man already completed the assigned spreadsheet.,The man wants to complain to the supervisor.,"Man: I am honestly still on the fence about finalizing the quarterly budget spreadsheet. 
Woman: You need to make up your mind quickly, or the new intern will be very disappointed. 
Narrator: What does the woman imply about the man?",What does the woman imply about the man?,Menguji idiom 'on the fence' (ragu-ragu) dan 'make up your mind' (mengambil keputusan). Pilihan B benar karena merefrasa makna idiom tersebut secara akurat.
141,Part B: Long Conversation,listening_simulation_82.mp3,A,She is completely lost and confused about the guidelines.,She forgot to attend the lunch meeting.,She lost the printed memo.,She wants to change teams.,"Man: Hi Jane, did you get the memo about the customer feedback compilation? 
Woman: Yes, but I am completely lost and confused about the guidelines. 
Man: Don't worry. Let's grab lunch and we can take a fifteen-minute walk to clear your mind together.",What is the woman's main concern?,Pertanyaan mengenai permasalahan utama pembicara wanita. Wanita mengeluh bahwa ia sedang mengalami kendala yaitu completely lost and confused about the guidelines.
142,Part B: Long Conversation,listening_simulation_82.mp3,B,Cancel the project entirely.,Eat lunch and take a fifteen-minute walk to clear your mind.,Call the department head.,Buy a new digital manual.,"Man: Hi Jane, did you get the memo about the customer feedback compilation? 
Woman: Yes, but I am completely lost and confused about the guidelines. 
Man: Don't worry. Let's grab lunch and we can take a fifteen-minute walk to clear your mind together.",What do the speakers plan to do?,Pertanyaan mengenai rencana tindakan. Pria mengajak wanita untuk makan siang bersama sambil melakukan penyelesaian yaitu take a fifteen-minute walk to clear your mind.
143,Part C: Academic Talks,listening_simulation_83.mp3,A,A comprehensive analysis of the psychology of consumer choice.,An announcement about office vacation.,A historical overview of banking.,A health insurance policy briefing.,"Speaker: Good morning class. Today we will explore the psychology of consumer choice. Limiting the number of options on a retail display reduces decision fatigue, which paradoxically increases the final conversion rate by thirty percent. This study will serve as our primary benchmark for corporate productivity.",What is the primary subject of the talk?,Pertanyaan mengenai gagasan utama kuliah akademik. Pembicara menyatakan bahwa pembahasan hari ini berpusat pada analisis the psychology of consumer choice.
144,Part C: Academic Talks,listening_simulation_83.mp3,B,To reduce employee salaries.,To set a new benchmark for corporate productivity.,To redecorate the executive lounge.,To audit the accounting software.,"Speaker: Good morning class. Today we will explore the psychology of consumer choice. Limiting the number of options on a retail display reduces decision fatigue, which paradoxically increases the final conversion rate by thirty percent. This study will serve as our primary benchmark for corporate productivity.",What is the main goal of discussing this method?,Pertanyaan informasi spesifik. Pembicara menyebutkan bahwa tujuan studi ini adalah sebagai tolok ukur baru bagi produktivitas perusahaan.
145,Part B: Long Conversation,listening_simulation_84.mp3,A,She is struggling to meet the tight deadline set by the executive board.,She forgot to attend the lunch meeting.,She lost the printed memo.,She wants to change teams.,"Man: Hi Jane, did you get the memo about the annual tax report? 
Woman: Yes, but I am struggling to meet the tight deadline set by the executive board. 
Man: Don't worry. Let's grab lunch and we can request a temporary extension from the management together.",What is the woman's main concern?,Pertanyaan mengenai permasalahan utama pembicara wanita. Wanita mengeluh bahwa ia sedang mengalami kendala yaitu struggling to meet the tight deadline set by the executive board.
146,Part B: Long Conversation,listening_simulation_84.mp3,B,Cancel the project entirely.,Eat lunch and request a temporary extension from the management.,Call the department head.,Buy a new digital manual.,"Man: Hi Jane, did you get the memo about the annual tax report? 
Woman: Yes, but I am struggling to meet the tight deadline set by the executive board. 
Man: Don't worry. Let's grab lunch and we can request a temporary extension from the management together.",What do the speakers plan to do?,Pertanyaan mengenai rencana tindakan. Pria mengajak wanita untuk makan siang bersama sambil melakukan penyelesaian yaitu request a temporary extension from the management.
147,Part B: Long Conversation,listening_simulation_85.mp3,A,She is completely lost and confused about the guidelines.,She forgot to attend the lunch meeting.,She lost the printed memo.,She wants to change teams.,"Man: Hi Jane, did you get the memo about the office relocation plan? 
Woman: Yes, but I am completely lost and confused about the guidelines. 
Man: Don't worry. Let's grab lunch and we can take a fifteen-minute walk to clear your mind together.",What is the woman's main concern?,Pertanyaan mengenai permasalahan utama pembicara wanita. Wanita mengeluh bahwa ia sedang mengalami kendala yaitu completely lost and confused about the guidelines.
148,Part B: Long Conversation,listening_simulation_85.mp3,B,Cancel the project entirely.,Eat lunch and take a fifteen-minute walk to clear your mind.,Call the department head.,Buy a new digital manual.,"Man: Hi Jane, did you get the memo about the office relocation plan? 
Woman: Yes, but I am completely lost and confused about the guidelines. 
Man: Don't worry. Let's grab lunch and we can take a fifteen-minute walk to clear your mind together.",What do the speakers plan to do?,Pertanyaan mengenai rencana tindakan. Pria mengajak wanita untuk makan siang bersama sambil melakukan penyelesaian yaitu take a fifteen-minute walk to clear your mind.
149,Part B: Long Conversation,listening_simulation_86.mp3,A,She is drowning under the immense workload this week.,She forgot to attend the lunch meeting.,She lost the printed memo.,She wants to change teams.,"Man: Hi Jane, did you get the memo about the client's presentation slides? 
Woman: Yes, but I am drowning under the immense workload this week. 
Man: Don't worry. Let's grab lunch and we can request a temporary extension from the management together.",What is the woman's main concern?,Pertanyaan mengenai permasalahan utama pembicara wanita. Wanita mengeluh bahwa ia sedang mengalami kendala yaitu drowning under the immense workload this week.
150,Part B: Long Conversation,listening_simulation_86.mp3,B,Cancel the project entirely.,Eat lunch and request a temporary extension from the management.,Call the department head.,Buy a new digital manual.,"Man: Hi Jane, did you get the memo about the client's presentation slides? 
Woman: Yes, but I am drowning under the immense workload this week. 
Man: Don't worry. Let's grab lunch and we can request a temporary extension from the management together.",What do the speakers plan to do?,Pertanyaan mengenai rencana tindakan. Pria mengajak wanita untuk makan siang bersama sambil melakukan penyelesaian yaitu request a temporary extension from the management.
151,Part C: Academic Talks,listening_simulation_87.mp3,A,A comprehensive analysis of the impact of artificial intelligence on logistics.,An announcement about office vacation.,A historical overview of banking.,A health insurance policy briefing.,Speaker: Good morning class. Today we will explore the impact of artificial intelligence on logistics. Using predictive algorithms for warehouse supply chains reduces overhead storage costs by roughly fifteen percent globally. This study will serve as our primary benchmark for corporate productivity.,What is the primary subject of the talk?,Pertanyaan mengenai gagasan utama kuliah akademik. Pembicara menyatakan bahwa pembahasan hari ini berpusat pada analisis the impact of artificial intelligence on logistics.
152,Part C: Academic Talks,listening_simulation_87.mp3,B,To reduce employee salaries.,To set a new benchmark for corporate productivity.,To redecorate the executive lounge.,To audit the accounting software.,Speaker: Good morning class. Today we will explore the impact of artificial intelligence on logistics. Using predictive algorithms for warehouse supply chains reduces overhead storage costs by roughly fifteen percent globally. This study will serve as our primary benchmark for corporate productivity.,What is the main goal of discussing this method?,Pertanyaan informasi spesifik. Pembicara menyebutkan bahwa tujuan studi ini adalah sebagai tolok ukur baru bagi produktivitas perusahaan.
153,Part C: Academic Talks,listening_simulation_88.mp3,A,A comprehensive analysis of conflict resolution in corporate teams.,An announcement about office vacation.,A historical overview of banking.,A health insurance policy briefing.,Speaker: Good morning class. Today we will explore conflict resolution in corporate teams. Establishing clear communication channels and setting neutral boundaries early helps prevent personal bias from derailing collaborative milestones. This study will serve as our primary benchmark for corporate productivity.,What is the primary subject of the talk?,Pertanyaan mengenai gagasan utama kuliah akademik. Pembicara menyatakan bahwa pembahasan hari ini berpusat pada analisis conflict resolution in corporate teams.
154,Part C: Academic Talks,listening_simulation_88.mp3,B,To reduce employee salaries.,To set a new benchmark for corporate productivity.,To redecorate the executive lounge.,To audit the accounting software.,Speaker: Good morning class. Today we will explore conflict resolution in corporate teams. Establishing clear communication channels and setting neutral boundaries early helps prevent personal bias from derailing collaborative milestones. This study will serve as our primary benchmark for corporate productivity.,What is the main goal of discussing this method?,Pertanyaan informasi spesifik. Pembicara menyebutkan bahwa tujuan studi ini adalah sebagai tolok ukur baru bagi produktivitas perusahaan.
155,Part C: Academic Talks,listening_simulation_89.mp3,A,A comprehensive analysis of the psychology of consumer choice.,An announcement about office vacation.,A historical overview of banking.,A health insurance policy briefing.,"Speaker: Good morning class. Today we will explore the psychology of consumer choice. Limiting the number of options on a retail display reduces decision fatigue, which paradoxically increases the final conversion rate by thirty percent. This study will serve as our primary benchmark for corporate productivity.",What is the primary subject of the talk?,Pertanyaan mengenai gagasan utama kuliah akademik. Pembicara menyatakan bahwa pembahasan hari ini berpusat pada analisis the psychology of consumer choice.
156,Part C: Academic Talks,listening_simulation_89.mp3,B,To reduce employee salaries.,To set a new benchmark for corporate productivity.,To redecorate the executive lounge.,To audit the accounting software.,"Speaker: Good morning class. Today we will explore the psychology of consumer choice. Limiting the number of options on a retail display reduces decision fatigue, which paradoxically increases the final conversion rate by thirty percent. This study will serve as our primary benchmark for corporate productivity.",What is the main goal of discussing this method?,Pertanyaan informasi spesifik. Pembicara menyebutkan bahwa tujuan studi ini adalah sebagai tolok ukur baru bagi produktivitas perusahaan.
157,Part A (Agreement),listening_simulation_90.mp3,B,She wants the man to repeat his statement about the timeline.,She completely agrees that the workload schedule is too demanding.,She thinks the project has already been canceled.,She prefers to work late at night rather than early morning.,"Man: The timeline to finish the customer feedback compilation is absurdly tight. 
Woman: You can say that again! I've been working non-stop since dawn. 
Narrator: What does the woman mean?",What does the woman mean?,Menguji ekspresi persetujuan (Agreement) 'You can say that again!' yang berarti pembicara kedua sangat setuju dengan pendapat pembicara pertama.
158,Part B: Long Conversation,listening_simulation_91.mp3,A,She is unable to back up the data before the computer crashed.,She forgot to attend the lunch meeting.,She lost the printed memo.,She wants to change teams.,"Man: Hi Jane, did you get the memo about the client's presentation slides? 
Woman: Yes, but I am unable to back up the data before the computer crashed. 
Man: Don't worry. Let's grab lunch and we can request a temporary extension from the management together.",What is the woman's main concern?,Pertanyaan mengenai permasalahan utama pembicara wanita. Wanita mengeluh bahwa ia sedang mengalami kendala yaitu unable to back up the data before the computer crashed.
159,Part B: Long Conversation,listening_simulation_91.mp3,B,Cancel the project entirely.,Eat lunch and request a temporary extension from the management.,Call the department head.,Buy a new digital manual.,"Man: Hi Jane, did you get the memo about the client's presentation slides? 
Woman: Yes, but I am unable to back up the data before the computer crashed. 
Man: Don't worry. Let's grab lunch and we can request a temporary extension from the management together.",What do the speakers plan to do?,Pertanyaan mengenai rencana tindakan. Pria mengajak wanita untuk makan siang bersama sambil melakukan penyelesaian yaitu request a temporary extension from the management.
160,Part B: Long Conversation,listening_simulation_92.mp3,A,She is unable to back up the data before the computer crashed.,She forgot to attend the lunch meeting.,She lost the printed memo.,She wants to change teams.,"Man: Hi Jane, did you get the memo about the quarterly inventory log? 
Woman: Yes, but I am unable to back up the data before the computer crashed. 
Man: Don't worry. Let's grab lunch and we can take a fifteen-minute walk to clear your mind together.",What is the woman's main concern?,Pertanyaan mengenai permasalahan utama pembicara wanita. Wanita mengeluh bahwa ia sedang mengalami kendala yaitu unable to back up the data before the computer crashed.
161,Part B: Long Conversation,listening_simulation_92.mp3,B,Cancel the project entirely.,Eat lunch and take a fifteen-minute walk to clear your mind.,Call the department head.,Buy a new digital manual.,"Man: Hi Jane, did you get the memo about the quarterly inventory log? 
Woman: Yes, but I am unable to back up the data before the computer crashed. 
Man: Don't worry. Let's grab lunch and we can take a fifteen-minute walk to clear your mind together.",What do the speakers plan to do?,Pertanyaan mengenai rencana tindakan. Pria mengajak wanita untuk makan siang bersama sambil melakukan penyelesaian yaitu take a fifteen-minute walk to clear your mind.
162,Part B: Long Conversation,listening_simulation_93.mp3,A,She is drowning under the immense workload this week.,She forgot to attend the lunch meeting.,She lost the printed memo.,She wants to change teams.,"Man: Hi Jane, did you get the memo about the social media campaign draft? 
Woman: Yes, but I am drowning under the immense workload this week. 
Man: Don't worry. Let's grab lunch and we can schedule an urgent one-on-one meeting with the director together.",What is the woman's main concern?,Pertanyaan mengenai permasalahan utama pembicara wanita. Wanita mengeluh bahwa ia sedang mengalami kendala yaitu drowning under the immense workload this week.
163,Part B: Long Conversation,listening_simulation_93.mp3,B,Cancel the project entirely.,Eat lunch and schedule an urgent one-on-one meeting with the director.,Call the department head.,Buy a new digital manual.,"Man: Hi Jane, did you get the memo about the social media campaign draft? 
Woman: Yes, but I am drowning under the immense workload this week. 
Man: Don't worry. Let's grab lunch and we can schedule an urgent one-on-one meeting with the director together.",What do the speakers plan to do?,Pertanyaan mengenai rencana tindakan. Pria mengajak wanita untuk makan siang bersama sambil melakukan penyelesaian yaitu schedule an urgent one-on-one meeting with the director.
164,Part C: Academic Talks,listening_simulation_94.mp3,A,A comprehensive analysis of the psychology of consumer choice.,An announcement about office vacation.,A historical overview of banking.,A health insurance policy briefing.,"Speaker: Good morning class. Today we will explore the psychology of consumer choice. Limiting the number of options on a retail display reduces decision fatigue, which paradoxically increases the final conversion rate by thirty percent. This study will serve as our primary benchmark for corporate productivity.",What is the primary subject of the talk?,Pertanyaan mengenai gagasan utama kuliah akademik. Pembicara menyatakan bahwa pembahasan hari ini berpusat pada analisis the psychology of consumer choice.
165,Part C: Academic Talks,listening_simulation_94.mp3,B,To reduce employee salaries.,To set a new benchmark for corporate productivity.,To redecorate the executive lounge.,To audit the accounting software.,"Speaker: Good morning class. Today we will explore the psychology of consumer choice. Limiting the number of options on a retail display reduces decision fatigue, which paradoxically increases the final conversion rate by thirty percent. This study will serve as our primary benchmark for corporate productivity.",What is the main goal of discussing this method?,Pertanyaan informasi spesifik. Pembicara menyebutkan bahwa tujuan studi ini adalah sebagai tolok ukur baru bagi produktivitas perusahaan.
166,Part C: Academic Talks,listening_simulation_95.mp3,A,A comprehensive analysis of the psychology of consumer choice.,An announcement about office vacation.,A historical overview of banking.,A health insurance policy briefing.,"Speaker: Good morning class. Today we will explore the psychology of consumer choice. Limiting the number of options on a retail display reduces decision fatigue, which paradoxically increases the final conversion rate by thirty percent. This study will serve as our primary benchmark for corporate productivity.",What is the primary subject of the talk?,Pertanyaan mengenai gagasan utama kuliah akademik. Pembicara menyatakan bahwa pembahasan hari ini berpusat pada analisis the psychology of consumer choice.
167,Part C: Academic Talks,listening_simulation_95.mp3,B,To reduce employee salaries.,To set a new benchmark for corporate productivity.,To redecorate the executive lounge.,To audit the accounting software.,"Speaker: Good morning class. Today we will explore the psychology of consumer choice. Limiting the number of options on a retail display reduces decision fatigue, which paradoxically increases the final conversion rate by thirty percent. This study will serve as our primary benchmark for corporate productivity.",What is the main goal of discussing this method?,Pertanyaan informasi spesifik. Pembicara menyebutkan bahwa tujuan studi ini adalah sebagai tolok ukur baru bagi produktivitas perusahaan.
168,Part B: Long Conversation,listening_simulation_96.mp3,A,She is struggling to meet the tight deadline set by the executive board.,She forgot to attend the lunch meeting.,She lost the printed memo.,She wants to change teams.,"Man: Hi Jane, did you get the memo about the client's presentation slides? 
Woman: Yes, but I am struggling to meet the tight deadline set by the executive board. 
Man: Don't worry. Let's grab lunch and we can take a fifteen-minute walk to clear your mind together.",What is the woman's main concern?,Pertanyaan mengenai permasalahan utama pembicara wanita. Wanita mengeluh bahwa ia sedang mengalami kendala yaitu struggling to meet the tight deadline set by the executive board.
169,Part B: Long Conversation,listening_simulation_96.mp3,B,Cancel the project entirely.,Eat lunch and take a fifteen-minute walk to clear your mind.,Call the department head.,Buy a new digital manual.,"Man: Hi Jane, did you get the memo about the client's presentation slides? 
Woman: Yes, but I am struggling to meet the tight deadline set by the executive board. 
Man: Don't worry. Let's grab lunch and we can take a fifteen-minute walk to clear your mind together.",What do the speakers plan to do?,Pertanyaan mengenai rencana tindakan. Pria mengajak wanita untuk makan siang bersama sambil melakukan penyelesaian yaitu take a fifteen-minute walk to clear your mind.
170,Part C: Academic Talks,listening_simulation_97.mp3,A,A comprehensive analysis of the psychology of consumer choice.,An announcement about office vacation.,A historical overview of banking.,A health insurance policy briefing.,"Speaker: Good morning class. Today we will explore the psychology of consumer choice. Limiting the number of options on a retail display reduces decision fatigue, which paradoxically increases the final conversion rate by thirty percent. This study will serve as our primary benchmark for corporate productivity.",What is the primary subject of the talk?,Pertanyaan mengenai gagasan utama kuliah akademik. Pembicara menyatakan bahwa pembahasan hari ini berpusat pada analisis the psychology of consumer choice.
171,Part C: Academic Talks,listening_simulation_97.mp3,B,To reduce employee salaries.,To set a new benchmark for corporate productivity.,To redecorate the executive lounge.,To audit the accounting software.,"Speaker: Good morning class. Today we will explore the psychology of consumer choice. Limiting the number of options on a retail display reduces decision fatigue, which paradoxically increases the final conversion rate by thirty percent. This study will serve as our primary benchmark for corporate productivity.",What is the main goal of discussing this method?,Pertanyaan informasi spesifik. Pembicara menyebutkan bahwa tujuan studi ini adalah sebagai tolok ukur baru bagi produktivitas perusahaan.
172,Part C: Academic Talks,listening_simulation_98.mp3,A,A comprehensive analysis of the impact of artificial intelligence on logistics.,An announcement about office vacation.,A historical overview of banking.,A health insurance policy briefing.,Speaker: Good morning class. Today we will explore the impact of artificial intelligence on logistics. Using predictive algorithms for warehouse supply chains reduces overhead storage costs by roughly fifteen percent globally. This study will serve as our primary benchmark for corporate productivity.,What is the primary subject of the talk?,Pertanyaan mengenai gagasan utama kuliah akademik. Pembicara menyatakan bahwa pembahasan hari ini berpusat pada analisis the impact of artificial intelligence on logistics.
173,Part C: Academic Talks,listening_simulation_98.mp3,B,To reduce employee salaries.,To set a new benchmark for corporate productivity.,To redecorate the executive lounge.,To audit the accounting software.,Speaker: Good morning class. Today we will explore the impact of artificial intelligence on logistics. Using predictive algorithms for warehouse supply chains reduces overhead storage costs by roughly fifteen percent globally. This study will serve as our primary benchmark for corporate productivity.,What is the main goal of discussing this method?,Pertanyaan informasi spesifik. Pembicara menyebutkan bahwa tujuan studi ini adalah sebagai tolok ukur baru bagi produktivitas perusahaan.
174,Part C: Academic Talks,listening_simulation_99.mp3,A,A comprehensive analysis of sustainable workplace design.,An announcement about office vacation.,A historical overview of banking.,A health insurance policy briefing.,"Speaker: Good morning class. Today we will explore sustainable workplace design. By introducing natural lighting and ergonomic furniture, companies report a twenty percent decrease in employee absenteeism and a massive boost in daily focus. This study will serve as our primary benchmark for corporate productivity.",What is the primary subject of the talk?,Pertanyaan mengenai gagasan utama kuliah akademik. Pembicara menyatakan bahwa pembahasan hari ini berpusat pada analisis sustainable workplace design.
175,Part C: Academic Talks,listening_simulation_99.mp3,B,To reduce employee salaries.,To set a new benchmark for corporate productivity.,To redecorate the executive lounge.,To audit the accounting software.,"Speaker: Good morning class. Today we will explore sustainable workplace design. By introducing natural lighting and ergonomic furniture, companies report a twenty percent decrease in employee absenteeism and a massive boost in daily focus. This study will serve as our primary benchmark for corporate productivity.",What is the main goal of discussing this method?,Pertanyaan informasi spesifik. Pembicara menyebutkan bahwa tujuan studi ini adalah sebagai tolok ukur baru bagi produktivitas perusahaan.
176,Part B: Long Conversation,listening_simulation_100.mp3,A,She is drowning under the immense workload this week.,She forgot to attend the lunch meeting.,She lost the printed memo.,She wants to change teams.,"Man: Hi Jane, did you get the memo about the social media campaign draft? 
Woman: Yes, but I am drowning under the immense workload this week. 
Man: Don't worry. Let's grab lunch and we can request a temporary extension from the management together.",What is the woman's main concern?,Pertanyaan mengenai permasalahan utama pembicara wanita. Wanita mengeluh bahwa ia sedang mengalami kendala yaitu drowning under the immense workload this week.
177,Part B: Long Conversation,listening_simulation_100.mp3,B,Cancel the project entirely.,Eat lunch and request a temporary extension from the management.,Call the department head.,Buy a new digital manual.,"Man: Hi Jane, did you get the memo about the social media campaign draft? 
Woman: Yes, but I am drowning under the immense workload this week. 
Man: Don't worry. Let's grab lunch and we can request a temporary extension from the management together.",What do the speakers plan to do?,Pertanyaan mengenai rencana tindakan. Pria mengajak wanita untuk makan siang bersama sambil melakukan penyelesaian yaitu request a temporary extension from the management.
178,Part C: Academic Talks,listening_simulation_101.mp3,A,A comprehensive analysis of the impact of artificial intelligence on logistics.,An announcement about office vacation.,A historical overview of banking.,A health insurance policy briefing.,Speaker: Good morning class. Today we will explore the impact of artificial intelligence on logistics. Using predictive algorithms for warehouse supply chains reduces overhead storage costs by roughly fifteen percent globally. This study will serve as our primary benchmark for corporate productivity.,What is the primary subject of the talk?,Pertanyaan mengenai gagasan utama kuliah akademik. Pembicara menyatakan bahwa pembahasan hari ini berpusat pada analisis the impact of artificial intelligence on logistics.
179,Part C: Academic Talks,listening_simulation_101.mp3,B,To reduce employee salaries.,To set a new benchmark for corporate productivity.,To redecorate the executive lounge.,To audit the accounting software.,Speaker: Good morning class. Today we will explore the impact of artificial intelligence on logistics. Using predictive algorithms for warehouse supply chains reduces overhead storage costs by roughly fifteen percent globally. This study will serve as our primary benchmark for corporate productivity.,What is the main goal of discussing this method?,Pertanyaan informasi spesifik. Pembicara menyebutkan bahwa tujuan studi ini adalah sebagai tolok ukur baru bagi produktivitas perusahaan.
180,Part C: Academic Talks,listening_simulation_102.mp3,A,A comprehensive analysis of conflict resolution in corporate teams.,An announcement about office vacation.,A historical overview of banking.,A health insurance policy briefing.,Speaker: Good morning class. Today we will explore conflict resolution in corporate teams. Establishing clear communication channels and setting neutral boundaries early helps prevent personal bias from derailing collaborative milestones. This study will serve as our primary benchmark for corporate productivity.,What is the primary subject of the talk?,Pertanyaan mengenai gagasan utama kuliah akademik. Pembicara menyatakan bahwa pembahasan hari ini berpusat pada analisis conflict resolution in corporate teams.
181,Part C: Academic Talks,listening_simulation_102.mp3,B,To reduce employee salaries.,To set a new benchmark for corporate productivity.,To redecorate the executive lounge.,To audit the accounting software.,Speaker: Good morning class. Today we will explore conflict resolution in corporate teams. Establishing clear communication channels and setting neutral boundaries early helps prevent personal bias from derailing collaborative milestones. This study will serve as our primary benchmark for corporate productivity.,What is the main goal of discussing this method?,Pertanyaan informasi spesifik. Pembicara menyebutkan bahwa tujuan studi ini adalah sebagai tolok ukur baru bagi produktivitas perusahaan.
182,Part A (Suggestion),listening_simulation_103.mp3,A,Take immediate action to request a temporary extension from the management.,Ignore the supervisor and quit the current position.,Continue working despite being having a terrible misunderstanding with the logistics team.,Submit the report without reviewing the guidelines.,"Man: I am totally having a terrible misunderstanding with the logistics team. 
Woman: Why don't you request a temporary extension from the management before doing anything else? 
Narrator: What does the woman suggest the man do?",What does the woman suggest the man do?,Menguji struktur pemberian saran menggunakan pola 'Why don't you...'. Wanita menyarankan pria agar request a temporary extension from the management.
183,Part A (Agreement),listening_simulation_104.mp3,B,She wants the man to repeat his statement about the timeline.,She completely agrees that the workload schedule is too demanding.,She thinks the project has already been canceled.,She prefers to work late at night rather than early morning.,"Man: The timeline to finish the quarterly budget spreadsheet is absurdly tight. 
Woman: You can say that again! I've been working non-stop since dawn. 
Narrator: What does the woman mean?",What does the woman mean?,Menguji ekspresi persetujuan (Agreement) 'You can say that again!' yang berarti pembicara kedua sangat setuju dengan pendapat pembicara pertama.
184,Part A (Suggestion),listening_simulation_105.mp3,A,Take immediate action to request a temporary extension from the management.,Ignore the supervisor and quit the current position.,Continue working despite being unable to back up the data before the computer crashed.,Submit the report without reviewing the guidelines.,"Man: I am totally unable to back up the data before the computer crashed. 
Woman: Why don't you request a temporary extension from the management before doing anything else? 
Narrator: What does the woman suggest the man do?",What does the woman suggest the man do?,Menguji struktur pemberian saran menggunakan pola 'Why don't you...'. Wanita menyarankan pria agar request a temporary extension from the management.
185,Part B: Long Conversation,listening_simulation_106.mp3,A,She is drowning under the immense workload this week.,She forgot to attend the lunch meeting.,She lost the printed memo.,She wants to change teams.,"Man: Hi Jane, did you get the memo about the quarterly inventory log? 
Woman: Yes, but I am drowning under the immense workload this week. 
Man: Don't worry. Let's grab lunch and we can request a temporary extension from the management together.",What is the woman's main concern?,Pertanyaan mengenai permasalahan utama pembicara wanita. Wanita mengeluh bahwa ia sedang mengalami kendala yaitu drowning under the immense workload this week.
186,Part B: Long Conversation,listening_simulation_106.mp3,B,Cancel the project entirely.,Eat lunch and request a temporary extension from the management.,Call the department head.,Buy a new digital manual.,"Man: Hi Jane, did you get the memo about the quarterly inventory log? 
Woman: Yes, but I am drowning under the immense workload this week. 
Man: Don't worry. Let's grab lunch and we can request a temporary extension from the management together.",What do the speakers plan to do?,Pertanyaan mengenai rencana tindakan. Pria mengajak wanita untuk makan siang bersama sambil melakukan penyelesaian yaitu request a temporary extension from the management.
187,Part B: Long Conversation,listening_simulation_107.mp3,A,She is unable to back up the data before the computer crashed.,She forgot to attend the lunch meeting.,She lost the printed memo.,She wants to change teams.,"Man: Hi Jane, did you get the memo about the recruitment interview schedule? 
Woman: Yes, but I am unable to back up the data before the computer crashed. 
Man: Don't worry. Let's grab lunch and we can review the training video manual sent by the coordinator together.",What is the woman's main concern?,Pertanyaan mengenai permasalahan utama pembicara wanita. Wanita mengeluh bahwa ia sedang mengalami kendala yaitu unable to back up the data before the computer crashed.
188,Part B: Long Conversation,listening_simulation_107.mp3,B,Cancel the project entirely.,Eat lunch and review the training video manual sent by the coordinator.,Call the department head.,Buy a new digital manual.,"Man: Hi Jane, did you get the memo about the recruitment interview schedule? 
Woman: Yes, but I am unable to back up the data before the computer crashed. 
Man: Don't worry. Let's grab lunch and we can review the training video manual sent by the coordinator together.",What do the speakers plan to do?,Pertanyaan mengenai rencana tindakan. Pria mengajak wanita untuk makan siang bersama sambil melakukan penyelesaian yaitu review the training video manual sent by the coordinator.
189,Part B: Long Conversation,listening_simulation_108.mp3,A,She is struggling to meet the tight deadline set by the executive board.,She forgot to attend the lunch meeting.,She lost the printed memo.,She wants to change teams.,"Man: Hi Jane, did you get the memo about the client's presentation slides? 
Woman: Yes, but I am struggling to meet the tight deadline set by the executive board. 
Man: Don't worry. Let's grab lunch and we can request a temporary extension from the management together.",What is the woman's main concern?,Pertanyaan mengenai permasalahan utama pembicara wanita. Wanita mengeluh bahwa ia sedang mengalami kendala yaitu struggling to meet the tight deadline set by the executive board.
190,Part B: Long Conversation,listening_simulation_108.mp3,B,Cancel the project entirely.,Eat lunch and request a temporary extension from the management.,Call the department head.,Buy a new digital manual.,"Man: Hi Jane, did you get the memo about the client's presentation slides? 
Woman: Yes, but I am struggling to meet the tight deadline set by the executive board. 
Man: Don't worry. Let's grab lunch and we can request a temporary extension from the management together.",What do the speakers plan to do?,Pertanyaan mengenai rencana tindakan. Pria mengajak wanita untuk makan siang bersama sambil melakukan penyelesaian yaitu request a temporary extension from the management.
191,Part B: Long Conversation,listening_simulation_109.mp3,A,She is drowning under the immense workload this week.,She forgot to attend the lunch meeting.,She lost the printed memo.,She wants to change teams.,"Man: Hi Jane, did you get the memo about the social media campaign draft? 
Woman: Yes, but I am drowning under the immense workload this week. 
Man: Don't worry. Let's grab lunch and we can request a temporary extension from the management together.",What is the woman's main concern?,Pertanyaan mengenai permasalahan utama pembicara wanita. Wanita mengeluh bahwa ia sedang mengalami kendala yaitu drowning under the immense workload this week.
192,Part B: Long Conversation,listening_simulation_109.mp3,B,Cancel the project entirely.,Eat lunch and request a temporary extension from the management.,Call the department head.,Buy a new digital manual.,"Man: Hi Jane, did you get the memo about the social media campaign draft? 
Woman: Yes, but I am drowning under the immense workload this week. 
Man: Don't worry. Let's grab lunch and we can request a temporary extension from the management together.",What do the speakers plan to do?,Pertanyaan mengenai rencana tindakan. Pria mengajak wanita untuk makan siang bersama sambil melakukan penyelesaian yaitu request a temporary extension from the management.
193,Part A (Idiom),listening_simulation_110.mp3,B,The man is sitting on the office boundary fence.,The man is undecided and needs to make a firm choice.,The man already completed the assigned spreadsheet.,The man wants to complain to the supervisor.,"Man: I am honestly still on the fence about finalizing the quarterly budget spreadsheet. 
Woman: You need to make up your mind quickly, or the marketing coordinator will be very disappointed. 
Narrator: What does the woman imply about the man?",What does the woman imply about the man?,Menguji idiom 'on the fence' (ragu-ragu) dan 'make up your mind' (mengambil keputusan). Pilihan B benar karena merefrasa makna idiom tersebut secara akurat.
194,Part C: Academic Talks,listening_simulation_111.mp3,A,A comprehensive analysis of the impact of artificial intelligence on logistics.,An announcement about office vacation.,A historical overview of banking.,A health insurance policy briefing.,Speaker: Good morning class. Today we will explore the impact of artificial intelligence on logistics. Using predictive algorithms for warehouse supply chains reduces overhead storage costs by roughly fifteen percent globally. This study will serve as our primary benchmark for corporate productivity.,What is the primary subject of the talk?,Pertanyaan mengenai gagasan utama kuliah akademik. Pembicara menyatakan bahwa pembahasan hari ini berpusat pada analisis the impact of artificial intelligence on logistics.
195,Part C: Academic Talks,listening_simulation_111.mp3,B,To reduce employee salaries.,To set a new benchmark for corporate productivity.,To redecorate the executive lounge.,To audit the accounting software.,Speaker: Good morning class. Today we will explore the impact of artificial intelligence on logistics. Using predictive algorithms for warehouse supply chains reduces overhead storage costs by roughly fifteen percent globally. This study will serve as our primary benchmark for corporate productivity.,What is the main goal of discussing this method?,Pertanyaan informasi spesifik. Pembicara menyebutkan bahwa tujuan studi ini adalah sebagai tolok ukur baru bagi produktivitas perusahaan.
196,Part C: Academic Talks,listening_simulation_112.mp3,A,A comprehensive analysis of sustainable workplace design.,An announcement about office vacation.,A historical overview of banking.,A health insurance policy briefing.,"Speaker: Good morning class. Today we will explore sustainable workplace design. By introducing natural lighting and ergonomic furniture, companies report a twenty percent decrease in employee absenteeism and a massive boost in daily focus. This study will serve as our primary benchmark for corporate productivity.",What is the primary subject of the talk?,Pertanyaan mengenai gagasan utama kuliah akademik. Pembicara menyatakan bahwa pembahasan hari ini berpusat pada analisis sustainable workplace design.
197,Part C: Academic Talks,listening_simulation_112.mp3,B,To reduce employee salaries.,To set a new benchmark for corporate productivity.,To redecorate the executive lounge.,To audit the accounting software.,"Speaker: Good morning class. Today we will explore sustainable workplace design. By introducing natural lighting and ergonomic furniture, companies report a twenty percent decrease in employee absenteeism and a massive boost in daily focus. This study will serve as our primary benchmark for corporate productivity.",What is the main goal of discussing this method?,Pertanyaan informasi spesifik. Pembicara menyebutkan bahwa tujuan studi ini adalah sebagai tolok ukur baru bagi produktivitas perusahaan.
198,Part B: Long Conversation,listening_simulation_113.mp3,A,She is completely lost and confused about the guidelines.,She forgot to attend the lunch meeting.,She lost the printed memo.,She wants to change teams.,"Man: Hi Jane, did you get the memo about the quarterly budget spreadsheet? 
Woman: Yes, but I am completely lost and confused about the guidelines. 
Man: Don't worry. Let's grab lunch and we can schedule an urgent one-on-one meeting with the director together.",What is the woman's main concern?,Pertanyaan mengenai permasalahan utama pembicara wanita. Wanita mengeluh bahwa ia sedang mengalami kendala yaitu completely lost and confused about the guidelines.
199,Part B: Long Conversation,listening_simulation_113.mp3,B,Cancel the project entirely.,Eat lunch and schedule an urgent one-on-one meeting with the director.,Call the department head.,Buy a new digital manual.,"Man: Hi Jane, did you get the memo about the quarterly budget spreadsheet? 
Woman: Yes, but I am completely lost and confused about the guidelines. 
Man: Don't worry. Let's grab lunch and we can schedule an urgent one-on-one meeting with the director together.",What do the speakers plan to do?,Pertanyaan mengenai rencana tindakan. Pria mengajak wanita untuk makan siang bersama sambil melakukan penyelesaian yaitu schedule an urgent one-on-one meeting with the director.
200,Part C: Academic Talks,listening_simulation_114.mp3,A,A comprehensive analysis of conflict resolution in corporate teams.,An announcement about office vacation.,A historical overview of banking.,A health insurance policy briefing.,Speaker: Good morning class. Today we will explore conflict resolution in corporate teams. Establishing clear communication channels and setting neutral boundaries early helps prevent personal bias from derailing collaborative milestones. This study will serve as our primary benchmark for corporate productivity.,What is the primary subject of the talk?,Pertanyaan mengenai gagasan utama kuliah akademik. Pembicara menyatakan bahwa pembahasan hari ini berpusat pada analisis conflict resolution in corporate teams.
201,Part C: Academic Talks,listening_simulation_114.mp3,B,To reduce employee salaries.,To set a new benchmark for corporate productivity.,To redecorate the executive lounge.,To audit the accounting software.,Speaker: Good morning class. Today we will explore conflict resolution in corporate teams. Establishing clear communication channels and setting neutral boundaries early helps prevent personal bias from derailing collaborative milestones. This study will serve as our primary benchmark for corporate productivity.,What is the main goal of discussing this method?,Pertanyaan informasi spesifik. Pembicara menyebutkan bahwa tujuan studi ini adalah sebagai tolok ukur baru bagi produktivitas perusahaan.
202,Part C: Academic Talks,listening_simulation_115.mp3,A,A comprehensive analysis of conflict resolution in corporate teams.,An announcement about office vacation.,A historical overview of banking.,A health insurance policy briefing.,Speaker: Good morning class. Today we will explore conflict resolution in corporate teams. Establishing clear communication channels and setting neutral boundaries early helps prevent personal bias from derailing collaborative milestones. This study will serve as our primary benchmark for corporate productivity.,What is the primary subject of the talk?,Pertanyaan mengenai gagasan utama kuliah akademik. Pembicara menyatakan bahwa pembahasan hari ini berpusat pada analisis conflict resolution in corporate teams.
203,Part C: Academic Talks,listening_simulation_115.mp3,B,To reduce employee salaries.,To set a new benchmark for corporate productivity.,To redecorate the executive lounge.,To audit the accounting software.,Speaker: Good morning class. Today we will explore conflict resolution in corporate teams. Establishing clear communication channels and setting neutral boundaries early helps prevent personal bias from derailing collaborative milestones. This study will serve as our primary benchmark for corporate productivity.,What is the main goal of discussing this method?,Pertanyaan informasi spesifik. Pembicara menyebutkan bahwa tujuan studi ini adalah sebagai tolok ukur baru bagi produktivitas perusahaan.
204,Part B: Long Conversation,listening_simulation_116.mp3,A,She is unable to back up the data before the computer crashed.,She forgot to attend the lunch meeting.,She lost the printed memo.,She wants to change teams.,"Man: Hi Jane, did you get the memo about the customer feedback compilation? 
Woman: Yes, but I am unable to back up the data before the computer crashed. 
Man: Don't worry. Let's grab lunch and we can schedule an urgent one-on-one meeting with the director together.",What is the woman's main concern?,Pertanyaan mengenai permasalahan utama pembicara wanita. Wanita mengeluh bahwa ia sedang mengalami kendala yaitu unable to back up the data before the computer crashed.
205,Part B: Long Conversation,listening_simulation_116.mp3,B,Cancel the project entirely.,Eat lunch and schedule an urgent one-on-one meeting with the director.,Call the department head.,Buy a new digital manual.,"Man: Hi Jane, did you get the memo about the customer feedback compilation? 
Woman: Yes, but I am unable to back up the data before the computer crashed. 
Man: Don't worry. Let's grab lunch and we can schedule an urgent one-on-one meeting with the director together.",What do the speakers plan to do?,Pertanyaan mengenai rencana tindakan. Pria mengajak wanita untuk makan siang bersama sambil melakukan penyelesaian yaitu schedule an urgent one-on-one meeting with the director.
206,Part C: Academic Talks,listening_simulation_117.mp3,A,A comprehensive analysis of sustainable workplace design.,An announcement about office vacation.,A historical overview of banking.,A health insurance policy briefing.,"Speaker: Good morning class. Today we will explore sustainable workplace design. By introducing natural lighting and ergonomic furniture, companies report a twenty percent decrease in employee absenteeism and a massive boost in daily focus. This study will serve as our primary benchmark for corporate productivity.",What is the primary subject of the talk?,Pertanyaan mengenai gagasan utama kuliah akademik. Pembicara menyatakan bahwa pembahasan hari ini berpusat pada analisis sustainable workplace design.
207,Part C: Academic Talks,listening_simulation_117.mp3,B,To reduce employee salaries.,To set a new benchmark for corporate productivity.,To redecorate the executive lounge.,To audit the accounting software.,"Speaker: Good morning class. Today we will explore sustainable workplace design. By introducing natural lighting and ergonomic furniture, companies report a twenty percent decrease in employee absenteeism and a massive boost in daily focus. This study will serve as our primary benchmark for corporate productivity.",What is the main goal of discussing this method?,Pertanyaan informasi spesifik. Pembicara menyebutkan bahwa tujuan studi ini adalah sebagai tolok ukur baru bagi produktivitas perusahaan.
208,Part B: Long Conversation,listening_simulation_118.mp3,A,She is unable to back up the data before the computer crashed.,She forgot to attend the lunch meeting.,She lost the printed memo.,She wants to change teams.,"Man: Hi Jane, did you get the memo about the quarterly budget spreadsheet? 
Woman: Yes, but I am unable to back up the data before the computer crashed. 
Man: Don't worry. Let's grab lunch and we can schedule an urgent one-on-one meeting with the director together.",What is the woman's main concern?,Pertanyaan mengenai permasalahan utama pembicara wanita. Wanita mengeluh bahwa ia sedang mengalami kendala yaitu unable to back up the data before the computer crashed.
209,Part B: Long Conversation,listening_simulation_118.mp3,B,Cancel the project entirely.,Eat lunch and schedule an urgent one-on-one meeting with the director.,Call the department head.,Buy a new digital manual.,"Man: Hi Jane, did you get the memo about the quarterly budget spreadsheet? 
Woman: Yes, but I am unable to back up the data before the computer crashed. 
Man: Don't worry. Let's grab lunch and we can schedule an urgent one-on-one meeting with the director together.",What do the speakers plan to do?,Pertanyaan mengenai rencana tindakan. Pria mengajak wanita untuk makan siang bersama sambil melakukan penyelesaian yaitu schedule an urgent one-on-one meeting with the director.
210,Part A (Idiom),listening_simulation_119.mp3,B,The man is sitting on the office boundary fence.,The man is undecided and needs to make a firm choice.,The man already completed the assigned spreadsheet.,The man wants to complain to the supervisor.,"Man: I am honestly still on the fence about finalizing the quarterly budget spreadsheet. 
Woman: You need to make up your mind quickly, or the department head will be very disappointed. 
Narrator: What does the woman imply about the man?",What does the woman imply about the man?,Menguji idiom 'on the fence' (ragu-ragu) dan 'make up your mind' (mengambil keputusan). Pilihan B benar karena merefrasa makna idiom tersebut secara akurat.
211,Part C: Academic Talks,listening_simulation_120.mp3,A,A comprehensive analysis of the psychology of consumer choice.,An announcement about office vacation.,A historical overview of banking.,A health insurance policy briefing.,"Speaker: Good morning class. Today we will explore the psychology of consumer choice. Limiting the number of options on a retail display reduces decision fatigue, which paradoxically increases the final conversion rate by thirty percent. This study will serve as our primary benchmark for corporate productivity.",What is the primary subject of the talk?,Pertanyaan mengenai gagasan utama kuliah akademik. Pembicara menyatakan bahwa pembahasan hari ini berpusat pada analisis the psychology of consumer choice.
212,Part C: Academic Talks,listening_simulation_120.mp3,B,To reduce employee salaries.,To set a new benchmark for corporate productivity.,To redecorate the executive lounge.,To audit the accounting software.,"Speaker: Good morning class. Today we will explore the psychology of consumer choice. Limiting the number of options on a retail display reduces decision fatigue, which paradoxically increases the final conversion rate by thirty percent. This study will serve as our primary benchmark for corporate productivity.",What is the main goal of discussing this method?,Pertanyaan informasi spesifik. Pembicara menyebutkan bahwa tujuan studi ini adalah sebagai tolok ukur baru bagi produktivitas perusahaan.
213,Part C: Academic Talks,listening_simulation_121.mp3,A,A comprehensive analysis of the impact of artificial intelligence on logistics.,An announcement about office vacation.,A historical overview of banking.,A health insurance policy briefing.,Speaker: Good morning class. Today we will explore the impact of artificial intelligence on logistics. Using predictive algorithms for warehouse supply chains reduces overhead storage costs by roughly fifteen percent globally. This study will serve as our primary benchmark for corporate productivity.,What is the primary subject of the talk?,Pertanyaan mengenai gagasan utama kuliah akademik. Pembicara menyatakan bahwa pembahasan hari ini berpusat pada analisis the impact of artificial intelligence on logistics.
214,Part C: Academic Talks,listening_simulation_121.mp3,B,To reduce employee salaries.,To set a new benchmark for corporate productivity.,To redecorate the executive lounge.,To audit the accounting software.,Speaker: Good morning class. Today we will explore the impact of artificial intelligence on logistics. Using predictive algorithms for warehouse supply chains reduces overhead storage costs by roughly fifteen percent globally. This study will serve as our primary benchmark for corporate productivity.,What is the main goal of discussing this method?,Pertanyaan informasi spesifik. Pembicara menyebutkan bahwa tujuan studi ini adalah sebagai tolok ukur baru bagi produktivitas perusahaan.
215,Part A (Idiom),listening_simulation_122.mp3,B,The man is sitting on the office boundary fence.,The man is undecided and needs to make a firm choice.,The man already completed the assigned spreadsheet.,The man wants to complain to the supervisor.,"Man: I am honestly still on the fence about finalizing the annual tax report. 
Woman: You need to make up your mind quickly, or the marketing coordinator will be very disappointed. 
Narrator: What does the woman imply about the man?",What does the woman imply about the man?,Menguji idiom 'on the fence' (ragu-ragu) dan 'make up your mind' (mengambil keputusan). Pilihan B benar karena merefrasa makna idiom tersebut secara akurat.
216,Part A (Suggestion),listening_simulation_123.mp3,A,Take immediate action to request a temporary extension from the management.,Ignore the supervisor and quit the current position.,Continue working despite being drowning under the immense workload this week.,Submit the report without reviewing the guidelines.,"Man: I am totally drowning under the immense workload this week. 
Woman: Why don't you request a temporary extension from the management before doing anything else? 
Narrator: What does the woman suggest the man do?",What does the woman suggest the man do?,Menguji struktur pemberian saran menggunakan pola 'Why don't you...'. Wanita menyarankan pria agar request a temporary extension from the management.
217,Part B: Long Conversation,listening_simulation_124.mp3,A,She is having a terrible misunderstanding with the logistics team.,She forgot to attend the lunch meeting.,She lost the printed memo.,She wants to change teams.,"Man: Hi Jane, did you get the memo about the annual tax report? 
Woman: Yes, but I am having a terrible misunderstanding with the logistics team. 
Man: Don't worry. Let's grab lunch and we can delegate the administrative tasks to the assistant together.",What is the woman's main concern?,Pertanyaan mengenai permasalahan utama pembicara wanita. Wanita mengeluh bahwa ia sedang mengalami kendala yaitu having a terrible misunderstanding with the logistics team.
218,Part B: Long Conversation,listening_simulation_124.mp3,B,Cancel the project entirely.,Eat lunch and delegate the administrative tasks to the assistant.,Call the department head.,Buy a new digital manual.,"Man: Hi Jane, did you get the memo about the annual tax report? 
Woman: Yes, but I am having a terrible misunderstanding with the logistics team. 
Man: Don't worry. Let's grab lunch and we can delegate the administrative tasks to the assistant together.",What do the speakers plan to do?,Pertanyaan mengenai rencana tindakan. Pria mengajak wanita untuk makan siang bersama sambil melakukan penyelesaian yaitu delegate the administrative tasks to the assistant.
219,Part A (Idiom),listening_simulation_125.mp3,B,The man is sitting on the office boundary fence.,The man is undecided and needs to make a firm choice.,The man already completed the assigned spreadsheet.,The man wants to complain to the supervisor.,"Man: I am honestly still on the fence about finalizing the quarterly inventory log. 
Woman: You need to make up your mind quickly, or the marketing coordinator will be very disappointed. 
Narrator: What does the woman imply about the man?",What does the woman imply about the man?,Menguji idiom 'on the fence' (ragu-ragu) dan 'make up your mind' (mengambil keputusan). Pilihan B benar karena merefrasa makna idiom tersebut secara akurat.
220,Part B: Long Conversation,listening_simulation_126.mp3,A,She is drowning under the immense workload this week.,She forgot to attend the lunch meeting.,She lost the printed memo.,She wants to change teams.,"Man: Hi Jane, did you get the memo about the recruitment interview schedule? 
Woman: Yes, but I am drowning under the immense workload this week. 
Man: Don't worry. Let's grab lunch and we can schedule an urgent one-on-one meeting with the director together.",What is the woman's main concern?,Pertanyaan mengenai permasalahan utama pembicara wanita. Wanita mengeluh bahwa ia sedang mengalami kendala yaitu drowning under the immense workload this week.
221,Part B: Long Conversation,listening_simulation_126.mp3,B,Cancel the project entirely.,Eat lunch and schedule an urgent one-on-one meeting with the director.,Call the department head.,Buy a new digital manual.,"Man: Hi Jane, did you get the memo about the recruitment interview schedule? 
Woman: Yes, but I am drowning under the immense workload this week. 
Man: Don't worry. Let's grab lunch and we can schedule an urgent one-on-one meeting with the director together.",What do the speakers plan to do?,Pertanyaan mengenai rencana tindakan. Pria mengajak wanita untuk makan siang bersama sambil melakukan penyelesaian yaitu schedule an urgent one-on-one meeting with the director.
222,Part C: Academic Talks,listening_simulation_127.mp3,A,A comprehensive analysis of the psychology of consumer choice.,An announcement about office vacation.,A historical overview of banking.,A health insurance policy briefing.,"Speaker: Good morning class. Today we will explore the psychology of consumer choice. Limiting the number of options on a retail display reduces decision fatigue, which paradoxically increases the final conversion rate by thirty percent. This study will serve as our primary benchmark for corporate productivity.",What is the primary subject of the talk?,Pertanyaan mengenai gagasan utama kuliah akademik. Pembicara menyatakan bahwa pembahasan hari ini berpusat pada analisis the psychology of consumer choice.
223,Part C: Academic Talks,listening_simulation_127.mp3,B,To reduce employee salaries.,To set a new benchmark for corporate productivity.,To redecorate the executive lounge.,To audit the accounting software.,"Speaker: Good morning class. Today we will explore the psychology of consumer choice. Limiting the number of options on a retail display reduces decision fatigue, which paradoxically increases the final conversion rate by thirty percent. This study will serve as our primary benchmark for corporate productivity.",What is the main goal of discussing this method?,Pertanyaan informasi spesifik. Pembicara menyebutkan bahwa tujuan studi ini adalah sebagai tolok ukur baru bagi produktivitas perusahaan.
224,Part C: Academic Talks,listening_simulation_128.mp3,A,A comprehensive analysis of conflict resolution in corporate teams.,An announcement about office vacation.,A historical overview of banking.,A health insurance policy briefing.,Speaker: Good morning class. Today we will explore conflict resolution in corporate teams. Establishing clear communication channels and setting neutral boundaries early helps prevent personal bias from derailing collaborative milestones. This study will serve as our primary benchmark for corporate productivity.,What is the primary subject of the talk?,Pertanyaan mengenai gagasan utama kuliah akademik. Pembicara menyatakan bahwa pembahasan hari ini berpusat pada analisis conflict resolution in corporate teams.
225,Part C: Academic Talks,listening_simulation_128.mp3,B,To reduce employee salaries.,To set a new benchmark for corporate productivity.,To redecorate the executive lounge.,To audit the accounting software.,Speaker: Good morning class. Today we will explore conflict resolution in corporate teams. Establishing clear communication channels and setting neutral boundaries early helps prevent personal bias from derailing collaborative milestones. This study will serve as our primary benchmark for corporate productivity.,What is the main goal of discussing this method?,Pertanyaan informasi spesifik. Pembicara menyebutkan bahwa tujuan studi ini adalah sebagai tolok ukur baru bagi produktivitas perusahaan.
226,Part C: Academic Talks,listening_simulation_129.mp3,A,A comprehensive analysis of sustainable workplace design.,An announcement about office vacation.,A historical overview of banking.,A health insurance policy briefing.,"Speaker: Good morning class. Today we will explore sustainable workplace design. By introducing natural lighting and ergonomic furniture, companies report a twenty percent decrease in employee absenteeism and a massive boost in daily focus. This study will serve as our primary benchmark for corporate productivity.",What is the primary subject of the talk?,Pertanyaan mengenai gagasan utama kuliah akademik. Pembicara menyatakan bahwa pembahasan hari ini berpusat pada analisis sustainable workplace design.
227,Part C: Academic Talks,listening_simulation_129.mp3,B,To reduce employee salaries.,To set a new benchmark for corporate productivity.,To redecorate the executive lounge.,To audit the accounting software.,"Speaker: Good morning class. Today we will explore sustainable workplace design. By introducing natural lighting and ergonomic furniture, companies report a twenty percent decrease in employee absenteeism and a massive boost in daily focus. This study will serve as our primary benchmark for corporate productivity.",What is the main goal of discussing this method?,Pertanyaan informasi spesifik. Pembicara menyebutkan bahwa tujuan studi ini adalah sebagai tolok ukur baru bagi produktivitas perusahaan.
228,Part C: Academic Talks,listening_simulation_130.mp3,A,A comprehensive analysis of conflict resolution in corporate teams.,An announcement about office vacation.,A historical overview of banking.,A health insurance policy briefing.,Speaker: Good morning class. Today we will explore conflict resolution in corporate teams. Establishing clear communication channels and setting neutral boundaries early helps prevent personal bias from derailing collaborative milestones. This study will serve as our primary benchmark for corporate productivity.,What is the primary subject of the talk?,Pertanyaan mengenai gagasan utama kuliah akademik. Pembicara menyatakan bahwa pembahasan hari ini berpusat pada analisis conflict resolution in corporate teams.
229,Part C: Academic Talks,listening_simulation_130.mp3,B,To reduce employee salaries.,To set a new benchmark for corporate productivity.,To redecorate the executive lounge.,To audit the accounting software.,Speaker: Good morning class. Today we will explore conflict resolution in corporate teams. Establishing clear communication channels and setting neutral boundaries early helps prevent personal bias from derailing collaborative milestones. This study will serve as our primary benchmark for corporate productivity.,What is the main goal of discussing this method?,Pertanyaan informasi spesifik. Pembicara menyebutkan bahwa tujuan studi ini adalah sebagai tolok ukur baru bagi produktivitas perusahaan.
230,Part A (Suggestion),listening_simulation_131.mp3,A,Take immediate action to request a temporary extension from the management.,Ignore the supervisor and quit the current position.,Continue working despite being having a terrible misunderstanding with the logistics team.,Submit the report without reviewing the guidelines.,"Man: I am totally having a terrible misunderstanding with the logistics team. 
Woman: Why don't you request a temporary extension from the management before doing anything else? 
Narrator: What does the woman suggest the man do?",What does the woman suggest the man do?,Menguji struktur pemberian saran menggunakan pola 'Why don't you...'. Wanita menyarankan pria agar request a temporary extension from the management.
231,Part C: Academic Talks,listening_simulation_132.mp3,A,A comprehensive analysis of conflict resolution in corporate teams.,An announcement about office vacation.,A historical overview of banking.,A health insurance policy briefing.,Speaker: Good morning class. Today we will explore conflict resolution in corporate teams. Establishing clear communication channels and setting neutral boundaries early helps prevent personal bias from derailing collaborative milestones. This study will serve as our primary benchmark for corporate productivity.,What is the primary subject of the talk?,Pertanyaan mengenai gagasan utama kuliah akademik. Pembicara menyatakan bahwa pembahasan hari ini berpusat pada analisis conflict resolution in corporate teams.
232,Part C: Academic Talks,listening_simulation_132.mp3,B,To reduce employee salaries.,To set a new benchmark for corporate productivity.,To redecorate the executive lounge.,To audit the accounting software.,Speaker: Good morning class. Today we will explore conflict resolution in corporate teams. Establishing clear communication channels and setting neutral boundaries early helps prevent personal bias from derailing collaborative milestones. This study will serve as our primary benchmark for corporate productivity.,What is the main goal of discussing this method?,Pertanyaan informasi spesifik. Pembicara menyebutkan bahwa tujuan studi ini adalah sebagai tolok ukur baru bagi produktivitas perusahaan.
233,Part A (Suggestion),listening_simulation_133.mp3,A,Take immediate action to delegate the administrative tasks to the assistant.,Ignore the supervisor and quit the current position.,Continue working despite being completely lost and confused about the guidelines.,Submit the report without reviewing the guidelines.,"Man: I am totally completely lost and confused about the guidelines. 
Woman: Why don't you delegate the administrative tasks to the assistant before doing anything else? 
Narrator: What does the woman suggest the man do?",What does the woman suggest the man do?,Menguji struktur pemberian saran menggunakan pola 'Why don't you...'. Wanita menyarankan pria agar delegate the administrative tasks to the assistant.
234,Part B: Long Conversation,listening_simulation_134.mp3,A,She is completely lost and confused about the guidelines.,She forgot to attend the lunch meeting.,She lost the printed memo.,She wants to change teams.,"Man: Hi Jane, did you get the memo about the customer feedback compilation? 
Woman: Yes, but I am completely lost and confused about the guidelines. 
Man: Don't worry. Let's grab lunch and we can review the training video manual sent by the coordinator together.",What is the woman's main concern?,Pertanyaan mengenai permasalahan utama pembicara wanita. Wanita mengeluh bahwa ia sedang mengalami kendala yaitu completely lost and confused about the guidelines.
235,Part B: Long Conversation,listening_simulation_134.mp3,B,Cancel the project entirely.,Eat lunch and review the training video manual sent by the coordinator.,Call the department head.,Buy a new digital manual.,"Man: Hi Jane, did you get the memo about the customer feedback compilation? 
Woman: Yes, but I am completely lost and confused about the guidelines. 
Man: Don't worry. Let's grab lunch and we can review the training video manual sent by the coordinator together.",What do the speakers plan to do?,Pertanyaan mengenai rencana tindakan. Pria mengajak wanita untuk makan siang bersama sambil melakukan penyelesaian yaitu review the training video manual sent by the coordinator.
236,Part C: Academic Talks,listening_simulation_135.mp3,A,A comprehensive analysis of conflict resolution in corporate teams.,An announcement about office vacation.,A historical overview of banking.,A health insurance policy briefing.,Speaker: Good morning class. Today we will explore conflict resolution in corporate teams. Establishing clear communication channels and setting neutral boundaries early helps prevent personal bias from derailing collaborative milestones. This study will serve as our primary benchmark for corporate productivity.,What is the primary subject of the talk?,Pertanyaan mengenai gagasan utama kuliah akademik. Pembicara menyatakan bahwa pembahasan hari ini berpusat pada analisis conflict resolution in corporate teams.
237,Part C: Academic Talks,listening_simulation_135.mp3,B,To reduce employee salaries.,To set a new benchmark for corporate productivity.,To redecorate the executive lounge.,To audit the accounting software.,Speaker: Good morning class. Today we will explore conflict resolution in corporate teams. Establishing clear communication channels and setting neutral boundaries early helps prevent personal bias from derailing collaborative milestones. This study will serve as our primary benchmark for corporate productivity.,What is the main goal of discussing this method?,Pertanyaan informasi spesifik. Pembicara menyebutkan bahwa tujuan studi ini adalah sebagai tolok ukur baru bagi produktivitas perusahaan.
238,Part C: Academic Talks,listening_simulation_136.mp3,A,A comprehensive analysis of sustainable workplace design.,An announcement about office vacation.,A historical overview of banking.,A health insurance policy briefing.,"Speaker: Good morning class. Today we will explore sustainable workplace design. By introducing natural lighting and ergonomic furniture, companies report a twenty percent decrease in employee absenteeism and a massive boost in daily focus. This study will serve as our primary benchmark for corporate productivity.",What is the primary subject of the talk?,Pertanyaan mengenai gagasan utama kuliah akademik. Pembicara menyatakan bahwa pembahasan hari ini berpusat pada analisis sustainable workplace design.
239,Part C: Academic Talks,listening_simulation_136.mp3,B,To reduce employee salaries.,To set a new benchmark for corporate productivity.,To redecorate the executive lounge.,To audit the accounting software.,"Speaker: Good morning class. Today we will explore sustainable workplace design. By introducing natural lighting and ergonomic furniture, companies report a twenty percent decrease in employee absenteeism and a massive boost in daily focus. This study will serve as our primary benchmark for corporate productivity.",What is the main goal of discussing this method?,Pertanyaan informasi spesifik. Pembicara menyebutkan bahwa tujuan studi ini adalah sebagai tolok ukur baru bagi produktivitas perusahaan.
240,Part B: Long Conversation,listening_simulation_137.mp3,A,She is struggling to meet the tight deadline set by the executive board.,She forgot to attend the lunch meeting.,She lost the printed memo.,She wants to change teams.,"Man: Hi Jane, did you get the memo about the social media campaign draft? 
Woman: Yes, but I am struggling to meet the tight deadline set by the executive board. 
Man: Don't worry. Let's grab lunch and we can review the training video manual sent by the coordinator together.",What is the woman's main concern?,Pertanyaan mengenai permasalahan utama pembicara wanita. Wanita mengeluh bahwa ia sedang mengalami kendala yaitu struggling to meet the tight deadline set by the executive board.
241,Part B: Long Conversation,listening_simulation_137.mp3,B,Cancel the project entirely.,Eat lunch and review the training video manual sent by the coordinator.,Call the department head.,Buy a new digital manual.,"Man: Hi Jane, did you get the memo about the social media campaign draft? 
Woman: Yes, but I am struggling to meet the tight deadline set by the executive board. 
Man: Don't worry. Let's grab lunch and we can review the training video manual sent by the coordinator together.",What do the speakers plan to do?,Pertanyaan mengenai rencana tindakan. Pria mengajak wanita untuk makan siang bersama sambil melakukan penyelesaian yaitu review the training video manual sent by the coordinator.
242,Part C: Academic Talks,listening_simulation_138.mp3,A,A comprehensive analysis of sustainable workplace design.,An announcement about office vacation.,A historical overview of banking.,A health insurance policy briefing.,"Speaker: Good morning class. Today we will explore sustainable workplace design. By introducing natural lighting and ergonomic furniture, companies report a twenty percent decrease in employee absenteeism and a massive boost in daily focus. This study will serve as our primary benchmark for corporate productivity.",What is the primary subject of the talk?,Pertanyaan mengenai gagasan utama kuliah akademik. Pembicara menyatakan bahwa pembahasan hari ini berpusat pada analisis sustainable workplace design.
243,Part C: Academic Talks,listening_simulation_138.mp3,B,To reduce employee salaries.,To set a new benchmark for corporate productivity.,To redecorate the executive lounge.,To audit the accounting software.,"Speaker: Good morning class. Today we will explore sustainable workplace design. By introducing natural lighting and ergonomic furniture, companies report a twenty percent decrease in employee absenteeism and a massive boost in daily focus. This study will serve as our primary benchmark for corporate productivity.",What is the main goal of discussing this method?,Pertanyaan informasi spesifik. Pembicara menyebutkan bahwa tujuan studi ini adalah sebagai tolok ukur baru bagi produktivitas perusahaan.
244,Part C: Academic Talks,listening_simulation_139.mp3,A,A comprehensive analysis of the impact of artificial intelligence on logistics.,An announcement about office vacation.,A historical overview of banking.,A health insurance policy briefing.,Speaker: Good morning class. Today we will explore the impact of artificial intelligence on logistics. Using predictive algorithms for warehouse supply chains reduces overhead storage costs by roughly fifteen percent globally. This study will serve as our primary benchmark for corporate productivity.,What is the primary subject of the talk?,Pertanyaan mengenai gagasan utama kuliah akademik. Pembicara menyatakan bahwa pembahasan hari ini berpusat pada analisis the impact of artificial intelligence on logistics.
245,Part C: Academic Talks,listening_simulation_139.mp3,B,To reduce employee salaries.,To set a new benchmark for corporate productivity.,To redecorate the executive lounge.,To audit the accounting software.,Speaker: Good morning class. Today we will explore the impact of artificial intelligence on logistics. Using predictive algorithms for warehouse supply chains reduces overhead storage costs by roughly fifteen percent globally. This study will serve as our primary benchmark for corporate productivity.,What is the main goal of discussing this method?,Pertanyaan informasi spesifik. Pembicara menyebutkan bahwa tujuan studi ini adalah sebagai tolok ukur baru bagi produktivitas perusahaan.
246,Part A (Idiom),listening_simulation_140.mp3,B,The man is sitting on the office boundary fence.,The man is undecided and needs to make a firm choice.,The man already completed the assigned spreadsheet.,The man wants to complain to the supervisor.,"Man: I am honestly still on the fence about finalizing the customer feedback compilation. 
Woman: You need to make up your mind quickly, or the project manager will be very disappointed. 
Narrator: What does the woman imply about the man?",What does the woman imply about the man?,Menguji idiom 'on the fence' (ragu-ragu) dan 'make up your mind' (mengambil keputusan). Pilihan B benar karena merefrasa makna idiom tersebut secara akurat.
247,Part A (Agreement),listening_simulation_141.mp3,B,She wants the man to repeat his statement about the timeline.,She completely agrees that the workload schedule is too demanding.,She thinks the project has already been canceled.,She prefers to work late at night rather than early morning.,"Man: The timeline to finish the customer feedback compilation is absurdly tight. 
Woman: You can say that again! I've been working non-stop since dawn. 
Narrator: What does the woman mean?",What does the woman mean?,Menguji ekspresi persetujuan (Agreement) 'You can say that again!' yang berarti pembicara kedua sangat setuju dengan pendapat pembicara pertama.
248,Part B: Long Conversation,listening_simulation_142.mp3,A,She is having a terrible misunderstanding with the logistics team.,She forgot to attend the lunch meeting.,She lost the printed memo.,She wants to change teams.,"Man: Hi Jane, did you get the memo about the office relocation plan? 
Woman: Yes, but I am having a terrible misunderstanding with the logistics team. 
Man: Don't worry. Let's grab lunch and we can review the training video manual sent by the coordinator together.",What is the woman's main concern?,Pertanyaan mengenai permasalahan utama pembicara wanita. Wanita mengeluh bahwa ia sedang mengalami kendala yaitu having a terrible misunderstanding with the logistics team.
249,Part B: Long Conversation,listening_simulation_142.mp3,B,Cancel the project entirely.,Eat lunch and review the training video manual sent by the coordinator.,Call the department head.,Buy a new digital manual.,"Man: Hi Jane, did you get the memo about the office relocation plan? 
Woman: Yes, but I am having a terrible misunderstanding with the logistics team. 
Man: Don't worry. Let's grab lunch and we can review the training video manual sent by the coordinator together.",What do the speakers plan to do?,Pertanyaan mengenai rencana tindakan. Pria mengajak wanita untuk makan siang bersama sambil melakukan penyelesaian yaitu review the training video manual sent by the coordinator.
250,Part C: Academic Talks,listening_simulation_143.mp3,A,A comprehensive analysis of the psychology of consumer choice.,An announcement about office vacation.,A historical overview of banking.,A health insurance policy briefing.,"Speaker: Good morning class. Today we will explore the psychology of consumer choice. Limiting the number of options on a retail display reduces decision fatigue, which paradoxically increases the final conversion rate by thirty percent. This study will serve as our primary benchmark for corporate productivity.",What is the primary subject of the talk?,Pertanyaan mengenai gagasan utama kuliah akademik. Pembicara menyatakan bahwa pembahasan hari ini berpusat pada analisis the psychology of consumer choice.
251,Part C: Academic Talks,listening_simulation_143.mp3,B,To reduce employee salaries.,To set a new benchmark for corporate productivity.,To redecorate the executive lounge.,To audit the accounting software.,"Speaker: Good morning class. Today we will explore the psychology of consumer choice. Limiting the number of options on a retail display reduces decision fatigue, which paradoxically increases the final conversion rate by thirty percent. This study will serve as our primary benchmark for corporate productivity.",What is the main goal of discussing this method?,Pertanyaan informasi spesifik. Pembicara menyebutkan bahwa tujuan studi ini adalah sebagai tolok ukur baru bagi produktivitas perusahaan.
252,Part B: Long Conversation,listening_simulation_144.mp3,A,She is unable to back up the data before the computer crashed.,She forgot to attend the lunch meeting.,She lost the printed memo.,She wants to change teams.,"Man: Hi Jane, did you get the memo about the quarterly inventory log? 
Woman: Yes, but I am unable to back up the data before the computer crashed. 
Man: Don't worry. Let's grab lunch and we can schedule an urgent one-on-one meeting with the director together.",What is the woman's main concern?,Pertanyaan mengenai permasalahan utama pembicara wanita. Wanita mengeluh bahwa ia sedang mengalami kendala yaitu unable to back up the data before the computer crashed.
253,Part B: Long Conversation,listening_simulation_144.mp3,B,Cancel the project entirely.,Eat lunch and schedule an urgent one-on-one meeting with the director.,Call the department head.,Buy a new digital manual.,"Man: Hi Jane, did you get the memo about the quarterly inventory log? 
Woman: Yes, but I am unable to back up the data before the computer crashed. 
Man: Don't worry. Let's grab lunch and we can schedule an urgent one-on-one meeting with the director together.",What do the speakers plan to do?,Pertanyaan mengenai rencana tindakan. Pria mengajak wanita untuk makan siang bersama sambil melakukan penyelesaian yaitu schedule an urgent one-on-one meeting with the director.
254,Part B: Long Conversation,listening_simulation_145.mp3,A,She is having a terrible misunderstanding with the logistics team.,She forgot to attend the lunch meeting.,She lost the printed memo.,She wants to change teams.,"Man: Hi Jane, did you get the memo about the social media campaign draft? 
Woman: Yes, but I am having a terrible misunderstanding with the logistics team. 
Man: Don't worry. Let's grab lunch and we can schedule an urgent one-on-one meeting with the director together.",What is the woman's main concern?,Pertanyaan mengenai permasalahan utama pembicara wanita. Wanita mengeluh bahwa ia sedang mengalami kendala yaitu having a terrible misunderstanding with the logistics team.
255,Part B: Long Conversation,listening_simulation_145.mp3,B,Cancel the project entirely.,Eat lunch and schedule an urgent one-on-one meeting with the director.,Call the department head.,Buy a new digital manual.,"Man: Hi Jane, did you get the memo about the social media campaign draft? 
Woman: Yes, but I am having a terrible misunderstanding with the logistics team. 
Man: Don't worry. Let's grab lunch and we can schedule an urgent one-on-one meeting with the director together.",What do the speakers plan to do?,Pertanyaan mengenai rencana tindakan. Pria mengajak wanita untuk makan siang bersama sambil melakukan penyelesaian yaitu schedule an urgent one-on-one meeting with the director.
256,Part C: Academic Talks,listening_simulation_146.mp3,A,A comprehensive analysis of the impact of artificial intelligence on logistics.,An announcement about office vacation.,A historical overview of banking.,A health insurance policy briefing.,Speaker: Good morning class. Today we will explore the impact of artificial intelligence on logistics. Using predictive algorithms for warehouse supply chains reduces overhead storage costs by roughly fifteen percent globally. This study will serve as our primary benchmark for corporate productivity.,What is the primary subject of the talk?,Pertanyaan mengenai gagasan utama kuliah akademik. Pembicara menyatakan bahwa pembahasan hari ini berpusat pada analisis the impact of artificial intelligence on logistics.
257,Part C: Academic Talks,listening_simulation_146.mp3,B,To reduce employee salaries.,To set a new benchmark for corporate productivity.,To redecorate the executive lounge.,To audit the accounting software.,Speaker: Good morning class. Today we will explore the impact of artificial intelligence on logistics. Using predictive algorithms for warehouse supply chains reduces overhead storage costs by roughly fifteen percent globally. This study will serve as our primary benchmark for corporate productivity.,What is the main goal of discussing this method?,Pertanyaan informasi spesifik. Pembicara menyebutkan bahwa tujuan studi ini adalah sebagai tolok ukur baru bagi produktivitas perusahaan.
258,Part C: Academic Talks,listening_simulation_147.mp3,A,A comprehensive analysis of the psychology of consumer choice.,An announcement about office vacation.,A historical overview of banking.,A health insurance policy briefing.,"Speaker: Good morning class. Today we will explore the psychology of consumer choice. Limiting the number of options on a retail display reduces decision fatigue, which paradoxically increases the final conversion rate by thirty percent. This study will serve as our primary benchmark for corporate productivity.",What is the primary subject of the talk?,Pertanyaan mengenai gagasan utama kuliah akademik. Pembicara menyatakan bahwa pembahasan hari ini berpusat pada analisis the psychology of consumer choice.
259,Part C: Academic Talks,listening_simulation_147.mp3,B,To reduce employee salaries.,To set a new benchmark for corporate productivity.,To redecorate the executive lounge.,To audit the accounting software.,"Speaker: Good morning class. Today we will explore the psychology of consumer choice. Limiting the number of options on a retail display reduces decision fatigue, which paradoxically increases the final conversion rate by thirty percent. This study will serve as our primary benchmark for corporate productivity.",What is the main goal of discussing this method?,Pertanyaan informasi spesifik. Pembicara menyebutkan bahwa tujuan studi ini adalah sebagai tolok ukur baru bagi produktivitas perusahaan.
260,Part B: Long Conversation,listening_simulation_148.mp3,A,She is unable to back up the data before the computer crashed.,She forgot to attend the lunch meeting.,She lost the printed memo.,She wants to change teams.,"Man: Hi Jane, did you get the memo about the annual tax report? 
Woman: Yes, but I am unable to back up the data before the computer crashed. 
Man: Don't worry. Let's grab lunch and we can take a fifteen-minute walk to clear your mind together.",What is the woman's main concern?,Pertanyaan mengenai permasalahan utama pembicara wanita. Wanita mengeluh bahwa ia sedang mengalami kendala yaitu unable to back up the data before the computer crashed.
261,Part B: Long Conversation,listening_simulation_148.mp3,B,Cancel the project entirely.,Eat lunch and take a fifteen-minute walk to clear your mind.,Call the department head.,Buy a new digital manual.,"Man: Hi Jane, did you get the memo about the annual tax report? 
Woman: Yes, but I am unable to back up the data before the computer crashed. 
Man: Don't worry. Let's grab lunch and we can take a fifteen-minute walk to clear your mind together.",What do the speakers plan to do?,Pertanyaan mengenai rencana tindakan. Pria mengajak wanita untuk makan siang bersama sambil melakukan penyelesaian yaitu take a fifteen-minute walk to clear your mind.
262,Part C: Academic Talks,listening_simulation_149.mp3,A,A comprehensive analysis of the impact of artificial intelligence on logistics.,An announcement about office vacation.,A historical overview of banking.,A health insurance policy briefing.,Speaker: Good morning class. Today we will explore the impact of artificial intelligence on logistics. Using predictive algorithms for warehouse supply chains reduces overhead storage costs by roughly fifteen percent globally. This study will serve as our primary benchmark for corporate productivity.,What is the primary subject of the talk?,Pertanyaan mengenai gagasan utama kuliah akademik. Pembicara menyatakan bahwa pembahasan hari ini berpusat pada analisis the impact of artificial intelligence on logistics.
263,Part C: Academic Talks,listening_simulation_149.mp3,B,To reduce employee salaries.,To set a new benchmark for corporate productivity.,To redecorate the executive lounge.,To audit the accounting software.,Speaker: Good morning class. Today we will explore the impact of artificial intelligence on logistics. Using predictive algorithms for warehouse supply chains reduces overhead storage costs by roughly fifteen percent globally. This study will serve as our primary benchmark for corporate productivity.,What is the main goal of discussing this method?,Pertanyaan informasi spesifik. Pembicara menyebutkan bahwa tujuan studi ini adalah sebagai tolok ukur baru bagi produktivitas perusahaan.
264,Part A (Agreement),listening_simulation_150.mp3,B,She wants the man to repeat his statement about the timeline.,She completely agrees that the workload schedule is too demanding.,She thinks the project has already been canceled.,She prefers to work late at night rather than early morning.,"Man: The timeline to finish the client's presentation slides is absurdly tight. 
Woman: You can say that again! I've been working non-stop since dawn. 
Narrator: What does the woman mean?",What does the woman mean?,Menguji ekspresi persetujuan (Agreement) 'You can say that again!' yang berarti pembicara kedua sangat setuju dengan pendapat pembicara pertama.
265,Part A (Suggestion),listening_simulation_151.mp3,A,Take immediate action to request a temporary extension from the management.,Ignore the supervisor and quit the current position.,Continue working despite being struggling to meet the tight deadline set by the executive board.,Submit the report without reviewing the guidelines.,"Man: I am totally struggling to meet the tight deadline set by the executive board. 
Woman: Why don't you request a temporary extension from the management before doing anything else? 
Narrator: What does the woman suggest the man do?",What does the woman suggest the man do?,Menguji struktur pemberian saran menggunakan pola 'Why don't you...'. Wanita menyarankan pria agar request a temporary extension from the management.
266,Part C: Academic Talks,listening_simulation_152.mp3,A,A comprehensive analysis of the impact of artificial intelligence on logistics.,An announcement about office vacation.,A historical overview of banking.,A health insurance policy briefing.,Speaker: Good morning class. Today we will explore the impact of artificial intelligence on logistics. Using predictive algorithms for warehouse supply chains reduces overhead storage costs by roughly fifteen percent globally. This study will serve as our primary benchmark for corporate productivity.,What is the primary subject of the talk?,Pertanyaan mengenai gagasan utama kuliah akademik. Pembicara menyatakan bahwa pembahasan hari ini berpusat pada analisis the impact of artificial intelligence on logistics.
267,Part C: Academic Talks,listening_simulation_152.mp3,B,To reduce employee salaries.,To set a new benchmark for corporate productivity.,To redecorate the executive lounge.,To audit the accounting software.,Speaker: Good morning class. Today we will explore the impact of artificial intelligence on logistics. Using predictive algorithms for warehouse supply chains reduces overhead storage costs by roughly fifteen percent globally. This study will serve as our primary benchmark for corporate productivity.,What is the main goal of discussing this method?,Pertanyaan informasi spesifik. Pembicara menyebutkan bahwa tujuan studi ini adalah sebagai tolok ukur baru bagi produktivitas perusahaan.
268,Part A (Idiom),listening_simulation_153.mp3,B,The man is sitting on the office boundary fence.,The man is undecided and needs to make a firm choice.,The man already completed the assigned spreadsheet.,The man wants to complain to the supervisor.,"Man: I am honestly still on the fence about finalizing the quarterly inventory log. 
Woman: You need to make up your mind quickly, or the HR director will be very disappointed. 
Narrator: What does the woman imply about the man?",What does the woman imply about the man?,Menguji idiom 'on the fence' (ragu-ragu) dan 'make up your mind' (mengambil keputusan). Pilihan B benar karena merefrasa makna idiom tersebut secara akurat.
269,Part A (Idiom),listening_simulation_154.mp3,B,The man is sitting on the office boundary fence.,The man is undecided and needs to make a firm choice.,The man already completed the assigned spreadsheet.,The man wants to complain to the supervisor.,"Man: I am honestly still on the fence about finalizing the office relocation plan. 
Woman: You need to make up your mind quickly, or the marketing coordinator will be very disappointed. 
Narrator: What does the woman imply about the man?",What does the woman imply about the man?,Menguji idiom 'on the fence' (ragu-ragu) dan 'make up your mind' (mengambil keputusan). Pilihan B benar karena merefrasa makna idiom tersebut secara akurat.
270,Part B: Long Conversation,listening_simulation_155.mp3,A,She is unable to back up the data before the computer crashed.,She forgot to attend the lunch meeting.,She lost the printed memo.,She wants to change teams.,"Man: Hi Jane, did you get the memo about the client's presentation slides? 
Woman: Yes, but I am unable to back up the data before the computer crashed. 
Man: Don't worry. Let's grab lunch and we can request a temporary extension from the management together.",What is the woman's main concern?,Pertanyaan mengenai permasalahan utama pembicara wanita. Wanita mengeluh bahwa ia sedang mengalami kendala yaitu unable to back up the data before the computer crashed.
271,Part B: Long Conversation,listening_simulation_155.mp3,B,Cancel the project entirely.,Eat lunch and request a temporary extension from the management.,Call the department head.,Buy a new digital manual.,"Man: Hi Jane, did you get the memo about the client's presentation slides? 
Woman: Yes, but I am unable to back up the data before the computer crashed. 
Man: Don't worry. Let's grab lunch and we can request a temporary extension from the management together.",What do the speakers plan to do?,Pertanyaan mengenai rencana tindakan. Pria mengajak wanita untuk makan siang bersama sambil melakukan penyelesaian yaitu request a temporary extension from the management.
272,Part C: Academic Talks,listening_simulation_156.mp3,A,A comprehensive analysis of conflict resolution in corporate teams.,An announcement about office vacation.,A historical overview of banking.,A health insurance policy briefing.,Speaker: Good morning class. Today we will explore conflict resolution in corporate teams. Establishing clear communication channels and setting neutral boundaries early helps prevent personal bias from derailing collaborative milestones. This study will serve as our primary benchmark for corporate productivity.,What is the primary subject of the talk?,Pertanyaan mengenai gagasan utama kuliah akademik. Pembicara menyatakan bahwa pembahasan hari ini berpusat pada analisis conflict resolution in corporate teams.
273,Part C: Academic Talks,listening_simulation_156.mp3,B,To reduce employee salaries.,To set a new benchmark for corporate productivity.,To redecorate the executive lounge.,To audit the accounting software.,Speaker: Good morning class. Today we will explore conflict resolution in corporate teams. Establishing clear communication channels and setting neutral boundaries early helps prevent personal bias from derailing collaborative milestones. This study will serve as our primary benchmark for corporate productivity.,What is the main goal of discussing this method?,Pertanyaan informasi spesifik. Pembicara menyebutkan bahwa tujuan studi ini adalah sebagai tolok ukur baru bagi produktivitas perusahaan.
274,Part C: Academic Talks,listening_simulation_157.mp3,A,A comprehensive analysis of the impact of artificial intelligence on logistics.,An announcement about office vacation.,A historical overview of banking.,A health insurance policy briefing.,Speaker: Good morning class. Today we will explore the impact of artificial intelligence on logistics. Using predictive algorithms for warehouse supply chains reduces overhead storage costs by roughly fifteen percent globally. This study will serve as our primary benchmark for corporate productivity.,What is the primary subject of the talk?,Pertanyaan mengenai gagasan utama kuliah akademik. Pembicara menyatakan bahwa pembahasan hari ini berpusat pada analisis the impact of artificial intelligence on logistics.
275,Part C: Academic Talks,listening_simulation_157.mp3,B,To reduce employee salaries.,To set a new benchmark for corporate productivity.,To redecorate the executive lounge.,To audit the accounting software.,Speaker: Good morning class. Today we will explore the impact of artificial intelligence on logistics. Using predictive algorithms for warehouse supply chains reduces overhead storage costs by roughly fifteen percent globally. This study will serve as our primary benchmark for corporate productivity.,What is the main goal of discussing this method?,Pertanyaan informasi spesifik. Pembicara menyebutkan bahwa tujuan studi ini adalah sebagai tolok ukur baru bagi produktivitas perusahaan.
276,Part C: Academic Talks,listening_simulation_158.mp3,A,A comprehensive analysis of conflict resolution in corporate teams.,An announcement about office vacation.,A historical overview of banking.,A health insurance policy briefing.,Speaker: Good morning class. Today we will explore conflict resolution in corporate teams. Establishing clear communication channels and setting neutral boundaries early helps prevent personal bias from derailing collaborative milestones. This study will serve as our primary benchmark for corporate productivity.,What is the primary subject of the talk?,Pertanyaan mengenai gagasan utama kuliah akademik. Pembicara menyatakan bahwa pembahasan hari ini berpusat pada analisis conflict resolution in corporate teams.
277,Part C: Academic Talks,listening_simulation_158.mp3,B,To reduce employee salaries.,To set a new benchmark for corporate productivity.,To redecorate the executive lounge.,To audit the accounting software.,Speaker: Good morning class. Today we will explore conflict resolution in corporate teams. Establishing clear communication channels and setting neutral boundaries early helps prevent personal bias from derailing collaborative milestones. This study will serve as our primary benchmark for corporate productivity.,What is the main goal of discussing this method?,Pertanyaan informasi spesifik. Pembicara menyebutkan bahwa tujuan studi ini adalah sebagai tolok ukur baru bagi produktivitas perusahaan.
278,Part B: Long Conversation,listening_simulation_159.mp3,A,She is completely lost and confused about the guidelines.,She forgot to attend the lunch meeting.,She lost the printed memo.,She wants to change teams.,"Man: Hi Jane, did you get the memo about the social media campaign draft? 
Woman: Yes, but I am completely lost and confused about the guidelines. 
Man: Don't worry. Let's grab lunch and we can schedule an urgent one-on-one meeting with the director together.",What is the woman's main concern?,Pertanyaan mengenai permasalahan utama pembicara wanita. Wanita mengeluh bahwa ia sedang mengalami kendala yaitu completely lost and confused about the guidelines.
279,Part B: Long Conversation,listening_simulation_159.mp3,B,Cancel the project entirely.,Eat lunch and schedule an urgent one-on-one meeting with the director.,Call the department head.,Buy a new digital manual.,"Man: Hi Jane, did you get the memo about the social media campaign draft? 
Woman: Yes, but I am completely lost and confused about the guidelines. 
Man: Don't worry. Let's grab lunch and we can schedule an urgent one-on-one meeting with the director together.",What do the speakers plan to do?,Pertanyaan mengenai rencana tindakan. Pria mengajak wanita untuk makan siang bersama sambil melakukan penyelesaian yaitu schedule an urgent one-on-one meeting with the director.
280,Part B: Long Conversation,listening_simulation_160.mp3,A,She is completely lost and confused about the guidelines.,She forgot to attend the lunch meeting.,She lost the printed memo.,She wants to change teams.,"Man: Hi Jane, did you get the memo about the social media campaign draft? 
Woman: Yes, but I am completely lost and confused about the guidelines. 
Man: Don't worry. Let's grab lunch and we can review the training video manual sent by the coordinator together.",What is the woman's main concern?,Pertanyaan mengenai permasalahan utama pembicara wanita. Wanita mengeluh bahwa ia sedang mengalami kendala yaitu completely lost and confused about the guidelines.
281,Part B: Long Conversation,listening_simulation_160.mp3,B,Cancel the project entirely.,Eat lunch and review the training video manual sent by the coordinator.,Call the department head.,Buy a new digital manual.,"Man: Hi Jane, did you get the memo about the social media campaign draft? 
Woman: Yes, but I am completely lost and confused about the guidelines. 
Man: Don't worry. Let's grab lunch and we can review the training video manual sent by the coordinator together.",What do the speakers plan to do?,Pertanyaan mengenai rencana tindakan. Pria mengajak wanita untuk makan siang bersama sambil melakukan penyelesaian yaitu review the training video manual sent by the coordinator.
282,Part C: Academic Talks,listening_simulation_161.mp3,A,A comprehensive analysis of the psychology of consumer choice.,An announcement about office vacation.,A historical overview of banking.,A health insurance policy briefing.,"Speaker: Good morning class. Today we will explore the psychology of consumer choice. Limiting the number of options on a retail display reduces decision fatigue, which paradoxically increases the final conversion rate by thirty percent. This study will serve as our primary benchmark for corporate productivity.",What is the primary subject of the talk?,Pertanyaan mengenai gagasan utama kuliah akademik. Pembicara menyatakan bahwa pembahasan hari ini berpusat pada analisis the psychology of consumer choice.
283,Part C: Academic Talks,listening_simulation_161.mp3,B,To reduce employee salaries.,To set a new benchmark for corporate productivity.,To redecorate the executive lounge.,To audit the accounting software.,"Speaker: Good morning class. Today we will explore the psychology of consumer choice. Limiting the number of options on a retail display reduces decision fatigue, which paradoxically increases the final conversion rate by thirty percent. This study will serve as our primary benchmark for corporate productivity.",What is the main goal of discussing this method?,Pertanyaan informasi spesifik. Pembicara menyebutkan bahwa tujuan studi ini adalah sebagai tolok ukur baru bagi produktivitas perusahaan.
284,Part C: Academic Talks,listening_simulation_162.mp3,A,A comprehensive analysis of the impact of artificial intelligence on logistics.,An announcement about office vacation.,A historical overview of banking.,A health insurance policy briefing.,Speaker: Good morning class. Today we will explore the impact of artificial intelligence on logistics. Using predictive algorithms for warehouse supply chains reduces overhead storage costs by roughly fifteen percent globally. This study will serve as our primary benchmark for corporate productivity.,What is the primary subject of the talk?,Pertanyaan mengenai gagasan utama kuliah akademik. Pembicara menyatakan bahwa pembahasan hari ini berpusat pada analisis the impact of artificial intelligence on logistics.
285,Part C: Academic Talks,listening_simulation_162.mp3,B,To reduce employee salaries.,To set a new benchmark for corporate productivity.,To redecorate the executive lounge.,To audit the accounting software.,Speaker: Good morning class. Today we will explore the impact of artificial intelligence on logistics. Using predictive algorithms for warehouse supply chains reduces overhead storage costs by roughly fifteen percent globally. This study will serve as our primary benchmark for corporate productivity.,What is the main goal of discussing this method?,Pertanyaan informasi spesifik. Pembicara menyebutkan bahwa tujuan studi ini adalah sebagai tolok ukur baru bagi produktivitas perusahaan.
286,Part C: Academic Talks,listening_simulation_163.mp3,A,A comprehensive analysis of conflict resolution in corporate teams.,An announcement about office vacation.,A historical overview of banking.,A health insurance policy briefing.,Speaker: Good morning class. Today we will explore conflict resolution in corporate teams. Establishing clear communication channels and setting neutral boundaries early helps prevent personal bias from derailing collaborative milestones. This study will serve as our primary benchmark for corporate productivity.,What is the primary subject of the talk?,Pertanyaan mengenai gagasan utama kuliah akademik. Pembicara menyatakan bahwa pembahasan hari ini berpusat pada analisis conflict resolution in corporate teams.
287,Part C: Academic Talks,listening_simulation_163.mp3,B,To reduce employee salaries.,To set a new benchmark for corporate productivity.,To redecorate the executive lounge.,To audit the accounting software.,Speaker: Good morning class. Today we will explore conflict resolution in corporate teams. Establishing clear communication channels and setting neutral boundaries early helps prevent personal bias from derailing collaborative milestones. This study will serve as our primary benchmark for corporate productivity.,What is the main goal of discussing this method?,Pertanyaan informasi spesifik. Pembicara menyebutkan bahwa tujuan studi ini adalah sebagai tolok ukur baru bagi produktivitas perusahaan.
288,Part A (Suggestion),listening_simulation_164.mp3,A,Take immediate action to take a fifteen-minute walk to clear your mind.,Ignore the supervisor and quit the current position.,Continue working despite being having a terrible misunderstanding with the logistics team.,Submit the report without reviewing the guidelines.,"Man: I am totally having a terrible misunderstanding with the logistics team. 
Woman: Why don't you take a fifteen-minute walk to clear your mind before doing anything else? 
Narrator: What does the woman suggest the man do?",What does the woman suggest the man do?,Menguji struktur pemberian saran menggunakan pola 'Why don't you...'. Wanita menyarankan pria agar take a fifteen-minute walk to clear your mind.
289,Part A (Idiom),listening_simulation_165.mp3,B,The man is sitting on the office boundary fence.,The man is undecided and needs to make a firm choice.,The man already completed the assigned spreadsheet.,The man wants to complain to the supervisor.,"Man: I am honestly still on the fence about finalizing the social media campaign draft. 
Woman: You need to make up your mind quickly, or the financial auditor will be very disappointed. 
Narrator: What does the woman imply about the man?",What does the woman imply about the man?,Menguji idiom 'on the fence' (ragu-ragu) dan 'make up your mind' (mengambil keputusan). Pilihan B benar karena merefrasa makna idiom tersebut secara akurat.
290,Part A (Idiom),listening_simulation_166.mp3,B,The man is sitting on the office boundary fence.,The man is undecided and needs to make a firm choice.,The man already completed the assigned spreadsheet.,The man wants to complain to the supervisor.,"Man: I am honestly still on the fence about finalizing the quarterly inventory log. 
Woman: You need to make up your mind quickly, or the HR director will be very disappointed. 
Narrator: What does the woman imply about the man?",What does the woman imply about the man?,Menguji idiom 'on the fence' (ragu-ragu) dan 'make up your mind' (mengambil keputusan). Pilihan B benar karena merefrasa makna idiom tersebut secara akurat.
291,Part A (Suggestion),listening_simulation_167.mp3,A,Take immediate action to review the training video manual sent by the coordinator.,Ignore the supervisor and quit the current position.,Continue working despite being unable to back up the data before the computer crashed.,Submit the report without reviewing the guidelines.,"Man: I am totally unable to back up the data before the computer crashed. 
Woman: Why don't you review the training video manual sent by the coordinator before doing anything else? 
Narrator: What does the woman suggest the man do?",What does the woman suggest the man do?,Menguji struktur pemberian saran menggunakan pola 'Why don't you...'. Wanita menyarankan pria agar review the training video manual sent by the coordinator.
292,Part B: Long Conversation,listening_simulation_168.mp3,A,She is completely lost and confused about the guidelines.,She forgot to attend the lunch meeting.,She lost the printed memo.,She wants to change teams.,"Man: Hi Jane, did you get the memo about the annual tax report? 
Woman: Yes, but I am completely lost and confused about the guidelines. 
Man: Don't worry. Let's grab lunch and we can delegate the administrative tasks to the assistant together.",What is the woman's main concern?,Pertanyaan mengenai permasalahan utama pembicara wanita. Wanita mengeluh bahwa ia sedang mengalami kendala yaitu completely lost and confused about the guidelines.
293,Part B: Long Conversation,listening_simulation_168.mp3,B,Cancel the project entirely.,Eat lunch and delegate the administrative tasks to the assistant.,Call the department head.,Buy a new digital manual.,"Man: Hi Jane, did you get the memo about the annual tax report? 
Woman: Yes, but I am completely lost and confused about the guidelines. 
Man: Don't worry. Let's grab lunch and we can delegate the administrative tasks to the assistant together.",What do the speakers plan to do?,Pertanyaan mengenai rencana tindakan. Pria mengajak wanita untuk makan siang bersama sambil melakukan penyelesaian yaitu delegate the administrative tasks to the assistant.
294,Part A (Idiom),listening_simulation_169.mp3,B,The man is sitting on the office boundary fence.,The man is undecided and needs to make a firm choice.,The man already completed the assigned spreadsheet.,The man wants to complain to the supervisor.,"Man: I am honestly still on the fence about finalizing the office relocation plan. 
Woman: You need to make up your mind quickly, or the new intern will be very disappointed. 
Narrator: What does the woman imply about the man?",What does the woman imply about the man?,Menguji idiom 'on the fence' (ragu-ragu) dan 'make up your mind' (mengambil keputusan). Pilihan B benar karena merefrasa makna idiom tersebut secara akurat.
295,Part C: Academic Talks,listening_simulation_170.mp3,A,A comprehensive analysis of the psychology of consumer choice.,An announcement about office vacation.,A historical overview of banking.,A health insurance policy briefing.,"Speaker: Good morning class. Today we will explore the psychology of consumer choice. Limiting the number of options on a retail display reduces decision fatigue, which paradoxically increases the final conversion rate by thirty percent. This study will serve as our primary benchmark for corporate productivity.",What is the primary subject of the talk?,Pertanyaan mengenai gagasan utama kuliah akademik. Pembicara menyatakan bahwa pembahasan hari ini berpusat pada analisis the psychology of consumer choice.
296,Part C: Academic Talks,listening_simulation_170.mp3,B,To reduce employee salaries.,To set a new benchmark for corporate productivity.,To redecorate the executive lounge.,To audit the accounting software.,"Speaker: Good morning class. Today we will explore the psychology of consumer choice. Limiting the number of options on a retail display reduces decision fatigue, which paradoxically increases the final conversion rate by thirty percent. This study will serve as our primary benchmark for corporate productivity.",What is the main goal of discussing this method?,Pertanyaan informasi spesifik. Pembicara menyebutkan bahwa tujuan studi ini adalah sebagai tolok ukur baru bagi produktivitas perusahaan.
297,Part C: Academic Talks,listening_simulation_171.mp3,A,A comprehensive analysis of the impact of artificial intelligence on logistics.,An announcement about office vacation.,A historical overview of banking.,A health insurance policy briefing.,Speaker: Good morning class. Today we will explore the impact of artificial intelligence on logistics. Using predictive algorithms for warehouse supply chains reduces overhead storage costs by roughly fifteen percent globally. This study will serve as our primary benchmark for corporate productivity.,What is the primary subject of the talk?,Pertanyaan mengenai gagasan utama kuliah akademik. Pembicara menyatakan bahwa pembahasan hari ini berpusat pada analisis the impact of artificial intelligence on logistics.
298,Part C: Academic Talks,listening_simulation_171.mp3,B,To reduce employee salaries.,To set a new benchmark for corporate productivity.,To redecorate the executive lounge.,To audit the accounting software.,Speaker: Good morning class. Today we will explore the impact of artificial intelligence on logistics. Using predictive algorithms for warehouse supply chains reduces overhead storage costs by roughly fifteen percent globally. This study will serve as our primary benchmark for corporate productivity.,What is the main goal of discussing this method?,Pertanyaan informasi spesifik. Pembicara menyebutkan bahwa tujuan studi ini adalah sebagai tolok ukur baru bagi produktivitas perusahaan.
299,Part B: Long Conversation,listening_simulation_172.mp3,A,She is drowning under the immense workload this week.,She forgot to attend the lunch meeting.,She lost the printed memo.,She wants to change teams.,"Man: Hi Jane, did you get the memo about the quarterly inventory log? 
Woman: Yes, but I am drowning under the immense workload this week. 
Man: Don't worry. Let's grab lunch and we can delegate the administrative tasks to the assistant together.",What is the woman's main concern?,Pertanyaan mengenai permasalahan utama pembicara wanita. Wanita mengeluh bahwa ia sedang mengalami kendala yaitu drowning under the immense workload this week.
300,Part B: Long Conversation,listening_simulation_172.mp3,B,Cancel the project entirely.,Eat lunch and delegate the administrative tasks to the assistant.,Call the department head.,Buy a new digital manual.,"Man: Hi Jane, did you get the memo about the quarterly inventory log? 
Woman: Yes, but I am drowning under the immense workload this week. 
Man: Don't worry. Let's grab lunch and we can delegate the administrative tasks to the assistant together.",What do the speakers plan to do?,Pertanyaan mengenai rencana tindakan. Pria mengajak wanita untuk makan siang bersama sambil melakukan penyelesaian yaitu delegate the administrative tasks to the assistant.
301,Part A (Agreement),listening_simulation_173.mp3,B,She wants the man to repeat his statement about the timeline.,She completely agrees that the workload schedule is too demanding.,She thinks the project has already been canceled.,She prefers to work late at night rather than early morning.,"Man: The timeline to finish the office relocation plan is absurdly tight. 
Woman: You can say that again! I've been working non-stop since dawn. 
Narrator: What does the woman mean?",What does the woman mean?,Menguji ekspresi persetujuan (Agreement) 'You can say that again!' yang berarti pembicara kedua sangat setuju dengan pendapat pembicara pertama.
302,Part B: Long Conversation,listening_simulation_174.mp3,A,She is drowning under the immense workload this week.,She forgot to attend the lunch meeting.,She lost the printed memo.,She wants to change teams.,"Man: Hi Jane, did you get the memo about the social media campaign draft? 
Woman: Yes, but I am drowning under the immense workload this week. 
Man: Don't worry. Let's grab lunch and we can delegate the administrative tasks to the assistant together.",What is the woman's main concern?,Pertanyaan mengenai permasalahan utama pembicara wanita. Wanita mengeluh bahwa ia sedang mengalami kendala yaitu drowning under the immense workload this week.
303,Part B: Long Conversation,listening_simulation_174.mp3,B,Cancel the project entirely.,Eat lunch and delegate the administrative tasks to the assistant.,Call the department head.,Buy a new digital manual.,"Man: Hi Jane, did you get the memo about the social media campaign draft? 
Woman: Yes, but I am drowning under the immense workload this week. 
Man: Don't worry. Let's grab lunch and we can delegate the administrative tasks to the assistant together.",What do the speakers plan to do?,Pertanyaan mengenai rencana tindakan. Pria mengajak wanita untuk makan siang bersama sambil melakukan penyelesaian yaitu delegate the administrative tasks to the assistant.
304,Part C: Academic Talks,listening_simulation_175.mp3,A,A comprehensive analysis of conflict resolution in corporate teams.,An announcement about office vacation.,A historical overview of banking.,A health insurance policy briefing.,Speaker: Good morning class. Today we will explore conflict resolution in corporate teams. Establishing clear communication channels and setting neutral boundaries early helps prevent personal bias from derailing collaborative milestones. This study will serve as our primary benchmark for corporate productivity.,What is the primary subject of the talk?,Pertanyaan mengenai gagasan utama kuliah akademik. Pembicara menyatakan bahwa pembahasan hari ini berpusat pada analisis conflict resolution in corporate teams.
305,Part C: Academic Talks,listening_simulation_175.mp3,B,To reduce employee salaries.,To set a new benchmark for corporate productivity.,To redecorate the executive lounge.,To audit the accounting software.,Speaker: Good morning class. Today we will explore conflict resolution in corporate teams. Establishing clear communication channels and setting neutral boundaries early helps prevent personal bias from derailing collaborative milestones. This study will serve as our primary benchmark for corporate productivity.,What is the main goal of discussing this method?,Pertanyaan informasi spesifik. Pembicara menyebutkan bahwa tujuan studi ini adalah sebagai tolok ukur baru bagi produktivitas perusahaan.
306,Part C: Academic Talks,listening_simulation_176.mp3,A,A comprehensive analysis of the impact of artificial intelligence on logistics.,An announcement about office vacation.,A historical overview of banking.,A health insurance policy briefing.,Speaker: Good morning class. Today we will explore the impact of artificial intelligence on logistics. Using predictive algorithms for warehouse supply chains reduces overhead storage costs by roughly fifteen percent globally. This study will serve as our primary benchmark for corporate productivity.,What is the primary subject of the talk?,Pertanyaan mengenai gagasan utama kuliah akademik. Pembicara menyatakan bahwa pembahasan hari ini berpusat pada analisis the impact of artificial intelligence on logistics.
307,Part C: Academic Talks,listening_simulation_176.mp3,B,To reduce employee salaries.,To set a new benchmark for corporate productivity.,To redecorate the executive lounge.,To audit the accounting software.,Speaker: Good morning class. Today we will explore the impact of artificial intelligence on logistics. Using predictive algorithms for warehouse supply chains reduces overhead storage costs by roughly fifteen percent globally. This study will serve as our primary benchmark for corporate productivity.,What is the main goal of discussing this method?,Pertanyaan informasi spesifik. Pembicara menyebutkan bahwa tujuan studi ini adalah sebagai tolok ukur baru bagi produktivitas perusahaan.
308,Part C: Academic Talks,listening_simulation_177.mp3,A,A comprehensive analysis of conflict resolution in corporate teams.,An announcement about office vacation.,A historical overview of banking.,A health insurance policy briefing.,Speaker: Good morning class. Today we will explore conflict resolution in corporate teams. Establishing clear communication channels and setting neutral boundaries early helps prevent personal bias from derailing collaborative milestones. This study will serve as our primary benchmark for corporate productivity.,What is the primary subject of the talk?,Pertanyaan mengenai gagasan utama kuliah akademik. Pembicara menyatakan bahwa pembahasan hari ini berpusat pada analisis conflict resolution in corporate teams.
309,Part C: Academic Talks,listening_simulation_177.mp3,B,To reduce employee salaries.,To set a new benchmark for corporate productivity.,To redecorate the executive lounge.,To audit the accounting software.,Speaker: Good morning class. Today we will explore conflict resolution in corporate teams. Establishing clear communication channels and setting neutral boundaries early helps prevent personal bias from derailing collaborative milestones. This study will serve as our primary benchmark for corporate productivity.,What is the main goal of discussing this method?,Pertanyaan informasi spesifik. Pembicara menyebutkan bahwa tujuan studi ini adalah sebagai tolok ukur baru bagi produktivitas perusahaan.
310,Part B: Long Conversation,listening_simulation_178.mp3,A,She is completely lost and confused about the guidelines.,She forgot to attend the lunch meeting.,She lost the printed memo.,She wants to change teams.,"Man: Hi Jane, did you get the memo about the recruitment interview schedule? 
Woman: Yes, but I am completely lost and confused about the guidelines. 
Man: Don't worry. Let's grab lunch and we can schedule an urgent one-on-one meeting with the director together.",What is the woman's main concern?,Pertanyaan mengenai permasalahan utama pembicara wanita. Wanita mengeluh bahwa ia sedang mengalami kendala yaitu completely lost and confused about the guidelines.
311,Part B: Long Conversation,listening_simulation_178.mp3,B,Cancel the project entirely.,Eat lunch and schedule an urgent one-on-one meeting with the director.,Call the department head.,Buy a new digital manual.,"Man: Hi Jane, did you get the memo about the recruitment interview schedule? 
Woman: Yes, but I am completely lost and confused about the guidelines. 
Man: Don't worry. Let's grab lunch and we can schedule an urgent one-on-one meeting with the director together.",What do the speakers plan to do?,Pertanyaan mengenai rencana tindakan. Pria mengajak wanita untuk makan siang bersama sambil melakukan penyelesaian yaitu schedule an urgent one-on-one meeting with the director.
312,Part B: Long Conversation,listening_simulation_179.mp3,A,She is completely lost and confused about the guidelines.,She forgot to attend the lunch meeting.,She lost the printed memo.,She wants to change teams.,"Man: Hi Jane, did you get the memo about the quarterly budget spreadsheet? 
Woman: Yes, but I am completely lost and confused about the guidelines. 
Man: Don't worry. Let's grab lunch and we can take a fifteen-minute walk to clear your mind together.",What is the woman's main concern?,Pertanyaan mengenai permasalahan utama pembicara wanita. Wanita mengeluh bahwa ia sedang mengalami kendala yaitu completely lost and confused about the guidelines.
313,Part B: Long Conversation,listening_simulation_179.mp3,B,Cancel the project entirely.,Eat lunch and take a fifteen-minute walk to clear your mind.,Call the department head.,Buy a new digital manual.,"Man: Hi Jane, did you get the memo about the quarterly budget spreadsheet? 
Woman: Yes, but I am completely lost and confused about the guidelines. 
Man: Don't worry. Let's grab lunch and we can take a fifteen-minute walk to clear your mind together.",What do the speakers plan to do?,Pertanyaan mengenai rencana tindakan. Pria mengajak wanita untuk makan siang bersama sambil melakukan penyelesaian yaitu take a fifteen-minute walk to clear your mind.
314,Part B: Long Conversation,listening_simulation_180.mp3,A,She is struggling to meet the tight deadline set by the executive board.,She forgot to attend the lunch meeting.,She lost the printed memo.,She wants to change teams.,"Man: Hi Jane, did you get the memo about the client's presentation slides? 
Woman: Yes, but I am struggling to meet the tight deadline set by the executive board. 
Man: Don't worry. Let's grab lunch and we can schedule an urgent one-on-one meeting with the director together.",What is the woman's main concern?,Pertanyaan mengenai permasalahan utama pembicara wanita. Wanita mengeluh bahwa ia sedang mengalami kendala yaitu struggling to meet the tight deadline set by the executive board.
315,Part B: Long Conversation,listening_simulation_180.mp3,B,Cancel the project entirely.,Eat lunch and schedule an urgent one-on-one meeting with the director.,Call the department head.,Buy a new digital manual.,"Man: Hi Jane, did you get the memo about the client's presentation slides? 
Woman: Yes, but I am struggling to meet the tight deadline set by the executive board. 
Man: Don't worry. Let's grab lunch and we can schedule an urgent one-on-one meeting with the director together.",What do the speakers plan to do?,Pertanyaan mengenai rencana tindakan. Pria mengajak wanita untuk makan siang bersama sambil melakukan penyelesaian yaitu schedule an urgent one-on-one meeting with the director.
316,Part A (Agreement),listening_simulation_181.mp3,B,She wants the man to repeat his statement about the timeline.,She completely agrees that the workload schedule is too demanding.,She thinks the project has already been canceled.,She prefers to work late at night rather than early morning.,"Man: The timeline to finish the recruitment interview schedule is absurdly tight. 
Woman: You can say that again! I've been working non-stop since dawn. 
Narrator: What does the woman mean?",What does the woman mean?,Menguji ekspresi persetujuan (Agreement) 'You can say that again!' yang berarti pembicara kedua sangat setuju dengan pendapat pembicara pertama.
317,Part A (Agreement),listening_simulation_182.mp3,B,She wants the man to repeat his statement about the timeline.,She completely agrees that the workload schedule is too demanding.,She thinks the project has already been canceled.,She prefers to work late at night rather than early morning.,"Man: The timeline to finish the annual tax report is absurdly tight. 
Woman: You can say that again! I've been working non-stop since dawn. 
Narrator: What does the woman mean?",What does the woman mean?,Menguji ekspresi persetujuan (Agreement) 'You can say that again!' yang berarti pembicara kedua sangat setuju dengan pendapat pembicara pertama.
318,Part A (Agreement),listening_simulation_183.mp3,B,She wants the man to repeat his statement about the timeline.,She completely agrees that the workload schedule is too demanding.,She thinks the project has already been canceled.,She prefers to work late at night rather than early morning.,"Man: The timeline to finish the social media campaign draft is absurdly tight. 
Woman: You can say that again! I've been working non-stop since dawn. 
Narrator: What does the woman mean?",What does the woman mean?,Menguji ekspresi persetujuan (Agreement) 'You can say that again!' yang berarti pembicara kedua sangat setuju dengan pendapat pembicara pertama.
319,Part B: Long Conversation,listening_simulation_184.mp3,A,She is drowning under the immense workload this week.,She forgot to attend the lunch meeting.,She lost the printed memo.,She wants to change teams.,"Man: Hi Jane, did you get the memo about the customer feedback compilation? 
Woman: Yes, but I am drowning under the immense workload this week. 
Man: Don't worry. Let's grab lunch and we can request a temporary extension from the management together.",What is the woman's main concern?,Pertanyaan mengenai permasalahan utama pembicara wanita. Wanita mengeluh bahwa ia sedang mengalami kendala yaitu drowning under the immense workload this week.
320,Part B: Long Conversation,listening_simulation_184.mp3,B,Cancel the project entirely.,Eat lunch and request a temporary extension from the management.,Call the department head.,Buy a new digital manual.,"Man: Hi Jane, did you get the memo about the customer feedback compilation? 
Woman: Yes, but I am drowning under the immense workload this week. 
Man: Don't worry. Let's grab lunch and we can request a temporary extension from the management together.",What do the speakers plan to do?,Pertanyaan mengenai rencana tindakan. Pria mengajak wanita untuk makan siang bersama sambil melakukan penyelesaian yaitu request a temporary extension from the management.
321,Part B: Long Conversation,listening_simulation_185.mp3,A,She is having a terrible misunderstanding with the logistics team.,She forgot to attend the lunch meeting.,She lost the printed memo.,She wants to change teams.,"Man: Hi Jane, did you get the memo about the social media campaign draft? 
Woman: Yes, but I am having a terrible misunderstanding with the logistics team. 
Man: Don't worry. Let's grab lunch and we can review the training video manual sent by the coordinator together.",What is the woman's main concern?,Pertanyaan mengenai permasalahan utama pembicara wanita. Wanita mengeluh bahwa ia sedang mengalami kendala yaitu having a terrible misunderstanding with the logistics team.
322,Part B: Long Conversation,listening_simulation_185.mp3,B,Cancel the project entirely.,Eat lunch and review the training video manual sent by the coordinator.,Call the department head.,Buy a new digital manual.,"Man: Hi Jane, did you get the memo about the social media campaign draft? 
Woman: Yes, but I am having a terrible misunderstanding with the logistics team. 
Man: Don't worry. Let's grab lunch and we can review the training video manual sent by the coordinator together.",What do the speakers plan to do?,Pertanyaan mengenai rencana tindakan. Pria mengajak wanita untuk makan siang bersama sambil melakukan penyelesaian yaitu review the training video manual sent by the coordinator.
323,Part C: Academic Talks,listening_simulation_186.mp3,A,A comprehensive analysis of the impact of artificial intelligence on logistics.,An announcement about office vacation.,A historical overview of banking.,A health insurance policy briefing.,Speaker: Good morning class. Today we will explore the impact of artificial intelligence on logistics. Using predictive algorithms for warehouse supply chains reduces overhead storage costs by roughly fifteen percent globally. This study will serve as our primary benchmark for corporate productivity.,What is the primary subject of the talk?,Pertanyaan mengenai gagasan utama kuliah akademik. Pembicara menyatakan bahwa pembahasan hari ini berpusat pada analisis the impact of artificial intelligence on logistics.
324,Part C: Academic Talks,listening_simulation_186.mp3,B,To reduce employee salaries.,To set a new benchmark for corporate productivity.,To redecorate the executive lounge.,To audit the accounting software.,Speaker: Good morning class. Today we will explore the impact of artificial intelligence on logistics. Using predictive algorithms for warehouse supply chains reduces overhead storage costs by roughly fifteen percent globally. This study will serve as our primary benchmark for corporate productivity.,What is the main goal of discussing this method?,Pertanyaan informasi spesifik. Pembicara menyebutkan bahwa tujuan studi ini adalah sebagai tolok ukur baru bagi produktivitas perusahaan.
325,Part C: Academic Talks,listening_simulation_187.mp3,A,A comprehensive analysis of conflict resolution in corporate teams.,An announcement about office vacation.,A historical overview of banking.,A health insurance policy briefing.,Speaker: Good morning class. Today we will explore conflict resolution in corporate teams. Establishing clear communication channels and setting neutral boundaries early helps prevent personal bias from derailing collaborative milestones. This study will serve as our primary benchmark for corporate productivity.,What is the primary subject of the talk?,Pertanyaan mengenai gagasan utama kuliah akademik. Pembicara menyatakan bahwa pembahasan hari ini berpusat pada analisis conflict resolution in corporate teams.
326,Part C: Academic Talks,listening_simulation_187.mp3,B,To reduce employee salaries.,To set a new benchmark for corporate productivity.,To redecorate the executive lounge.,To audit the accounting software.,Speaker: Good morning class. Today we will explore conflict resolution in corporate teams. Establishing clear communication channels and setting neutral boundaries early helps prevent personal bias from derailing collaborative milestones. This study will serve as our primary benchmark for corporate productivity.,What is the main goal of discussing this method?,Pertanyaan informasi spesifik. Pembicara menyebutkan bahwa tujuan studi ini adalah sebagai tolok ukur baru bagi produktivitas perusahaan.
327,Part A (Agreement),listening_simulation_188.mp3,B,She wants the man to repeat his statement about the timeline.,She completely agrees that the workload schedule is too demanding.,She thinks the project has already been canceled.,She prefers to work late at night rather than early morning.,"Man: The timeline to finish the social media campaign draft is absurdly tight. 
Woman: You can say that again! I've been working non-stop since dawn. 
Narrator: What does the woman mean?",What does the woman mean?,Menguji ekspresi persetujuan (Agreement) 'You can say that again!' yang berarti pembicara kedua sangat setuju dengan pendapat pembicara pertama.
328,Part B: Long Conversation,listening_simulation_189.mp3,A,She is unable to back up the data before the computer crashed.,She forgot to attend the lunch meeting.,She lost the printed memo.,She wants to change teams.,"Man: Hi Jane, did you get the memo about the annual tax report? 
Woman: Yes, but I am unable to back up the data before the computer crashed. 
Man: Don't worry. Let's grab lunch and we can request a temporary extension from the management together.",What is the woman's main concern?,Pertanyaan mengenai permasalahan utama pembicara wanita. Wanita mengeluh bahwa ia sedang mengalami kendala yaitu unable to back up the data before the computer crashed.
329,Part B: Long Conversation,listening_simulation_189.mp3,B,Cancel the project entirely.,Eat lunch and request a temporary extension from the management.,Call the department head.,Buy a new digital manual.,"Man: Hi Jane, did you get the memo about the annual tax report? 
Woman: Yes, but I am unable to back up the data before the computer crashed. 
Man: Don't worry. Let's grab lunch and we can request a temporary extension from the management together.",What do the speakers plan to do?,Pertanyaan mengenai rencana tindakan. Pria mengajak wanita untuk makan siang bersama sambil melakukan penyelesaian yaitu request a temporary extension from the management.
330,Part C: Academic Talks,listening_simulation_190.mp3,A,A comprehensive analysis of the impact of artificial intelligence on logistics.,An announcement about office vacation.,A historical overview of banking.,A health insurance policy briefing.,Speaker: Good morning class. Today we will explore the impact of artificial intelligence on logistics. Using predictive algorithms for warehouse supply chains reduces overhead storage costs by roughly fifteen percent globally. This study will serve as our primary benchmark for corporate productivity.,What is the primary subject of the talk?,Pertanyaan mengenai gagasan utama kuliah akademik. Pembicara menyatakan bahwa pembahasan hari ini berpusat pada analisis the impact of artificial intelligence on logistics.
331,Part C: Academic Talks,listening_simulation_190.mp3,B,To reduce employee salaries.,To set a new benchmark for corporate productivity.,To redecorate the executive lounge.,To audit the accounting software.,Speaker: Good morning class. Today we will explore the impact of artificial intelligence on logistics. Using predictive algorithms for warehouse supply chains reduces overhead storage costs by roughly fifteen percent globally. This study will serve as our primary benchmark for corporate productivity.,What is the main goal of discussing this method?,Pertanyaan informasi spesifik. Pembicara menyebutkan bahwa tujuan studi ini adalah sebagai tolok ukur baru bagi produktivitas perusahaan.
332,Part B: Long Conversation,listening_simulation_191.mp3,A,She is unable to back up the data before the computer crashed.,She forgot to attend the lunch meeting.,She lost the printed memo.,She wants to change teams.,"Man: Hi Jane, did you get the memo about the quarterly inventory log? 
Woman: Yes, but I am unable to back up the data before the computer crashed. 
Man: Don't worry. Let's grab lunch and we can schedule an urgent one-on-one meeting with the director together.",What is the woman's main concern?,Pertanyaan mengenai permasalahan utama pembicara wanita. Wanita mengeluh bahwa ia sedang mengalami kendala yaitu unable to back up the data before the computer crashed.
333,Part B: Long Conversation,listening_simulation_191.mp3,B,Cancel the project entirely.,Eat lunch and schedule an urgent one-on-one meeting with the director.,Call the department head.,Buy a new digital manual.,"Man: Hi Jane, did you get the memo about the quarterly inventory log? 
Woman: Yes, but I am unable to back up the data before the computer crashed. 
Man: Don't worry. Let's grab lunch and we can schedule an urgent one-on-one meeting with the director together.",What do the speakers plan to do?,Pertanyaan mengenai rencana tindakan. Pria mengajak wanita untuk makan siang bersama sambil melakukan penyelesaian yaitu schedule an urgent one-on-one meeting with the director.
334,Part C: Academic Talks,listening_simulation_192.mp3,A,A comprehensive analysis of conflict resolution in corporate teams.,An announcement about office vacation.,A historical overview of banking.,A health insurance policy briefing.,Speaker: Good morning class. Today we will explore conflict resolution in corporate teams. Establishing clear communication channels and setting neutral boundaries early helps prevent personal bias from derailing collaborative milestones. This study will serve as our primary benchmark for corporate productivity.,What is the primary subject of the talk?,Pertanyaan mengenai gagasan utama kuliah akademik. Pembicara menyatakan bahwa pembahasan hari ini berpusat pada analisis conflict resolution in corporate teams.
335,Part C: Academic Talks,listening_simulation_192.mp3,B,To reduce employee salaries.,To set a new benchmark for corporate productivity.,To redecorate the executive lounge.,To audit the accounting software.,Speaker: Good morning class. Today we will explore conflict resolution in corporate teams. Establishing clear communication channels and setting neutral boundaries early helps prevent personal bias from derailing collaborative milestones. This study will serve as our primary benchmark for corporate productivity.,What is the main goal of discussing this method?,Pertanyaan informasi spesifik. Pembicara menyebutkan bahwa tujuan studi ini adalah sebagai tolok ukur baru bagi produktivitas perusahaan.
336,Part A (Idiom),listening_simulation_193.mp3,B,The man is sitting on the office boundary fence.,The man is undecided and needs to make a firm choice.,The man already completed the assigned spreadsheet.,The man wants to complain to the supervisor.,"Man: I am honestly still on the fence about finalizing the quarterly budget spreadsheet. 
Woman: You need to make up your mind quickly, or the new intern will be very disappointed. 
Narrator: What does the woman imply about the man?",What does the woman imply about the man?,Menguji idiom 'on the fence' (ragu-ragu) dan 'make up your mind' (mengambil keputusan). Pilihan B benar karena merefrasa makna idiom tersebut secara akurat.
337,Part C: Academic Talks,listening_simulation_194.mp3,A,A comprehensive analysis of sustainable workplace design.,An announcement about office vacation.,A historical overview of banking.,A health insurance policy briefing.,"Speaker: Good morning class. Today we will explore sustainable workplace design. By introducing natural lighting and ergonomic furniture, companies report a twenty percent decrease in employee absenteeism and a massive boost in daily focus. This study will serve as our primary benchmark for corporate productivity.",What is the primary subject of the talk?,Pertanyaan mengenai gagasan utama kuliah akademik. Pembicara menyatakan bahwa pembahasan hari ini berpusat pada analisis sustainable workplace design.
338,Part C: Academic Talks,listening_simulation_194.mp3,B,To reduce employee salaries.,To set a new benchmark for corporate productivity.,To redecorate the executive lounge.,To audit the accounting software.,"Speaker: Good morning class. Today we will explore sustainable workplace design. By introducing natural lighting and ergonomic furniture, companies report a twenty percent decrease in employee absenteeism and a massive boost in daily focus. This study will serve as our primary benchmark for corporate productivity.",What is the main goal of discussing this method?,Pertanyaan informasi spesifik. Pembicara menyebutkan bahwa tujuan studi ini adalah sebagai tolok ukur baru bagi produktivitas perusahaan.
339,Part B: Long Conversation,listening_simulation_195.mp3,A,She is unable to back up the data before the computer crashed.,She forgot to attend the lunch meeting.,She lost the printed memo.,She wants to change teams.,"Man: Hi Jane, did you get the memo about the quarterly inventory log? 
Woman: Yes, but I am unable to back up the data before the computer crashed. 
Man: Don't worry. Let's grab lunch and we can delegate the administrative tasks to the assistant together.",What is the woman's main concern?,Pertanyaan mengenai permasalahan utama pembicara wanita. Wanita mengeluh bahwa ia sedang mengalami kendala yaitu unable to back up the data before the computer crashed.
340,Part B: Long Conversation,listening_simulation_195.mp3,B,Cancel the project entirely.,Eat lunch and delegate the administrative tasks to the assistant.,Call the department head.,Buy a new digital manual.,"Man: Hi Jane, did you get the memo about the quarterly inventory log? 
Woman: Yes, but I am unable to back up the data before the computer crashed. 
Man: Don't worry. Let's grab lunch and we can delegate the administrative tasks to the assistant together.",What do the speakers plan to do?,Pertanyaan mengenai rencana tindakan. Pria mengajak wanita untuk makan siang bersama sambil melakukan penyelesaian yaitu delegate the administrative tasks to the assistant.
341,Part C: Academic Talks,listening_simulation_196.mp3,A,A comprehensive analysis of the psychology of consumer choice.,An announcement about office vacation.,A historical overview of banking.,A health insurance policy briefing.,"Speaker: Good morning class. Today we will explore the psychology of consumer choice. Limiting the number of options on a retail display reduces decision fatigue, which paradoxically increases the final conversion rate by thirty percent. This study will serve as our primary benchmark for corporate productivity.",What is the primary subject of the talk?,Pertanyaan mengenai gagasan utama kuliah akademik. Pembicara menyatakan bahwa pembahasan hari ini berpusat pada analisis the psychology of consumer choice.
342,Part C: Academic Talks,listening_simulation_196.mp3,B,To reduce employee salaries.,To set a new benchmark for corporate productivity.,To redecorate the executive lounge.,To audit the accounting software.,"Speaker: Good morning class. Today we will explore the psychology of consumer choice. Limiting the number of options on a retail display reduces decision fatigue, which paradoxically increases the final conversion rate by thirty percent. This study will serve as our primary benchmark for corporate productivity.",What is the main goal of discussing this method?,Pertanyaan informasi spesifik. Pembicara menyebutkan bahwa tujuan studi ini adalah sebagai tolok ukur baru bagi produktivitas perusahaan.
343,Part B: Long Conversation,listening_simulation_197.mp3,A,She is having a terrible misunderstanding with the logistics team.,She forgot to attend the lunch meeting.,She lost the printed memo.,She wants to change teams.,"Man: Hi Jane, did you get the memo about the social media campaign draft? 
Woman: Yes, but I am having a terrible misunderstanding with the logistics team. 
Man: Don't worry. Let's grab lunch and we can request a temporary extension from the management together.",What is the woman's main concern?,Pertanyaan mengenai permasalahan utama pembicara wanita. Wanita mengeluh bahwa ia sedang mengalami kendala yaitu having a terrible misunderstanding with the logistics team.
344,Part B: Long Conversation,listening_simulation_197.mp3,B,Cancel the project entirely.,Eat lunch and request a temporary extension from the management.,Call the department head.,Buy a new digital manual.,"Man: Hi Jane, did you get the memo about the social media campaign draft? 
Woman: Yes, but I am having a terrible misunderstanding with the logistics team. 
Man: Don't worry. Let's grab lunch and we can request a temporary extension from the management together.",What do the speakers plan to do?,Pertanyaan mengenai rencana tindakan. Pria mengajak wanita untuk makan siang bersama sambil melakukan penyelesaian yaitu request a temporary extension from the management.
345,Part B: Long Conversation,listening_simulation_198.mp3,A,She is struggling to meet the tight deadline set by the executive board.,She forgot to attend the lunch meeting.,She lost the printed memo.,She wants to change teams.,"Man: Hi Jane, did you get the memo about the annual tax report? 
Woman: Yes, but I am struggling to meet the tight deadline set by the executive board. 
Man: Don't worry. Let's grab lunch and we can delegate the administrative tasks to the assistant together.",What is the woman's main concern?,Pertanyaan mengenai permasalahan utama pembicara wanita. Wanita mengeluh bahwa ia sedang mengalami kendala yaitu struggling to meet the tight deadline set by the executive board.
346,Part B: Long Conversation,listening_simulation_198.mp3,B,Cancel the project entirely.,Eat lunch and delegate the administrative tasks to the assistant.,Call the department head.,Buy a new digital manual.,"Man: Hi Jane, did you get the memo about the annual tax report? 
Woman: Yes, but I am struggling to meet the tight deadline set by the executive board. 
Man: Don't worry. Let's grab lunch and we can delegate the administrative tasks to the assistant together.",What do the speakers plan to do?,Pertanyaan mengenai rencana tindakan. Pria mengajak wanita untuk makan siang bersama sambil melakukan penyelesaian yaitu delegate the administrative tasks to the assistant.
347,Part B: Long Conversation,listening_simulation_199.mp3,A,She is struggling to meet the tight deadline set by the executive board.,She forgot to attend the lunch meeting.,She lost the printed memo.,She wants to change teams.,"Man: Hi Jane, did you get the memo about the quarterly budget spreadsheet? 
Woman: Yes, but I am struggling to meet the tight deadline set by the executive board. 
Man: Don't worry. Let's grab lunch and we can take a fifteen-minute walk to clear your mind together.",What is the woman's main concern?,Pertanyaan mengenai permasalahan utama pembicara wanita. Wanita mengeluh bahwa ia sedang mengalami kendala yaitu struggling to meet the tight deadline set by the executive board.
348,Part B: Long Conversation,listening_simulation_199.mp3,B,Cancel the project entirely.,Eat lunch and take a fifteen-minute walk to clear your mind.,Call the department head.,Buy a new digital manual.,"Man: Hi Jane, did you get the memo about the quarterly budget spreadsheet? 
Woman: Yes, but I am struggling to meet the tight deadline set by the executive board. 
Man: Don't worry. Let's grab lunch and we can take a fifteen-minute walk to clear your mind together.",What do the speakers plan to do?,Pertanyaan mengenai rencana tindakan. Pria mengajak wanita untuk makan siang bersama sambil melakukan penyelesaian yaitu take a fifteen-minute walk to clear your mind.
349,Part B: Long Conversation,listening_simulation_200.mp3,A,She is having a terrible misunderstanding with the logistics team.,She forgot to attend the lunch meeting.,She lost the printed memo.,She wants to change teams.,"Man: Hi Jane, did you get the memo about the client's presentation slides? 
Woman: Yes, but I am having a terrible misunderstanding with the logistics team. 
Man: Don't worry. Let's grab lunch and we can review the training video manual sent by the coordinator together.",What is the woman's main concern?,Pertanyaan mengenai permasalahan utama pembicara wanita. Wanita mengeluh bahwa ia sedang mengalami kendala yaitu having a terrible misunderstanding with the logistics team.
350,Part B: Long Conversation,listening_simulation_200.mp3,B,Cancel the project entirely.,Eat lunch and review the training video manual sent by the coordinator.,Call the department head.,Buy a new digital manual.,"Man: Hi Jane, did you get the memo about the client's presentation slides? 
Woman: Yes, but I am having a terrible misunderstanding with the logistics team. 
Man: Don't worry. Let's grab lunch and we can review the training video manual sent by the coordinator together.",What do the speakers plan to do?,Pertanyaan mengenai rencana tindakan. Pria mengajak wanita untuk makan siang bersama sambil melakukan penyelesaian yaitu review the training video manual sent by the coordinator.
351,Part A (Idiom),listening_simulation_201.mp3,B,The man is sitting on the office boundary fence.,The man is undecided and needs to make a firm choice.,The man already completed the assigned spreadsheet.,The man wants to complain to the supervisor.,"Man: I am honestly still on the fence about finalizing the customer feedback compilation. 
Woman: You need to make up your mind quickly, or the marketing coordinator will be very disappointed. 
Narrator: What does the woman imply about the man?",What does the woman imply about the man?,Menguji idiom 'on the fence' (ragu-ragu) dan 'make up your mind' (mengambil keputusan). Pilihan B benar karena merefrasa makna idiom tersebut secara akurat.
352,Part B: Long Conversation,listening_simulation_202.mp3,A,She is unable to back up the data before the computer crashed.,She forgot to attend the lunch meeting.,She lost the printed memo.,She wants to change teams.,"Man: Hi Jane, did you get the memo about the annual tax report? 
Woman: Yes, but I am unable to back up the data before the computer crashed. 
Man: Don't worry. Let's grab lunch and we can schedule an urgent one-on-one meeting with the director together.",What is the woman's main concern?,Pertanyaan mengenai permasalahan utama pembicara wanita. Wanita mengeluh bahwa ia sedang mengalami kendala yaitu unable to back up the data before the computer crashed.
353,Part B: Long Conversation,listening_simulation_202.mp3,B,Cancel the project entirely.,Eat lunch and schedule an urgent one-on-one meeting with the director.,Call the department head.,Buy a new digital manual.,"Man: Hi Jane, did you get the memo about the annual tax report? 
Woman: Yes, but I am unable to back up the data before the computer crashed. 
Man: Don't worry. Let's grab lunch and we can schedule an urgent one-on-one meeting with the director together.",What do the speakers plan to do?,Pertanyaan mengenai rencana tindakan. Pria mengajak wanita untuk makan siang bersama sambil melakukan penyelesaian yaitu schedule an urgent one-on-one meeting with the director.
354,Part C: Academic Talks,listening_simulation_203.mp3,A,A comprehensive analysis of the psychology of consumer choice.,An announcement about office vacation.,A historical overview of banking.,A health insurance policy briefing.,"Speaker: Good morning class. Today we will explore the psychology of consumer choice. Limiting the number of options on a retail display reduces decision fatigue, which paradoxically increases the final conversion rate by thirty percent. This study will serve as our primary benchmark for corporate productivity.",What is the primary subject of the talk?,Pertanyaan mengenai gagasan utama kuliah akademik. Pembicara menyatakan bahwa pembahasan hari ini berpusat pada analisis the psychology of consumer choice.
355,Part C: Academic Talks,listening_simulation_203.mp3,B,To reduce employee salaries.,To set a new benchmark for corporate productivity.,To redecorate the executive lounge.,To audit the accounting software.,"Speaker: Good morning class. Today we will explore the psychology of consumer choice. Limiting the number of options on a retail display reduces decision fatigue, which paradoxically increases the final conversion rate by thirty percent. This study will serve as our primary benchmark for corporate productivity.",What is the main goal of discussing this method?,Pertanyaan informasi spesifik. Pembicara menyebutkan bahwa tujuan studi ini adalah sebagai tolok ukur baru bagi produktivitas perusahaan.
356,Part B: Long Conversation,listening_simulation_204.mp3,A,She is drowning under the immense workload this week.,She forgot to attend the lunch meeting.,She lost the printed memo.,She wants to change teams.,"Man: Hi Jane, did you get the memo about the quarterly budget spreadsheet? 
Woman: Yes, but I am drowning under the immense workload this week. 
Man: Don't worry. Let's grab lunch and we can request a temporary extension from the management together.",What is the woman's main concern?,Pertanyaan mengenai permasalahan utama pembicara wanita. Wanita mengeluh bahwa ia sedang mengalami kendala yaitu drowning under the immense workload this week.
357,Part B: Long Conversation,listening_simulation_204.mp3,B,Cancel the project entirely.,Eat lunch and request a temporary extension from the management.,Call the department head.,Buy a new digital manual.,"Man: Hi Jane, did you get the memo about the quarterly budget spreadsheet? 
Woman: Yes, but I am drowning under the immense workload this week. 
Man: Don't worry. Let's grab lunch and we can request a temporary extension from the management together.",What do the speakers plan to do?,Pertanyaan mengenai rencana tindakan. Pria mengajak wanita untuk makan siang bersama sambil melakukan penyelesaian yaitu request a temporary extension from the management.
358,Part C: Academic Talks,listening_simulation_205.mp3,A,A comprehensive analysis of the psychology of consumer choice.,An announcement about office vacation.,A historical overview of banking.,A health insurance policy briefing.,"Speaker: Good morning class. Today we will explore the psychology of consumer choice. Limiting the number of options on a retail display reduces decision fatigue, which paradoxically increases the final conversion rate by thirty percent. This study will serve as our primary benchmark for corporate productivity.",What is the primary subject of the talk?,Pertanyaan mengenai gagasan utama kuliah akademik. Pembicara menyatakan bahwa pembahasan hari ini berpusat pada analisis the psychology of consumer choice.
359,Part C: Academic Talks,listening_simulation_205.mp3,B,To reduce employee salaries.,To set a new benchmark for corporate productivity.,To redecorate the executive lounge.,To audit the accounting software.,"Speaker: Good morning class. Today we will explore the psychology of consumer choice. Limiting the number of options on a retail display reduces decision fatigue, which paradoxically increases the final conversion rate by thirty percent. This study will serve as our primary benchmark for corporate productivity.",What is the main goal of discussing this method?,Pertanyaan informasi spesifik. Pembicara menyebutkan bahwa tujuan studi ini adalah sebagai tolok ukur baru bagi produktivitas perusahaan.
360,Part C: Academic Talks,listening_simulation_206.mp3,A,A comprehensive analysis of the impact of artificial intelligence on logistics.,An announcement about office vacation.,A historical overview of banking.,A health insurance policy briefing.,Speaker: Good morning class. Today we will explore the impact of artificial intelligence on logistics. Using predictive algorithms for warehouse supply chains reduces overhead storage costs by roughly fifteen percent globally. This study will serve as our primary benchmark for corporate productivity.,What is the primary subject of the talk?,Pertanyaan mengenai gagasan utama kuliah akademik. Pembicara menyatakan bahwa pembahasan hari ini berpusat pada analisis the impact of artificial intelligence on logistics.
361,Part C: Academic Talks,listening_simulation_206.mp3,B,To reduce employee salaries.,To set a new benchmark for corporate productivity.,To redecorate the executive lounge.,To audit the accounting software.,Speaker: Good morning class. Today we will explore the impact of artificial intelligence on logistics. Using predictive algorithms for warehouse supply chains reduces overhead storage costs by roughly fifteen percent globally. This study will serve as our primary benchmark for corporate productivity.,What is the main goal of discussing this method?,Pertanyaan informasi spesifik. Pembicara menyebutkan bahwa tujuan studi ini adalah sebagai tolok ukur baru bagi produktivitas perusahaan.
362,Part B: Long Conversation,listening_simulation_207.mp3,A,She is having a terrible misunderstanding with the logistics team.,She forgot to attend the lunch meeting.,She lost the printed memo.,She wants to change teams.,"Man: Hi Jane, did you get the memo about the client's presentation slides? 
Woman: Yes, but I am having a terrible misunderstanding with the logistics team. 
Man: Don't worry. Let's grab lunch and we can take a fifteen-minute walk to clear your mind together.",What is the woman's main concern?,Pertanyaan mengenai permasalahan utama pembicara wanita. Wanita mengeluh bahwa ia sedang mengalami kendala yaitu having a terrible misunderstanding with the logistics team.
363,Part B: Long Conversation,listening_simulation_207.mp3,B,Cancel the project entirely.,Eat lunch and take a fifteen-minute walk to clear your mind.,Call the department head.,Buy a new digital manual.,"Man: Hi Jane, did you get the memo about the client's presentation slides? 
Woman: Yes, but I am having a terrible misunderstanding with the logistics team. 
Man: Don't worry. Let's grab lunch and we can take a fifteen-minute walk to clear your mind together.",What do the speakers plan to do?,Pertanyaan mengenai rencana tindakan. Pria mengajak wanita untuk makan siang bersama sambil melakukan penyelesaian yaitu take a fifteen-minute walk to clear your mind.
364,Part C: Academic Talks,listening_simulation_208.mp3,A,A comprehensive analysis of the impact of artificial intelligence on logistics.,An announcement about office vacation.,A historical overview of banking.,A health insurance policy briefing.,Speaker: Good morning class. Today we will explore the impact of artificial intelligence on logistics. Using predictive algorithms for warehouse supply chains reduces overhead storage costs by roughly fifteen percent globally. This study will serve as our primary benchmark for corporate productivity.,What is the primary subject of the talk?,Pertanyaan mengenai gagasan utama kuliah akademik. Pembicara menyatakan bahwa pembahasan hari ini berpusat pada analisis the impact of artificial intelligence on logistics.
365,Part C: Academic Talks,listening_simulation_208.mp3,B,To reduce employee salaries.,To set a new benchmark for corporate productivity.,To redecorate the executive lounge.,To audit the accounting software.,Speaker: Good morning class. Today we will explore the impact of artificial intelligence on logistics. Using predictive algorithms for warehouse supply chains reduces overhead storage costs by roughly fifteen percent globally. This study will serve as our primary benchmark for corporate productivity.,What is the main goal of discussing this method?,Pertanyaan informasi spesifik. Pembicara menyebutkan bahwa tujuan studi ini adalah sebagai tolok ukur baru bagi produktivitas perusahaan.
366,Part A (Idiom),listening_simulation_209.mp3,B,The man is sitting on the office boundary fence.,The man is undecided and needs to make a firm choice.,The man already completed the assigned spreadsheet.,The man wants to complain to the supervisor.,"Man: I am honestly still on the fence about finalizing the quarterly inventory log. 
Woman: You need to make up your mind quickly, or the supervisor will be very disappointed. 
Narrator: What does the woman imply about the man?",What does the woman imply about the man?,Menguji idiom 'on the fence' (ragu-ragu) dan 'make up your mind' (mengambil keputusan). Pilihan B benar karena merefrasa makna idiom tersebut secara akurat.
367,Part B: Long Conversation,listening_simulation_210.mp3,A,She is completely lost and confused about the guidelines.,She forgot to attend the lunch meeting.,She lost the printed memo.,She wants to change teams.,"Man: Hi Jane, did you get the memo about the quarterly inventory log? 
Woman: Yes, but I am completely lost and confused about the guidelines. 
Man: Don't worry. Let's grab lunch and we can take a fifteen-minute walk to clear your mind together.",What is the woman's main concern?,Pertanyaan mengenai permasalahan utama pembicara wanita. Wanita mengeluh bahwa ia sedang mengalami kendala yaitu completely lost and confused about the guidelines.
368,Part B: Long Conversation,listening_simulation_210.mp3,B,Cancel the project entirely.,Eat lunch and take a fifteen-minute walk to clear your mind.,Call the department head.,Buy a new digital manual.,"Man: Hi Jane, did you get the memo about the quarterly inventory log? 
Woman: Yes, but I am completely lost and confused about the guidelines. 
Man: Don't worry. Let's grab lunch and we can take a fifteen-minute walk to clear your mind together.",What do the speakers plan to do?,Pertanyaan mengenai rencana tindakan. Pria mengajak wanita untuk makan siang bersama sambil melakukan penyelesaian yaitu take a fifteen-minute walk to clear your mind.
369,Part B: Long Conversation,listening_simulation_211.mp3,A,She is struggling to meet the tight deadline set by the executive board.,She forgot to attend the lunch meeting.,She lost the printed memo.,She wants to change teams.,"Man: Hi Jane, did you get the memo about the quarterly inventory log? 
Woman: Yes, but I am struggling to meet the tight deadline set by the executive board. 
Man: Don't worry. Let's grab lunch and we can review the training video manual sent by the coordinator together.",What is the woman's main concern?,Pertanyaan mengenai permasalahan utama pembicara wanita. Wanita mengeluh bahwa ia sedang mengalami kendala yaitu struggling to meet the tight deadline set by the executive board.
370,Part B: Long Conversation,listening_simulation_211.mp3,B,Cancel the project entirely.,Eat lunch and review the training video manual sent by the coordinator.,Call the department head.,Buy a new digital manual.,"Man: Hi Jane, did you get the memo about the quarterly inventory log? 
Woman: Yes, but I am struggling to meet the tight deadline set by the executive board. 
Man: Don't worry. Let's grab lunch and we can review the training video manual sent by the coordinator together.",What do the speakers plan to do?,Pertanyaan mengenai rencana tindakan. Pria mengajak wanita untuk makan siang bersama sambil melakukan penyelesaian yaitu review the training video manual sent by the coordinator.
371,Part A (Idiom),listening_simulation_212.mp3,B,The man is sitting on the office boundary fence.,The man is undecided and needs to make a firm choice.,The man already completed the assigned spreadsheet.,The man wants to complain to the supervisor.,"Man: I am honestly still on the fence about finalizing the quarterly budget spreadsheet. 
Woman: You need to make up your mind quickly, or the project manager will be very disappointed. 
Narrator: What does the woman imply about the man?",What does the woman imply about the man?,Menguji idiom 'on the fence' (ragu-ragu) dan 'make up your mind' (mengambil keputusan). Pilihan B benar karena merefrasa makna idiom tersebut secara akurat.
372,Part A (Suggestion),listening_simulation_213.mp3,A,Take immediate action to review the training video manual sent by the coordinator.,Ignore the supervisor and quit the current position.,Continue working despite being struggling to meet the tight deadline set by the executive board.,Submit the report without reviewing the guidelines.,"Man: I am totally struggling to meet the tight deadline set by the executive board. 
Woman: Why don't you review the training video manual sent by the coordinator before doing anything else? 
Narrator: What does the woman suggest the man do?",What does the woman suggest the man do?,Menguji struktur pemberian saran menggunakan pola 'Why don't you...'. Wanita menyarankan pria agar review the training video manual sent by the coordinator.
373,Part B: Long Conversation,listening_simulation_214.mp3,A,She is unable to back up the data before the computer crashed.,She forgot to attend the lunch meeting.,She lost the printed memo.,She wants to change teams.,"Man: Hi Jane, did you get the memo about the recruitment interview schedule? 
Woman: Yes, but I am unable to back up the data before the computer crashed. 
Man: Don't worry. Let's grab lunch and we can review the training video manual sent by the coordinator together.",What is the woman's main concern?,Pertanyaan mengenai permasalahan utama pembicara wanita. Wanita mengeluh bahwa ia sedang mengalami kendala yaitu unable to back up the data before the computer crashed.
374,Part B: Long Conversation,listening_simulation_214.mp3,B,Cancel the project entirely.,Eat lunch and review the training video manual sent by the coordinator.,Call the department head.,Buy a new digital manual.,"Man: Hi Jane, did you get the memo about the recruitment interview schedule? 
Woman: Yes, but I am unable to back up the data before the computer crashed. 
Man: Don't worry. Let's grab lunch and we can review the training video manual sent by the coordinator together.",What do the speakers plan to do?,Pertanyaan mengenai rencana tindakan. Pria mengajak wanita untuk makan siang bersama sambil melakukan penyelesaian yaitu review the training video manual sent by the coordinator.
375,Part A (Idiom),listening_simulation_215.mp3,B,The man is sitting on the office boundary fence.,The man is undecided and needs to make a firm choice.,The man already completed the assigned spreadsheet.,The man wants to complain to the supervisor.,"Man: I am honestly still on the fence about finalizing the customer feedback compilation. 
Woman: You need to make up your mind quickly, or the project manager will be very disappointed. 
Narrator: What does the woman imply about the man?",What does the woman imply about the man?,Menguji idiom 'on the fence' (ragu-ragu) dan 'make up your mind' (mengambil keputusan). Pilihan B benar karena merefrasa makna idiom tersebut secara akurat.
376,Part A (Idiom),listening_simulation_216.mp3,B,The man is sitting on the office boundary fence.,The man is undecided and needs to make a firm choice.,The man already completed the assigned spreadsheet.,The man wants to complain to the supervisor.,"Man: I am honestly still on the fence about finalizing the client's presentation slides. 
Woman: You need to make up your mind quickly, or the department head will be very disappointed. 
Narrator: What does the woman imply about the man?",What does the woman imply about the man?,Menguji idiom 'on the fence' (ragu-ragu) dan 'make up your mind' (mengambil keputusan). Pilihan B benar karena merefrasa makna idiom tersebut secara akurat.
377,Part C: Academic Talks,listening_simulation_217.mp3,A,A comprehensive analysis of the impact of artificial intelligence on logistics.,An announcement about office vacation.,A historical overview of banking.,A health insurance policy briefing.,Speaker: Good morning class. Today we will explore the impact of artificial intelligence on logistics. Using predictive algorithms for warehouse supply chains reduces overhead storage costs by roughly fifteen percent globally. This study will serve as our primary benchmark for corporate productivity.,What is the primary subject of the talk?,Pertanyaan mengenai gagasan utama kuliah akademik. Pembicara menyatakan bahwa pembahasan hari ini berpusat pada analisis the impact of artificial intelligence on logistics.
378,Part C: Academic Talks,listening_simulation_217.mp3,B,To reduce employee salaries.,To set a new benchmark for corporate productivity.,To redecorate the executive lounge.,To audit the accounting software.,Speaker: Good morning class. Today we will explore the impact of artificial intelligence on logistics. Using predictive algorithms for warehouse supply chains reduces overhead storage costs by roughly fifteen percent globally. This study will serve as our primary benchmark for corporate productivity.,What is the main goal of discussing this method?,Pertanyaan informasi spesifik. Pembicara menyebutkan bahwa tujuan studi ini adalah sebagai tolok ukur baru bagi produktivitas perusahaan.
379,Part A (Suggestion),listening_simulation_218.mp3,A,Take immediate action to take a fifteen-minute walk to clear your mind.,Ignore the supervisor and quit the current position.,Continue working despite being completely lost and confused about the guidelines.,Submit the report without reviewing the guidelines.,"Man: I am totally completely lost and confused about the guidelines. 
Woman: Why don't you take a fifteen-minute walk to clear your mind before doing anything else? 
Narrator: What does the woman suggest the man do?",What does the woman suggest the man do?,Menguji struktur pemberian saran menggunakan pola 'Why don't you...'. Wanita menyarankan pria agar take a fifteen-minute walk to clear your mind.
380,Part A (Idiom),listening_simulation_219.mp3,B,The man is sitting on the office boundary fence.,The man is undecided and needs to make a firm choice.,The man already completed the assigned spreadsheet.,The man wants to complain to the supervisor.,"Man: I am honestly still on the fence about finalizing the client's presentation slides. 
Woman: You need to make up your mind quickly, or the project manager will be very disappointed. 
Narrator: What does the woman imply about the man?",What does the woman imply about the man?,Menguji idiom 'on the fence' (ragu-ragu) dan 'make up your mind' (mengambil keputusan). Pilihan B benar karena merefrasa makna idiom tersebut secara akurat.
381,Part B: Long Conversation,listening_simulation_220.mp3,A,She is drowning under the immense workload this week.,She forgot to attend the lunch meeting.,She lost the printed memo.,She wants to change teams.,"Man: Hi Jane, did you get the memo about the quarterly inventory log? 
Woman: Yes, but I am drowning under the immense workload this week. 
Man: Don't worry. Let's grab lunch and we can review the training video manual sent by the coordinator together.",What is the woman's main concern?,Pertanyaan mengenai permasalahan utama pembicara wanita. Wanita mengeluh bahwa ia sedang mengalami kendala yaitu drowning under the immense workload this week.
382,Part B: Long Conversation,listening_simulation_220.mp3,B,Cancel the project entirely.,Eat lunch and review the training video manual sent by the coordinator.,Call the department head.,Buy a new digital manual.,"Man: Hi Jane, did you get the memo about the quarterly inventory log? 
Woman: Yes, but I am drowning under the immense workload this week. 
Man: Don't worry. Let's grab lunch and we can review the training video manual sent by the coordinator together.",What do the speakers plan to do?,Pertanyaan mengenai rencana tindakan. Pria mengajak wanita untuk makan siang bersama sambil melakukan penyelesaian yaitu review the training video manual sent by the coordinator.
383,Part A (Suggestion),listening_simulation_221.mp3,A,Take immediate action to schedule an urgent one-on-one meeting with the director.,Ignore the supervisor and quit the current position.,Continue working despite being completely lost and confused about the guidelines.,Submit the report without reviewing the guidelines.,"Man: I am totally completely lost and confused about the guidelines. 
Woman: Why don't you schedule an urgent one-on-one meeting with the director before doing anything else? 
Narrator: What does the woman suggest the man do?",What does the woman suggest the man do?,Menguji struktur pemberian saran menggunakan pola 'Why don't you...'. Wanita menyarankan pria agar schedule an urgent one-on-one meeting with the director.
384,Part B: Long Conversation,listening_simulation_222.mp3,A,She is drowning under the immense workload this week.,She forgot to attend the lunch meeting.,She lost the printed memo.,She wants to change teams.,"Man: Hi Jane, did you get the memo about the customer feedback compilation? 
Woman: Yes, but I am drowning under the immense workload this week. 
Man: Don't worry. Let's grab lunch and we can delegate the administrative tasks to the assistant together.",What is the woman's main concern?,Pertanyaan mengenai permasalahan utama pembicara wanita. Wanita mengeluh bahwa ia sedang mengalami kendala yaitu drowning under the immense workload this week.
385,Part B: Long Conversation,listening_simulation_222.mp3,B,Cancel the project entirely.,Eat lunch and delegate the administrative tasks to the assistant.,Call the department head.,Buy a new digital manual.,"Man: Hi Jane, did you get the memo about the customer feedback compilation? 
Woman: Yes, but I am drowning under the immense workload this week. 
Man: Don't worry. Let's grab lunch and we can delegate the administrative tasks to the assistant together.",What do the speakers plan to do?,Pertanyaan mengenai rencana tindakan. Pria mengajak wanita untuk makan siang bersama sambil melakukan penyelesaian yaitu delegate the administrative tasks to the assistant.
386,Part B: Long Conversation,listening_simulation_223.mp3,A,She is unable to back up the data before the computer crashed.,She forgot to attend the lunch meeting.,She lost the printed memo.,She wants to change teams.,"Man: Hi Jane, did you get the memo about the recruitment interview schedule? 
Woman: Yes, but I am unable to back up the data before the computer crashed. 
Man: Don't worry. Let's grab lunch and we can take a fifteen-minute walk to clear your mind together.",What is the woman's main concern?,Pertanyaan mengenai permasalahan utama pembicara wanita. Wanita mengeluh bahwa ia sedang mengalami kendala yaitu unable to back up the data before the computer crashed.
387,Part B: Long Conversation,listening_simulation_223.mp3,B,Cancel the project entirely.,Eat lunch and take a fifteen-minute walk to clear your mind.,Call the department head.,Buy a new digital manual.,"Man: Hi Jane, did you get the memo about the recruitment interview schedule? 
Woman: Yes, but I am unable to back up the data before the computer crashed. 
Man: Don't worry. Let's grab lunch and we can take a fifteen-minute walk to clear your mind together.",What do the speakers plan to do?,Pertanyaan mengenai rencana tindakan. Pria mengajak wanita untuk makan siang bersama sambil melakukan penyelesaian yaitu take a fifteen-minute walk to clear your mind.
388,Part B: Long Conversation,listening_simulation_224.mp3,A,She is having a terrible misunderstanding with the logistics team.,She forgot to attend the lunch meeting.,She lost the printed memo.,She wants to change teams.,"Man: Hi Jane, did you get the memo about the quarterly inventory log? 
Woman: Yes, but I am having a terrible misunderstanding with the logistics team. 
Man: Don't worry. Let's grab lunch and we can take a fifteen-minute walk to clear your mind together.",What is the woman's main concern?,Pertanyaan mengenai permasalahan utama pembicara wanita. Wanita mengeluh bahwa ia sedang mengalami kendala yaitu having a terrible misunderstanding with the logistics team.
389,Part B: Long Conversation,listening_simulation_224.mp3,B,Cancel the project entirely.,Eat lunch and take a fifteen-minute walk to clear your mind.,Call the department head.,Buy a new digital manual.,"Man: Hi Jane, did you get the memo about the quarterly inventory log? 
Woman: Yes, but I am having a terrible misunderstanding with the logistics team. 
Man: Don't worry. Let's grab lunch and we can take a fifteen-minute walk to clear your mind together.",What do the speakers plan to do?,Pertanyaan mengenai rencana tindakan. Pria mengajak wanita untuk makan siang bersama sambil melakukan penyelesaian yaitu take a fifteen-minute walk to clear your mind.
390,Part A (Suggestion),listening_simulation_225.mp3,A,Take immediate action to review the training video manual sent by the coordinator.,Ignore the supervisor and quit the current position.,Continue working despite being completely lost and confused about the guidelines.,Submit the report without reviewing the guidelines.,"Man: I am totally completely lost and confused about the guidelines. 
Woman: Why don't you review the training video manual sent by the coordinator before doing anything else? 
Narrator: What does the woman suggest the man do?",What does the woman suggest the man do?,Menguji struktur pemberian saran menggunakan pola 'Why don't you...'. Wanita menyarankan pria agar review the training video manual sent by the coordinator.
391,Part A (Agreement),listening_simulation_226.mp3,B,She wants the man to repeat his statement about the timeline.,She completely agrees that the workload schedule is too demanding.,She thinks the project has already been canceled.,She prefers to work late at night rather than early morning.,"Man: The timeline to finish the quarterly inventory log is absurdly tight. 
Woman: You can say that again! I've been working non-stop since dawn. 
Narrator: What does the woman mean?",What does the woman mean?,Menguji ekspresi persetujuan (Agreement) 'You can say that again!' yang berarti pembicara kedua sangat setuju dengan pendapat pembicara pertama.
392,Part C: Academic Talks,listening_simulation_227.mp3,A,A comprehensive analysis of the psychology of consumer choice.,An announcement about office vacation.,A historical overview of banking.,A health insurance policy briefing.,"Speaker: Good morning class. Today we will explore the psychology of consumer choice. Limiting the number of options on a retail display reduces decision fatigue, which paradoxically increases the final conversion rate by thirty percent. This study will serve as our primary benchmark for corporate productivity.",What is the primary subject of the talk?,Pertanyaan mengenai gagasan utama kuliah akademik. Pembicara menyatakan bahwa pembahasan hari ini berpusat pada analisis the psychology of consumer choice.
393,Part C: Academic Talks,listening_simulation_227.mp3,B,To reduce employee salaries.,To set a new benchmark for corporate productivity.,To redecorate the executive lounge.,To audit the accounting software.,"Speaker: Good morning class. Today we will explore the psychology of consumer choice. Limiting the number of options on a retail display reduces decision fatigue, which paradoxically increases the final conversion rate by thirty percent. This study will serve as our primary benchmark for corporate productivity.",What is the main goal of discussing this method?,Pertanyaan informasi spesifik. Pembicara menyebutkan bahwa tujuan studi ini adalah sebagai tolok ukur baru bagi produktivitas perusahaan.
394,Part C: Academic Talks,listening_simulation_228.mp3,A,A comprehensive analysis of the psychology of consumer choice.,An announcement about office vacation.,A historical overview of banking.,A health insurance policy briefing.,"Speaker: Good morning class. Today we will explore the psychology of consumer choice. Limiting the number of options on a retail display reduces decision fatigue, which paradoxically increases the final conversion rate by thirty percent. This study will serve as our primary benchmark for corporate productivity.",What is the primary subject of the talk?,Pertanyaan mengenai gagasan utama kuliah akademik. Pembicara menyatakan bahwa pembahasan hari ini berpusat pada analisis the psychology of consumer choice.
395,Part C: Academic Talks,listening_simulation_228.mp3,B,To reduce employee salaries.,To set a new benchmark for corporate productivity.,To redecorate the executive lounge.,To audit the accounting software.,"Speaker: Good morning class. Today we will explore the psychology of consumer choice. Limiting the number of options on a retail display reduces decision fatigue, which paradoxically increases the final conversion rate by thirty percent. This study will serve as our primary benchmark for corporate productivity.",What is the main goal of discussing this method?,Pertanyaan informasi spesifik. Pembicara menyebutkan bahwa tujuan studi ini adalah sebagai tolok ukur baru bagi produktivitas perusahaan.
396,Part A (Agreement),listening_simulation_229.mp3,B,She wants the man to repeat his statement about the timeline.,She completely agrees that the workload schedule is too demanding.,She thinks the project has already been canceled.,She prefers to work late at night rather than early morning.,"Man: The timeline to finish the social media campaign draft is absurdly tight. 
Woman: You can say that again! I've been working non-stop since dawn. 
Narrator: What does the woman mean?",What does the woman mean?,Menguji ekspresi persetujuan (Agreement) 'You can say that again!' yang berarti pembicara kedua sangat setuju dengan pendapat pembicara pertama.
397,Part C: Academic Talks,listening_simulation_230.mp3,A,A comprehensive analysis of sustainable workplace design.,An announcement about office vacation.,A historical overview of banking.,A health insurance policy briefing.,"Speaker: Good morning class. Today we will explore sustainable workplace design. By introducing natural lighting and ergonomic furniture, companies report a twenty percent decrease in employee absenteeism and a massive boost in daily focus. This study will serve as our primary benchmark for corporate productivity.",What is the primary subject of the talk?,Pertanyaan mengenai gagasan utama kuliah akademik. Pembicara menyatakan bahwa pembahasan hari ini berpusat pada analisis sustainable workplace design.
398,Part C: Academic Talks,listening_simulation_230.mp3,B,To reduce employee salaries.,To set a new benchmark for corporate productivity.,To redecorate the executive lounge.,To audit the accounting software.,"Speaker: Good morning class. Today we will explore sustainable workplace design. By introducing natural lighting and ergonomic furniture, companies report a twenty percent decrease in employee absenteeism and a massive boost in daily focus. This study will serve as our primary benchmark for corporate productivity.",What is the main goal of discussing this method?,Pertanyaan informasi spesifik. Pembicara menyebutkan bahwa tujuan studi ini adalah sebagai tolok ukur baru bagi produktivitas perusahaan.
399,Part B: Long Conversation,listening_simulation_231.mp3,A,She is having a terrible misunderstanding with the logistics team.,She forgot to attend the lunch meeting.,She lost the printed memo.,She wants to change teams.,"Man: Hi Jane, did you get the memo about the social media campaign draft? 
Woman: Yes, but I am having a terrible misunderstanding with the logistics team. 
Man: Don't worry. Let's grab lunch and we can request a temporary extension from the management together.",What is the woman's main concern?,Pertanyaan mengenai permasalahan utama pembicara wanita. Wanita mengeluh bahwa ia sedang mengalami kendala yaitu having a terrible misunderstanding with the logistics team.
400,Part B: Long Conversation,listening_simulation_231.mp3,B,Cancel the project entirely.,Eat lunch and request a temporary extension from the management.,Call the department head.,Buy a new digital manual.,"Man: Hi Jane, did you get the memo about the social media campaign draft? 
Woman: Yes, but I am having a terrible misunderstanding with the logistics team. 
Man: Don't worry. Let's grab lunch and we can request a temporary extension from the management together.",What do the speakers plan to do?,Pertanyaan mengenai rencana tindakan. Pria mengajak wanita untuk makan siang bersama sambil melakukan penyelesaian yaitu request a temporary extension from the management.
401,Part A (Idiom),listening_simulation_232.mp3,B,The man is sitting on the office boundary fence.,The man is undecided and needs to make a firm choice.,The man already completed the assigned spreadsheet.,The man wants to complain to the supervisor.,"Man: I am honestly still on the fence about finalizing the quarterly inventory log. 
Woman: You need to make up your mind quickly, or the department head will be very disappointed. 
Narrator: What does the woman imply about the man?",What does the woman imply about the man?,Menguji idiom 'on the fence' (ragu-ragu) dan 'make up your mind' (mengambil keputusan). Pilihan B benar karena merefrasa makna idiom tersebut secara akurat.
402,Part A (Suggestion),listening_simulation_233.mp3,A,Take immediate action to schedule an urgent one-on-one meeting with the director.,Ignore the supervisor and quit the current position.,Continue working despite being completely lost and confused about the guidelines.,Submit the report without reviewing the guidelines.,"Man: I am totally completely lost and confused about the guidelines. 
Woman: Why don't you schedule an urgent one-on-one meeting with the director before doing anything else? 
Narrator: What does the woman suggest the man do?",What does the woman suggest the man do?,Menguji struktur pemberian saran menggunakan pola 'Why don't you...'. Wanita menyarankan pria agar schedule an urgent one-on-one meeting with the director.
403,Part A (Idiom),listening_simulation_234.mp3,B,The man is sitting on the office boundary fence.,The man is undecided and needs to make a firm choice.,The man already completed the assigned spreadsheet.,The man wants to complain to the supervisor.,"Man: I am honestly still on the fence about finalizing the office relocation plan. 
Woman: You need to make up your mind quickly, or the HR director will be very disappointed. 
Narrator: What does the woman imply about the man?",What does the woman imply about the man?,Menguji idiom 'on the fence' (ragu-ragu) dan 'make up your mind' (mengambil keputusan). Pilihan B benar karena merefrasa makna idiom tersebut secara akurat.
404,Part C: Academic Talks,listening_simulation_235.mp3,A,A comprehensive analysis of conflict resolution in corporate teams.,An announcement about office vacation.,A historical overview of banking.,A health insurance policy briefing.,Speaker: Good morning class. Today we will explore conflict resolution in corporate teams. Establishing clear communication channels and setting neutral boundaries early helps prevent personal bias from derailing collaborative milestones. This study will serve as our primary benchmark for corporate productivity.,What is the primary subject of the talk?,Pertanyaan mengenai gagasan utama kuliah akademik. Pembicara menyatakan bahwa pembahasan hari ini berpusat pada analisis conflict resolution in corporate teams.
405,Part C: Academic Talks,listening_simulation_235.mp3,B,To reduce employee salaries.,To set a new benchmark for corporate productivity.,To redecorate the executive lounge.,To audit the accounting software.,Speaker: Good morning class. Today we will explore conflict resolution in corporate teams. Establishing clear communication channels and setting neutral boundaries early helps prevent personal bias from derailing collaborative milestones. This study will serve as our primary benchmark for corporate productivity.,What is the main goal of discussing this method?,Pertanyaan informasi spesifik. Pembicara menyebutkan bahwa tujuan studi ini adalah sebagai tolok ukur baru bagi produktivitas perusahaan.
406,Part A (Agreement),listening_simulation_236.mp3,B,She wants the man to repeat his statement about the timeline.,She completely agrees that the workload schedule is too demanding.,She thinks the project has already been canceled.,She prefers to work late at night rather than early morning.,"Man: The timeline to finish the recruitment interview schedule is absurdly tight. 
Woman: You can say that again! I've been working non-stop since dawn. 
Narrator: What does the woman mean?",What does the woman mean?,Menguji ekspresi persetujuan (Agreement) 'You can say that again!' yang berarti pembicara kedua sangat setuju dengan pendapat pembicara pertama.
407,Part C: Academic Talks,listening_simulation_237.mp3,A,A comprehensive analysis of the psychology of consumer choice.,An announcement about office vacation.,A historical overview of banking.,A health insurance policy briefing.,"Speaker: Good morning class. Today we will explore the psychology of consumer choice. Limiting the number of options on a retail display reduces decision fatigue, which paradoxically increases the final conversion rate by thirty percent. This study will serve as our primary benchmark for corporate productivity.",What is the primary subject of the talk?,Pertanyaan mengenai gagasan utama kuliah akademik. Pembicara menyatakan bahwa pembahasan hari ini berpusat pada analisis the psychology of consumer choice.
408,Part C: Academic Talks,listening_simulation_237.mp3,B,To reduce employee salaries.,To set a new benchmark for corporate productivity.,To redecorate the executive lounge.,To audit the accounting software.,"Speaker: Good morning class. Today we will explore the psychology of consumer choice. Limiting the number of options on a retail display reduces decision fatigue, which paradoxically increases the final conversion rate by thirty percent. This study will serve as our primary benchmark for corporate productivity.",What is the main goal of discussing this method?,Pertanyaan informasi spesifik. Pembicara menyebutkan bahwa tujuan studi ini adalah sebagai tolok ukur baru bagi produktivitas perusahaan.
409,Part C: Academic Talks,listening_simulation_238.mp3,A,A comprehensive analysis of the impact of artificial intelligence on logistics.,An announcement about office vacation.,A historical overview of banking.,A health insurance policy briefing.,Speaker: Good morning class. Today we will explore the impact of artificial intelligence on logistics. Using predictive algorithms for warehouse supply chains reduces overhead storage costs by roughly fifteen percent globally. This study will serve as our primary benchmark for corporate productivity.,What is the primary subject of the talk?,Pertanyaan mengenai gagasan utama kuliah akademik. Pembicara menyatakan bahwa pembahasan hari ini berpusat pada analisis the impact of artificial intelligence on logistics.
410,Part C: Academic Talks,listening_simulation_238.mp3,B,To reduce employee salaries.,To set a new benchmark for corporate productivity.,To redecorate the executive lounge.,To audit the accounting software.,Speaker: Good morning class. Today we will explore the impact of artificial intelligence on logistics. Using predictive algorithms for warehouse supply chains reduces overhead storage costs by roughly fifteen percent globally. This study will serve as our primary benchmark for corporate productivity.,What is the main goal of discussing this method?,Pertanyaan informasi spesifik. Pembicara menyebutkan bahwa tujuan studi ini adalah sebagai tolok ukur baru bagi produktivitas perusahaan.
411,Part A (Idiom),listening_simulation_239.mp3,B,The man is sitting on the office boundary fence.,The man is undecided and needs to make a firm choice.,The man already completed the assigned spreadsheet.,The man wants to complain to the supervisor.,"Man: I am honestly still on the fence about finalizing the annual tax report. 
Woman: You need to make up your mind quickly, or the supervisor will be very disappointed. 
Narrator: What does the woman imply about the man?",What does the woman imply about the man?,Menguji idiom 'on the fence' (ragu-ragu) dan 'make up your mind' (mengambil keputusan). Pilihan B benar karena merefrasa makna idiom tersebut secara akurat.
412,Part C: Academic Talks,listening_simulation_240.mp3,A,A comprehensive analysis of sustainable workplace design.,An announcement about office vacation.,A historical overview of banking.,A health insurance policy briefing.,"Speaker: Good morning class. Today we will explore sustainable workplace design. By introducing natural lighting and ergonomic furniture, companies report a twenty percent decrease in employee absenteeism and a massive boost in daily focus. This study will serve as our primary benchmark for corporate productivity.",What is the primary subject of the talk?,Pertanyaan mengenai gagasan utama kuliah akademik. Pembicara menyatakan bahwa pembahasan hari ini berpusat pada analisis sustainable workplace design.
413,Part C: Academic Talks,listening_simulation_240.mp3,B,To reduce employee salaries.,To set a new benchmark for corporate productivity.,To redecorate the executive lounge.,To audit the accounting software.,"Speaker: Good morning class. Today we will explore sustainable workplace design. By introducing natural lighting and ergonomic furniture, companies report a twenty percent decrease in employee absenteeism and a massive boost in daily focus. This study will serve as our primary benchmark for corporate productivity.",What is the main goal of discussing this method?,Pertanyaan informasi spesifik. Pembicara menyebutkan bahwa tujuan studi ini adalah sebagai tolok ukur baru bagi produktivitas perusahaan.
414,Part C: Academic Talks,listening_simulation_241.mp3,A,A comprehensive analysis of conflict resolution in corporate teams.,An announcement about office vacation.,A historical overview of banking.,A health insurance policy briefing.,Speaker: Good morning class. Today we will explore conflict resolution in corporate teams. Establishing clear communication channels and setting neutral boundaries early helps prevent personal bias from derailing collaborative milestones. This study will serve as our primary benchmark for corporate productivity.,What is the primary subject of the talk?,Pertanyaan mengenai gagasan utama kuliah akademik. Pembicara menyatakan bahwa pembahasan hari ini berpusat pada analisis conflict resolution in corporate teams.
415,Part C: Academic Talks,listening_simulation_241.mp3,B,To reduce employee salaries.,To set a new benchmark for corporate productivity.,To redecorate the executive lounge.,To audit the accounting software.,Speaker: Good morning class. Today we will explore conflict resolution in corporate teams. Establishing clear communication channels and setting neutral boundaries early helps prevent personal bias from derailing collaborative milestones. This study will serve as our primary benchmark for corporate productivity.,What is the main goal of discussing this method?,Pertanyaan informasi spesifik. Pembicara menyebutkan bahwa tujuan studi ini adalah sebagai tolok ukur baru bagi produktivitas perusahaan.
416,Part B: Long Conversation,listening_simulation_242.mp3,A,She is unable to back up the data before the computer crashed.,She forgot to attend the lunch meeting.,She lost the printed memo.,She wants to change teams.,"Man: Hi Jane, did you get the memo about the annual tax report? 
Woman: Yes, but I am unable to back up the data before the computer crashed. 
Man: Don't worry. Let's grab lunch and we can schedule an urgent one-on-one meeting with the director together.",What is the woman's main concern?,Pertanyaan mengenai permasalahan utama pembicara wanita. Wanita mengeluh bahwa ia sedang mengalami kendala yaitu unable to back up the data before the computer crashed.
417,Part B: Long Conversation,listening_simulation_242.mp3,B,Cancel the project entirely.,Eat lunch and schedule an urgent one-on-one meeting with the director.,Call the department head.,Buy a new digital manual.,"Man: Hi Jane, did you get the memo about the annual tax report? 
Woman: Yes, but I am unable to back up the data before the computer crashed. 
Man: Don't worry. Let's grab lunch and we can schedule an urgent one-on-one meeting with the director together.",What do the speakers plan to do?,Pertanyaan mengenai rencana tindakan. Pria mengajak wanita untuk makan siang bersama sambil melakukan penyelesaian yaitu schedule an urgent one-on-one meeting with the director.
418,Part B: Long Conversation,listening_simulation_243.mp3,A,She is struggling to meet the tight deadline set by the executive board.,She forgot to attend the lunch meeting.,She lost the printed memo.,She wants to change teams.,"Man: Hi Jane, did you get the memo about the quarterly inventory log? 
Woman: Yes, but I am struggling to meet the tight deadline set by the executive board. 
Man: Don't worry. Let's grab lunch and we can review the training video manual sent by the coordinator together.",What is the woman's main concern?,Pertanyaan mengenai permasalahan utama pembicara wanita. Wanita mengeluh bahwa ia sedang mengalami kendala yaitu struggling to meet the tight deadline set by the executive board.
419,Part B: Long Conversation,listening_simulation_243.mp3,B,Cancel the project entirely.,Eat lunch and review the training video manual sent by the coordinator.,Call the department head.,Buy a new digital manual.,"Man: Hi Jane, did you get the memo about the quarterly inventory log? 
Woman: Yes, but I am struggling to meet the tight deadline set by the executive board. 
Man: Don't worry. Let's grab lunch and we can review the training video manual sent by the coordinator together.",What do the speakers plan to do?,Pertanyaan mengenai rencana tindakan. Pria mengajak wanita untuk makan siang bersama sambil melakukan penyelesaian yaitu review the training video manual sent by the coordinator.
420,Part C: Academic Talks,listening_simulation_244.mp3,A,A comprehensive analysis of the impact of artificial intelligence on logistics.,An announcement about office vacation.,A historical overview of banking.,A health insurance policy briefing.,Speaker: Good morning class. Today we will explore the impact of artificial intelligence on logistics. Using predictive algorithms for warehouse supply chains reduces overhead storage costs by roughly fifteen percent globally. This study will serve as our primary benchmark for corporate productivity.,What is the primary subject of the talk?,Pertanyaan mengenai gagasan utama kuliah akademik. Pembicara menyatakan bahwa pembahasan hari ini berpusat pada analisis the impact of artificial intelligence on logistics.
421,Part C: Academic Talks,listening_simulation_244.mp3,B,To reduce employee salaries.,To set a new benchmark for corporate productivity.,To redecorate the executive lounge.,To audit the accounting software.,Speaker: Good morning class. Today we will explore the impact of artificial intelligence on logistics. Using predictive algorithms for warehouse supply chains reduces overhead storage costs by roughly fifteen percent globally. This study will serve as our primary benchmark for corporate productivity.,What is the main goal of discussing this method?,Pertanyaan informasi spesifik. Pembicara menyebutkan bahwa tujuan studi ini adalah sebagai tolok ukur baru bagi produktivitas perusahaan.
422,Part B: Long Conversation,listening_simulation_245.mp3,A,She is struggling to meet the tight deadline set by the executive board.,She forgot to attend the lunch meeting.,She lost the printed memo.,She wants to change teams.,"Man: Hi Jane, did you get the memo about the quarterly inventory log? 
Woman: Yes, but I am struggling to meet the tight deadline set by the executive board. 
Man: Don't worry. Let's grab lunch and we can request a temporary extension from the management together.",What is the woman's main concern?,Pertanyaan mengenai permasalahan utama pembicara wanita. Wanita mengeluh bahwa ia sedang mengalami kendala yaitu struggling to meet the tight deadline set by the executive board.
423,Part B: Long Conversation,listening_simulation_245.mp3,B,Cancel the project entirely.,Eat lunch and request a temporary extension from the management.,Call the department head.,Buy a new digital manual.,"Man: Hi Jane, did you get the memo about the quarterly inventory log? 
Woman: Yes, but I am struggling to meet the tight deadline set by the executive board. 
Man: Don't worry. Let's grab lunch and we can request a temporary extension from the management together.",What do the speakers plan to do?,Pertanyaan mengenai rencana tindakan. Pria mengajak wanita untuk makan siang bersama sambil melakukan penyelesaian yaitu request a temporary extension from the management.
424,Part A (Idiom),listening_simulation_246.mp3,B,The man is sitting on the office boundary fence.,The man is undecided and needs to make a firm choice.,The man already completed the assigned spreadsheet.,The man wants to complain to the supervisor.,"Man: I am honestly still on the fence about finalizing the social media campaign draft. 
Woman: You need to make up your mind quickly, or the project manager will be very disappointed. 
Narrator: What does the woman imply about the man?",What does the woman imply about the man?,Menguji idiom 'on the fence' (ragu-ragu) dan 'make up your mind' (mengambil keputusan). Pilihan B benar karena merefrasa makna idiom tersebut secara akurat.
425,Part C: Academic Talks,listening_simulation_247.mp3,A,A comprehensive analysis of sustainable workplace design.,An announcement about office vacation.,A historical overview of banking.,A health insurance policy briefing.,"Speaker: Good morning class. Today we will explore sustainable workplace design. By introducing natural lighting and ergonomic furniture, companies report a twenty percent decrease in employee absenteeism and a massive boost in daily focus. This study will serve as our primary benchmark for corporate productivity.",What is the primary subject of the talk?,Pertanyaan mengenai gagasan utama kuliah akademik. Pembicara menyatakan bahwa pembahasan hari ini berpusat pada analisis sustainable workplace design.
426,Part C: Academic Talks,listening_simulation_247.mp3,B,To reduce employee salaries.,To set a new benchmark for corporate productivity.,To redecorate the executive lounge.,To audit the accounting software.,"Speaker: Good morning class. Today we will explore sustainable workplace design. By introducing natural lighting and ergonomic furniture, companies report a twenty percent decrease in employee absenteeism and a massive boost in daily focus. This study will serve as our primary benchmark for corporate productivity.",What is the main goal of discussing this method?,Pertanyaan informasi spesifik. Pembicara menyebutkan bahwa tujuan studi ini adalah sebagai tolok ukur baru bagi produktivitas perusahaan.
427,Part C: Academic Talks,listening_simulation_248.mp3,A,A comprehensive analysis of sustainable workplace design.,An announcement about office vacation.,A historical overview of banking.,A health insurance policy briefing.,"Speaker: Good morning class. Today we will explore sustainable workplace design. By introducing natural lighting and ergonomic furniture, companies report a twenty percent decrease in employee absenteeism and a massive boost in daily focus. This study will serve as our primary benchmark for corporate productivity.",What is the primary subject of the talk?,Pertanyaan mengenai gagasan utama kuliah akademik. Pembicara menyatakan bahwa pembahasan hari ini berpusat pada analisis sustainable workplace design.
428,Part C: Academic Talks,listening_simulation_248.mp3,B,To reduce employee salaries.,To set a new benchmark for corporate productivity.,To redecorate the executive lounge.,To audit the accounting software.,"Speaker: Good morning class. Today we will explore sustainable workplace design. By introducing natural lighting and ergonomic furniture, companies report a twenty percent decrease in employee absenteeism and a massive boost in daily focus. This study will serve as our primary benchmark for corporate productivity.",What is the main goal of discussing this method?,Pertanyaan informasi spesifik. Pembicara menyebutkan bahwa tujuan studi ini adalah sebagai tolok ukur baru bagi produktivitas perusahaan.
429,Part B: Long Conversation,listening_simulation_249.mp3,A,She is drowning under the immense workload this week.,She forgot to attend the lunch meeting.,She lost the printed memo.,She wants to change teams.,"Man: Hi Jane, did you get the memo about the annual tax report? 
Woman: Yes, but I am drowning under the immense workload this week. 
Man: Don't worry. Let's grab lunch and we can review the training video manual sent by the coordinator together.",What is the woman's main concern?,Pertanyaan mengenai permasalahan utama pembicara wanita. Wanita mengeluh bahwa ia sedang mengalami kendala yaitu drowning under the immense workload this week.
430,Part B: Long Conversation,listening_simulation_249.mp3,B,Cancel the project entirely.,Eat lunch and review the training video manual sent by the coordinator.,Call the department head.,Buy a new digital manual.,"Man: Hi Jane, did you get the memo about the annual tax report? 
Woman: Yes, but I am drowning under the immense workload this week. 
Man: Don't worry. Let's grab lunch and we can review the training video manual sent by the coordinator together.",What do the speakers plan to do?,Pertanyaan mengenai rencana tindakan. Pria mengajak wanita untuk makan siang bersama sambil melakukan penyelesaian yaitu review the training video manual sent by the coordinator.
431,Part A (Agreement),listening_simulation_250.mp3,B,She wants the man to repeat his statement about the timeline.,She completely agrees that the workload schedule is too demanding.,She thinks the project has already been canceled.,She prefers to work late at night rather than early morning.,"Man: The timeline to finish the client's presentation slides is absurdly tight. 
Woman: You can say that again! I've been working non-stop since dawn. 
Narrator: What does the woman mean?",What does the woman mean?,Menguji ekspresi persetujuan (Agreement) 'You can say that again!' yang berarti pembicara kedua sangat setuju dengan pendapat pembicara pertama.
432,Part A (Idiom),listening_simulation_251.mp3,B,The man is sitting on the office boundary fence.,The man is undecided and needs to make a firm choice.,The man already completed the assigned spreadsheet.,The man wants to complain to the supervisor.,"Man: I am honestly still on the fence about finalizing the social media campaign draft. 
Woman: You need to make up your mind quickly, or the new intern will be very disappointed. 
Narrator: What does the woman imply about the man?",What does the woman imply about the man?,Menguji idiom 'on the fence' (ragu-ragu) dan 'make up your mind' (mengambil keputusan). Pilihan B benar karena merefrasa makna idiom tersebut secara akurat.
433,Part C: Academic Talks,listening_simulation_252.mp3,A,A comprehensive analysis of sustainable workplace design.,An announcement about office vacation.,A historical overview of banking.,A health insurance policy briefing.,"Speaker: Good morning class. Today we will explore sustainable workplace design. By introducing natural lighting and ergonomic furniture, companies report a twenty percent decrease in employee absenteeism and a massive boost in daily focus. This study will serve as our primary benchmark for corporate productivity.",What is the primary subject of the talk?,Pertanyaan mengenai gagasan utama kuliah akademik. Pembicara menyatakan bahwa pembahasan hari ini berpusat pada analisis sustainable workplace design.
434,Part C: Academic Talks,listening_simulation_252.mp3,B,To reduce employee salaries.,To set a new benchmark for corporate productivity.,To redecorate the executive lounge.,To audit the accounting software.,"Speaker: Good morning class. Today we will explore sustainable workplace design. By introducing natural lighting and ergonomic furniture, companies report a twenty percent decrease in employee absenteeism and a massive boost in daily focus. This study will serve as our primary benchmark for corporate productivity.",What is the main goal of discussing this method?,Pertanyaan informasi spesifik. Pembicara menyebutkan bahwa tujuan studi ini adalah sebagai tolok ukur baru bagi produktivitas perusahaan.
435,Part B: Long Conversation,listening_simulation_253.mp3,A,She is struggling to meet the tight deadline set by the executive board.,She forgot to attend the lunch meeting.,She lost the printed memo.,She wants to change teams.,"Man: Hi Jane, did you get the memo about the recruitment interview schedule? 
Woman: Yes, but I am struggling to meet the tight deadline set by the executive board. 
Man: Don't worry. Let's grab lunch and we can take a fifteen-minute walk to clear your mind together.",What is the woman's main concern?,Pertanyaan mengenai permasalahan utama pembicara wanita. Wanita mengeluh bahwa ia sedang mengalami kendala yaitu struggling to meet the tight deadline set by the executive board.
436,Part B: Long Conversation,listening_simulation_253.mp3,B,Cancel the project entirely.,Eat lunch and take a fifteen-minute walk to clear your mind.,Call the department head.,Buy a new digital manual.,"Man: Hi Jane, did you get the memo about the recruitment interview schedule? 
Woman: Yes, but I am struggling to meet the tight deadline set by the executive board. 
Man: Don't worry. Let's grab lunch and we can take a fifteen-minute walk to clear your mind together.",What do the speakers plan to do?,Pertanyaan mengenai rencana tindakan. Pria mengajak wanita untuk makan siang bersama sambil melakukan penyelesaian yaitu take a fifteen-minute walk to clear your mind.
437,Part C: Academic Talks,listening_simulation_254.mp3,A,A comprehensive analysis of the impact of artificial intelligence on logistics.,An announcement about office vacation.,A historical overview of banking.,A health insurance policy briefing.,Speaker: Good morning class. Today we will explore the impact of artificial intelligence on logistics. Using predictive algorithms for warehouse supply chains reduces overhead storage costs by roughly fifteen percent globally. This study will serve as our primary benchmark for corporate productivity.,What is the primary subject of the talk?,Pertanyaan mengenai gagasan utama kuliah akademik. Pembicara menyatakan bahwa pembahasan hari ini berpusat pada analisis the impact of artificial intelligence on logistics.
438,Part C: Academic Talks,listening_simulation_254.mp3,B,To reduce employee salaries.,To set a new benchmark for corporate productivity.,To redecorate the executive lounge.,To audit the accounting software.,Speaker: Good morning class. Today we will explore the impact of artificial intelligence on logistics. Using predictive algorithms for warehouse supply chains reduces overhead storage costs by roughly fifteen percent globally. This study will serve as our primary benchmark for corporate productivity.,What is the main goal of discussing this method?,Pertanyaan informasi spesifik. Pembicara menyebutkan bahwa tujuan studi ini adalah sebagai tolok ukur baru bagi produktivitas perusahaan.
439,Part A (Idiom),listening_simulation_255.mp3,B,The man is sitting on the office boundary fence.,The man is undecided and needs to make a firm choice.,The man already completed the assigned spreadsheet.,The man wants to complain to the supervisor.,"Man: I am honestly still on the fence about finalizing the office relocation plan. 
Woman: You need to make up your mind quickly, or the supervisor will be very disappointed. 
Narrator: What does the woman imply about the man?",What does the woman imply about the man?,Menguji idiom 'on the fence' (ragu-ragu) dan 'make up your mind' (mengambil keputusan). Pilihan B benar karena merefrasa makna idiom tersebut secara akurat.
440,Part B: Long Conversation,listening_simulation_256.mp3,A,She is completely lost and confused about the guidelines.,She forgot to attend the lunch meeting.,She lost the printed memo.,She wants to change teams.,"Man: Hi Jane, did you get the memo about the customer feedback compilation? 
Woman: Yes, but I am completely lost and confused about the guidelines. 
Man: Don't worry. Let's grab lunch and we can request a temporary extension from the management together.",What is the woman's main concern?,Pertanyaan mengenai permasalahan utama pembicara wanita. Wanita mengeluh bahwa ia sedang mengalami kendala yaitu completely lost and confused about the guidelines.
441,Part B: Long Conversation,listening_simulation_256.mp3,B,Cancel the project entirely.,Eat lunch and request a temporary extension from the management.,Call the department head.,Buy a new digital manual.,"Man: Hi Jane, did you get the memo about the customer feedback compilation? 
Woman: Yes, but I am completely lost and confused about the guidelines. 
Man: Don't worry. Let's grab lunch and we can request a temporary extension from the management together.",What do the speakers plan to do?,Pertanyaan mengenai rencana tindakan. Pria mengajak wanita untuk makan siang bersama sambil melakukan penyelesaian yaitu request a temporary extension from the management.
442,Part A (Suggestion),listening_simulation_257.mp3,A,Take immediate action to request a temporary extension from the management.,Ignore the supervisor and quit the current position.,Continue working despite being completely lost and confused about the guidelines.,Submit the report without reviewing the guidelines.,"Man: I am totally completely lost and confused about the guidelines. 
Woman: Why don't you request a temporary extension from the management before doing anything else? 
Narrator: What does the woman suggest the man do?",What does the woman suggest the man do?,Menguji struktur pemberian saran menggunakan pola 'Why don't you...'. Wanita menyarankan pria agar request a temporary extension from the management.
443,Part B: Long Conversation,listening_simulation_258.mp3,A,She is having a terrible misunderstanding with the logistics team.,She forgot to attend the lunch meeting.,She lost the printed memo.,She wants to change teams.,"Man: Hi Jane, did you get the memo about the customer feedback compilation? 
Woman: Yes, but I am having a terrible misunderstanding with the logistics team. 
Man: Don't worry. Let's grab lunch and we can take a fifteen-minute walk to clear your mind together.",What is the woman's main concern?,Pertanyaan mengenai permasalahan utama pembicara wanita. Wanita mengeluh bahwa ia sedang mengalami kendala yaitu having a terrible misunderstanding with the logistics team.
444,Part B: Long Conversation,listening_simulation_258.mp3,B,Cancel the project entirely.,Eat lunch and take a fifteen-minute walk to clear your mind.,Call the department head.,Buy a new digital manual.,"Man: Hi Jane, did you get the memo about the customer feedback compilation? 
Woman: Yes, but I am having a terrible misunderstanding with the logistics team. 
Man: Don't worry. Let's grab lunch and we can take a fifteen-minute walk to clear your mind together.",What do the speakers plan to do?,Pertanyaan mengenai rencana tindakan. Pria mengajak wanita untuk makan siang bersama sambil melakukan penyelesaian yaitu take a fifteen-minute walk to clear your mind.
445,Part B: Long Conversation,listening_simulation_259.mp3,A,She is completely lost and confused about the guidelines.,She forgot to attend the lunch meeting.,She lost the printed memo.,She wants to change teams.,"Man: Hi Jane, did you get the memo about the customer feedback compilation? 
Woman: Yes, but I am completely lost and confused about the guidelines. 
Man: Don't worry. Let's grab lunch and we can take a fifteen-minute walk to clear your mind together.",What is the woman's main concern?,Pertanyaan mengenai permasalahan utama pembicara wanita. Wanita mengeluh bahwa ia sedang mengalami kendala yaitu completely lost and confused about the guidelines.
446,Part B: Long Conversation,listening_simulation_259.mp3,B,Cancel the project entirely.,Eat lunch and take a fifteen-minute walk to clear your mind.,Call the department head.,Buy a new digital manual.,"Man: Hi Jane, did you get the memo about the customer feedback compilation? 
Woman: Yes, but I am completely lost and confused about the guidelines. 
Man: Don't worry. Let's grab lunch and we can take a fifteen-minute walk to clear your mind together.",What do the speakers plan to do?,Pertanyaan mengenai rencana tindakan. Pria mengajak wanita untuk makan siang bersama sambil melakukan penyelesaian yaitu take a fifteen-minute walk to clear your mind.
447,Part B: Long Conversation,listening_simulation_260.mp3,A,She is struggling to meet the tight deadline set by the executive board.,She forgot to attend the lunch meeting.,She lost the printed memo.,She wants to change teams.,"Man: Hi Jane, did you get the memo about the quarterly budget spreadsheet? 
Woman: Yes, but I am struggling to meet the tight deadline set by the executive board. 
Man: Don't worry. Let's grab lunch and we can schedule an urgent one-on-one meeting with the director together.",What is the woman's main concern?,Pertanyaan mengenai permasalahan utama pembicara wanita. Wanita mengeluh bahwa ia sedang mengalami kendala yaitu struggling to meet the tight deadline set by the executive board.
448,Part B: Long Conversation,listening_simulation_260.mp3,B,Cancel the project entirely.,Eat lunch and schedule an urgent one-on-one meeting with the director.,Call the department head.,Buy a new digital manual.,"Man: Hi Jane, did you get the memo about the quarterly budget spreadsheet? 
Woman: Yes, but I am struggling to meet the tight deadline set by the executive board. 
Man: Don't worry. Let's grab lunch and we can schedule an urgent one-on-one meeting with the director together.",What do the speakers plan to do?,Pertanyaan mengenai rencana tindakan. Pria mengajak wanita untuk makan siang bersama sambil melakukan penyelesaian yaitu schedule an urgent one-on-one meeting with the director.
449,Part B: Long Conversation,listening_simulation_261.mp3,A,She is drowning under the immense workload this week.,She forgot to attend the lunch meeting.,She lost the printed memo.,She wants to change teams.,"Man: Hi Jane, did you get the memo about the office relocation plan? 
Woman: Yes, but I am drowning under the immense workload this week. 
Man: Don't worry. Let's grab lunch and we can schedule an urgent one-on-one meeting with the director together.",What is the woman's main concern?,Pertanyaan mengenai permasalahan utama pembicara wanita. Wanita mengeluh bahwa ia sedang mengalami kendala yaitu drowning under the immense workload this week.
450,Part B: Long Conversation,listening_simulation_261.mp3,B,Cancel the project entirely.,Eat lunch and schedule an urgent one-on-one meeting with the director.,Call the department head.,Buy a new digital manual.,"Man: Hi Jane, did you get the memo about the office relocation plan? 
Woman: Yes, but I am drowning under the immense workload this week. 
Man: Don't worry. Let's grab lunch and we can schedule an urgent one-on-one meeting with the director together.",What do the speakers plan to do?,Pertanyaan mengenai rencana tindakan. Pria mengajak wanita untuk makan siang bersama sambil melakukan penyelesaian yaitu schedule an urgent one-on-one meeting with the director.
451,Part C: Academic Talks,listening_simulation_262.mp3,A,A comprehensive analysis of the psychology of consumer choice.,An announcement about office vacation.,A historical overview of banking.,A health insurance policy briefing.,"Speaker: Good morning class. Today we will explore the psychology of consumer choice. Limiting the number of options on a retail display reduces decision fatigue, which paradoxically increases the final conversion rate by thirty percent. This study will serve as our primary benchmark for corporate productivity.",What is the primary subject of the talk?,Pertanyaan mengenai gagasan utama kuliah akademik. Pembicara menyatakan bahwa pembahasan hari ini berpusat pada analisis the psychology of consumer choice.
452,Part C: Academic Talks,listening_simulation_262.mp3,B,To reduce employee salaries.,To set a new benchmark for corporate productivity.,To redecorate the executive lounge.,To audit the accounting software.,"Speaker: Good morning class. Today we will explore the psychology of consumer choice. Limiting the number of options on a retail display reduces decision fatigue, which paradoxically increases the final conversion rate by thirty percent. This study will serve as our primary benchmark for corporate productivity.",What is the main goal of discussing this method?,Pertanyaan informasi spesifik. Pembicara menyebutkan bahwa tujuan studi ini adalah sebagai tolok ukur baru bagi produktivitas perusahaan.
453,Part A (Idiom),listening_simulation_263.mp3,B,The man is sitting on the office boundary fence.,The man is undecided and needs to make a firm choice.,The man already completed the assigned spreadsheet.,The man wants to complain to the supervisor.,"Man: I am honestly still on the fence about finalizing the annual tax report. 
Woman: You need to make up your mind quickly, or the financial auditor will be very disappointed. 
Narrator: What does the woman imply about the man?",What does the woman imply about the man?,Menguji idiom 'on the fence' (ragu-ragu) dan 'make up your mind' (mengambil keputusan). Pilihan B benar karena merefrasa makna idiom tersebut secara akurat.
454,Part C: Academic Talks,listening_simulation_264.mp3,A,A comprehensive analysis of the impact of artificial intelligence on logistics.,An announcement about office vacation.,A historical overview of banking.,A health insurance policy briefing.,Speaker: Good morning class. Today we will explore the impact of artificial intelligence on logistics. Using predictive algorithms for warehouse supply chains reduces overhead storage costs by roughly fifteen percent globally. This study will serve as our primary benchmark for corporate productivity.,What is the primary subject of the talk?,Pertanyaan mengenai gagasan utama kuliah akademik. Pembicara menyatakan bahwa pembahasan hari ini berpusat pada analisis the impact of artificial intelligence on logistics.
455,Part C: Academic Talks,listening_simulation_264.mp3,B,To reduce employee salaries.,To set a new benchmark for corporate productivity.,To redecorate the executive lounge.,To audit the accounting software.,Speaker: Good morning class. Today we will explore the impact of artificial intelligence on logistics. Using predictive algorithms for warehouse supply chains reduces overhead storage costs by roughly fifteen percent globally. This study will serve as our primary benchmark for corporate productivity.,What is the main goal of discussing this method?,Pertanyaan informasi spesifik. Pembicara menyebutkan bahwa tujuan studi ini adalah sebagai tolok ukur baru bagi produktivitas perusahaan.
456,Part A (Idiom),listening_simulation_265.mp3,B,The man is sitting on the office boundary fence.,The man is undecided and needs to make a firm choice.,The man already completed the assigned spreadsheet.,The man wants to complain to the supervisor.,"Man: I am honestly still on the fence about finalizing the annual tax report. 
Woman: You need to make up your mind quickly, or the project manager will be very disappointed. 
Narrator: What does the woman imply about the man?",What does the woman imply about the man?,Menguji idiom 'on the fence' (ragu-ragu) dan 'make up your mind' (mengambil keputusan). Pilihan B benar karena merefrasa makna idiom tersebut secara akurat.
457,Part C: Academic Talks,listening_simulation_266.mp3,A,A comprehensive analysis of the impact of artificial intelligence on logistics.,An announcement about office vacation.,A historical overview of banking.,A health insurance policy briefing.,Speaker: Good morning class. Today we will explore the impact of artificial intelligence on logistics. Using predictive algorithms for warehouse supply chains reduces overhead storage costs by roughly fifteen percent globally. This study will serve as our primary benchmark for corporate productivity.,What is the primary subject of the talk?,Pertanyaan mengenai gagasan utama kuliah akademik. Pembicara menyatakan bahwa pembahasan hari ini berpusat pada analisis the impact of artificial intelligence on logistics.
458,Part C: Academic Talks,listening_simulation_266.mp3,B,To reduce employee salaries.,To set a new benchmark for corporate productivity.,To redecorate the executive lounge.,To audit the accounting software.,Speaker: Good morning class. Today we will explore the impact of artificial intelligence on logistics. Using predictive algorithms for warehouse supply chains reduces overhead storage costs by roughly fifteen percent globally. This study will serve as our primary benchmark for corporate productivity.,What is the main goal of discussing this method?,Pertanyaan informasi spesifik. Pembicara menyebutkan bahwa tujuan studi ini adalah sebagai tolok ukur baru bagi produktivitas perusahaan.
459,Part B: Long Conversation,listening_simulation_267.mp3,A,She is drowning under the immense workload this week.,She forgot to attend the lunch meeting.,She lost the printed memo.,She wants to change teams.,"Man: Hi Jane, did you get the memo about the client's presentation slides? 
Woman: Yes, but I am drowning under the immense workload this week. 
Man: Don't worry. Let's grab lunch and we can request a temporary extension from the management together.",What is the woman's main concern?,Pertanyaan mengenai permasalahan utama pembicara wanita. Wanita mengeluh bahwa ia sedang mengalami kendala yaitu drowning under the immense workload this week.
460,Part B: Long Conversation,listening_simulation_267.mp3,B,Cancel the project entirely.,Eat lunch and request a temporary extension from the management.,Call the department head.,Buy a new digital manual.,"Man: Hi Jane, did you get the memo about the client's presentation slides? 
Woman: Yes, but I am drowning under the immense workload this week. 
Man: Don't worry. Let's grab lunch and we can request a temporary extension from the management together.",What do the speakers plan to do?,Pertanyaan mengenai rencana tindakan. Pria mengajak wanita untuk makan siang bersama sambil melakukan penyelesaian yaitu request a temporary extension from the management.
461,Part B: Long Conversation,listening_simulation_268.mp3,A,She is completely lost and confused about the guidelines.,She forgot to attend the lunch meeting.,She lost the printed memo.,She wants to change teams.,"Man: Hi Jane, did you get the memo about the quarterly budget spreadsheet? 
Woman: Yes, but I am completely lost and confused about the guidelines. 
Man: Don't worry. Let's grab lunch and we can delegate the administrative tasks to the assistant together.",What is the woman's main concern?,Pertanyaan mengenai permasalahan utama pembicara wanita. Wanita mengeluh bahwa ia sedang mengalami kendala yaitu completely lost and confused about the guidelines.
462,Part B: Long Conversation,listening_simulation_268.mp3,B,Cancel the project entirely.,Eat lunch and delegate the administrative tasks to the assistant.,Call the department head.,Buy a new digital manual.,"Man: Hi Jane, did you get the memo about the quarterly budget spreadsheet? 
Woman: Yes, but I am completely lost and confused about the guidelines. 
Man: Don't worry. Let's grab lunch and we can delegate the administrative tasks to the assistant together.",What do the speakers plan to do?,Pertanyaan mengenai rencana tindakan. Pria mengajak wanita untuk makan siang bersama sambil melakukan penyelesaian yaitu delegate the administrative tasks to the assistant.
463,Part C: Academic Talks,listening_simulation_269.mp3,A,A comprehensive analysis of the impact of artificial intelligence on logistics.,An announcement about office vacation.,A historical overview of banking.,A health insurance policy briefing.,Speaker: Good morning class. Today we will explore the impact of artificial intelligence on logistics. Using predictive algorithms for warehouse supply chains reduces overhead storage costs by roughly fifteen percent globally. This study will serve as our primary benchmark for corporate productivity.,What is the primary subject of the talk?,Pertanyaan mengenai gagasan utama kuliah akademik. Pembicara menyatakan bahwa pembahasan hari ini berpusat pada analisis the impact of artificial intelligence on logistics.
464,Part C: Academic Talks,listening_simulation_269.mp3,B,To reduce employee salaries.,To set a new benchmark for corporate productivity.,To redecorate the executive lounge.,To audit the accounting software.,Speaker: Good morning class. Today we will explore the impact of artificial intelligence on logistics. Using predictive algorithms for warehouse supply chains reduces overhead storage costs by roughly fifteen percent globally. This study will serve as our primary benchmark for corporate productivity.,What is the main goal of discussing this method?,Pertanyaan informasi spesifik. Pembicara menyebutkan bahwa tujuan studi ini adalah sebagai tolok ukur baru bagi produktivitas perusahaan.
465,Part B: Long Conversation,listening_simulation_270.mp3,A,She is having a terrible misunderstanding with the logistics team.,She forgot to attend the lunch meeting.,She lost the printed memo.,She wants to change teams.,"Man: Hi Jane, did you get the memo about the quarterly budget spreadsheet? 
Woman: Yes, but I am having a terrible misunderstanding with the logistics team. 
Man: Don't worry. Let's grab lunch and we can take a fifteen-minute walk to clear your mind together.",What is the woman's main concern?,Pertanyaan mengenai permasalahan utama pembicara wanita. Wanita mengeluh bahwa ia sedang mengalami kendala yaitu having a terrible misunderstanding with the logistics team.
466,Part B: Long Conversation,listening_simulation_270.mp3,B,Cancel the project entirely.,Eat lunch and take a fifteen-minute walk to clear your mind.,Call the department head.,Buy a new digital manual.,"Man: Hi Jane, did you get the memo about the quarterly budget spreadsheet? 
Woman: Yes, but I am having a terrible misunderstanding with the logistics team. 
Man: Don't worry. Let's grab lunch and we can take a fifteen-minute walk to clear your mind together.",What do the speakers plan to do?,Pertanyaan mengenai rencana tindakan. Pria mengajak wanita untuk makan siang bersama sambil melakukan penyelesaian yaitu take a fifteen-minute walk to clear your mind.
467,Part C: Academic Talks,listening_simulation_271.mp3,A,A comprehensive analysis of conflict resolution in corporate teams.,An announcement about office vacation.,A historical overview of banking.,A health insurance policy briefing.,Speaker: Good morning class. Today we will explore conflict resolution in corporate teams. Establishing clear communication channels and setting neutral boundaries early helps prevent personal bias from derailing collaborative milestones. This study will serve as our primary benchmark for corporate productivity.,What is the primary subject of the talk?,Pertanyaan mengenai gagasan utama kuliah akademik. Pembicara menyatakan bahwa pembahasan hari ini berpusat pada analisis conflict resolution in corporate teams.
468,Part C: Academic Talks,listening_simulation_271.mp3,B,To reduce employee salaries.,To set a new benchmark for corporate productivity.,To redecorate the executive lounge.,To audit the accounting software.,Speaker: Good morning class. Today we will explore conflict resolution in corporate teams. Establishing clear communication channels and setting neutral boundaries early helps prevent personal bias from derailing collaborative milestones. This study will serve as our primary benchmark for corporate productivity.,What is the main goal of discussing this method?,Pertanyaan informasi spesifik. Pembicara menyebutkan bahwa tujuan studi ini adalah sebagai tolok ukur baru bagi produktivitas perusahaan.
469,Part B: Long Conversation,listening_simulation_272.mp3,A,She is struggling to meet the tight deadline set by the executive board.,She forgot to attend the lunch meeting.,She lost the printed memo.,She wants to change teams.,"Man: Hi Jane, did you get the memo about the social media campaign draft? 
Woman: Yes, but I am struggling to meet the tight deadline set by the executive board. 
Man: Don't worry. Let's grab lunch and we can schedule an urgent one-on-one meeting with the director together.",What is the woman's main concern?,Pertanyaan mengenai permasalahan utama pembicara wanita. Wanita mengeluh bahwa ia sedang mengalami kendala yaitu struggling to meet the tight deadline set by the executive board.
470,Part B: Long Conversation,listening_simulation_272.mp3,B,Cancel the project entirely.,Eat lunch and schedule an urgent one-on-one meeting with the director.,Call the department head.,Buy a new digital manual.,"Man: Hi Jane, did you get the memo about the social media campaign draft? 
Woman: Yes, but I am struggling to meet the tight deadline set by the executive board. 
Man: Don't worry. Let's grab lunch and we can schedule an urgent one-on-one meeting with the director together.",What do the speakers plan to do?,Pertanyaan mengenai rencana tindakan. Pria mengajak wanita untuk makan siang bersama sambil melakukan penyelesaian yaitu schedule an urgent one-on-one meeting with the director.
471,Part C: Academic Talks,listening_simulation_273.mp3,A,A comprehensive analysis of the psychology of consumer choice.,An announcement about office vacation.,A historical overview of banking.,A health insurance policy briefing.,"Speaker: Good morning class. Today we will explore the psychology of consumer choice. Limiting the number of options on a retail display reduces decision fatigue, which paradoxically increases the final conversion rate by thirty percent. This study will serve as our primary benchmark for corporate productivity.",What is the primary subject of the talk?,Pertanyaan mengenai gagasan utama kuliah akademik. Pembicara menyatakan bahwa pembahasan hari ini berpusat pada analisis the psychology of consumer choice.
472,Part C: Academic Talks,listening_simulation_273.mp3,B,To reduce employee salaries.,To set a new benchmark for corporate productivity.,To redecorate the executive lounge.,To audit the accounting software.,"Speaker: Good morning class. Today we will explore the psychology of consumer choice. Limiting the number of options on a retail display reduces decision fatigue, which paradoxically increases the final conversion rate by thirty percent. This study will serve as our primary benchmark for corporate productivity.",What is the main goal of discussing this method?,Pertanyaan informasi spesifik. Pembicara menyebutkan bahwa tujuan studi ini adalah sebagai tolok ukur baru bagi produktivitas perusahaan.
473,Part B: Long Conversation,listening_simulation_274.mp3,A,She is completely lost and confused about the guidelines.,She forgot to attend the lunch meeting.,She lost the printed memo.,She wants to change teams.,"Man: Hi Jane, did you get the memo about the quarterly inventory log? 
Woman: Yes, but I am completely lost and confused about the guidelines. 
Man: Don't worry. Let's grab lunch and we can take a fifteen-minute walk to clear your mind together.",What is the woman's main concern?,Pertanyaan mengenai permasalahan utama pembicara wanita. Wanita mengeluh bahwa ia sedang mengalami kendala yaitu completely lost and confused about the guidelines.
474,Part B: Long Conversation,listening_simulation_274.mp3,B,Cancel the project entirely.,Eat lunch and take a fifteen-minute walk to clear your mind.,Call the department head.,Buy a new digital manual.,"Man: Hi Jane, did you get the memo about the quarterly inventory log? 
Woman: Yes, but I am completely lost and confused about the guidelines. 
Man: Don't worry. Let's grab lunch and we can take a fifteen-minute walk to clear your mind together.",What do the speakers plan to do?,Pertanyaan mengenai rencana tindakan. Pria mengajak wanita untuk makan siang bersama sambil melakukan penyelesaian yaitu take a fifteen-minute walk to clear your mind.
475,Part A (Idiom),listening_simulation_275.mp3,B,The man is sitting on the office boundary fence.,The man is undecided and needs to make a firm choice.,The man already completed the assigned spreadsheet.,The man wants to complain to the supervisor.,"Man: I am honestly still on the fence about finalizing the client's presentation slides. 
Woman: You need to make up your mind quickly, or the HR director will be very disappointed. 
Narrator: What does the woman imply about the man?",What does the woman imply about the man?,Menguji idiom 'on the fence' (ragu-ragu) dan 'make up your mind' (mengambil keputusan). Pilihan B benar karena merefrasa makna idiom tersebut secara akurat.
476,Part C: Academic Talks,listening_simulation_276.mp3,A,A comprehensive analysis of the impact of artificial intelligence on logistics.,An announcement about office vacation.,A historical overview of banking.,A health insurance policy briefing.,Speaker: Good morning class. Today we will explore the impact of artificial intelligence on logistics. Using predictive algorithms for warehouse supply chains reduces overhead storage costs by roughly fifteen percent globally. This study will serve as our primary benchmark for corporate productivity.,What is the primary subject of the talk?,Pertanyaan mengenai gagasan utama kuliah akademik. Pembicara menyatakan bahwa pembahasan hari ini berpusat pada analisis the impact of artificial intelligence on logistics.
477,Part C: Academic Talks,listening_simulation_276.mp3,B,To reduce employee salaries.,To set a new benchmark for corporate productivity.,To redecorate the executive lounge.,To audit the accounting software.,Speaker: Good morning class. Today we will explore the impact of artificial intelligence on logistics. Using predictive algorithms for warehouse supply chains reduces overhead storage costs by roughly fifteen percent globally. This study will serve as our primary benchmark for corporate productivity.,What is the main goal of discussing this method?,Pertanyaan informasi spesifik. Pembicara menyebutkan bahwa tujuan studi ini adalah sebagai tolok ukur baru bagi produktivitas perusahaan.
478,Part C: Academic Talks,listening_simulation_277.mp3,A,A comprehensive analysis of conflict resolution in corporate teams.,An announcement about office vacation.,A historical overview of banking.,A health insurance policy briefing.,Speaker: Good morning class. Today we will explore conflict resolution in corporate teams. Establishing clear communication channels and setting neutral boundaries early helps prevent personal bias from derailing collaborative milestones. This study will serve as our primary benchmark for corporate productivity.,What is the primary subject of the talk?,Pertanyaan mengenai gagasan utama kuliah akademik. Pembicara menyatakan bahwa pembahasan hari ini berpusat pada analisis conflict resolution in corporate teams.
479,Part C: Academic Talks,listening_simulation_277.mp3,B,To reduce employee salaries.,To set a new benchmark for corporate productivity.,To redecorate the executive lounge.,To audit the accounting software.,Speaker: Good morning class. Today we will explore conflict resolution in corporate teams. Establishing clear communication channels and setting neutral boundaries early helps prevent personal bias from derailing collaborative milestones. This study will serve as our primary benchmark for corporate productivity.,What is the main goal of discussing this method?,Pertanyaan informasi spesifik. Pembicara menyebutkan bahwa tujuan studi ini adalah sebagai tolok ukur baru bagi produktivitas perusahaan.
480,Part B: Long Conversation,listening_simulation_278.mp3,A,She is drowning under the immense workload this week.,She forgot to attend the lunch meeting.,She lost the printed memo.,She wants to change teams.,"Man: Hi Jane, did you get the memo about the social media campaign draft? 
Woman: Yes, but I am drowning under the immense workload this week. 
Man: Don't worry. Let's grab lunch and we can review the training video manual sent by the coordinator together.",What is the woman's main concern?,Pertanyaan mengenai permasalahan utama pembicara wanita. Wanita mengeluh bahwa ia sedang mengalami kendala yaitu drowning under the immense workload this week.
481,Part B: Long Conversation,listening_simulation_278.mp3,B,Cancel the project entirely.,Eat lunch and review the training video manual sent by the coordinator.,Call the department head.,Buy a new digital manual.,"Man: Hi Jane, did you get the memo about the social media campaign draft? 
Woman: Yes, but I am drowning under the immense workload this week. 
Man: Don't worry. Let's grab lunch and we can review the training video manual sent by the coordinator together.",What do the speakers plan to do?,Pertanyaan mengenai rencana tindakan. Pria mengajak wanita untuk makan siang bersama sambil melakukan penyelesaian yaitu review the training video manual sent by the coordinator.
482,Part C: Academic Talks,listening_simulation_279.mp3,A,A comprehensive analysis of the impact of artificial intelligence on logistics.,An announcement about office vacation.,A historical overview of banking.,A health insurance policy briefing.,Speaker: Good morning class. Today we will explore the impact of artificial intelligence on logistics. Using predictive algorithms for warehouse supply chains reduces overhead storage costs by roughly fifteen percent globally. This study will serve as our primary benchmark for corporate productivity.,What is the primary subject of the talk?,Pertanyaan mengenai gagasan utama kuliah akademik. Pembicara menyatakan bahwa pembahasan hari ini berpusat pada analisis the impact of artificial intelligence on logistics.
483,Part C: Academic Talks,listening_simulation_279.mp3,B,To reduce employee salaries.,To set a new benchmark for corporate productivity.,To redecorate the executive lounge.,To audit the accounting software.,Speaker: Good morning class. Today we will explore the impact of artificial intelligence on logistics. Using predictive algorithms for warehouse supply chains reduces overhead storage costs by roughly fifteen percent globally. This study will serve as our primary benchmark for corporate productivity.,What is the main goal of discussing this method?,Pertanyaan informasi spesifik. Pembicara menyebutkan bahwa tujuan studi ini adalah sebagai tolok ukur baru bagi produktivitas perusahaan.
484,Part B: Long Conversation,listening_simulation_280.mp3,A,She is completely lost and confused about the guidelines.,She forgot to attend the lunch meeting.,She lost the printed memo.,She wants to change teams.,"Man: Hi Jane, did you get the memo about the quarterly inventory log? 
Woman: Yes, but I am completely lost and confused about the guidelines. 
Man: Don't worry. Let's grab lunch and we can delegate the administrative tasks to the assistant together.",What is the woman's main concern?,Pertanyaan mengenai permasalahan utama pembicara wanita. Wanita mengeluh bahwa ia sedang mengalami kendala yaitu completely lost and confused about the guidelines.
485,Part B: Long Conversation,listening_simulation_280.mp3,B,Cancel the project entirely.,Eat lunch and delegate the administrative tasks to the assistant.,Call the department head.,Buy a new digital manual.,"Man: Hi Jane, did you get the memo about the quarterly inventory log? 
Woman: Yes, but I am completely lost and confused about the guidelines. 
Man: Don't worry. Let's grab lunch and we can delegate the administrative tasks to the assistant together.",What do the speakers plan to do?,Pertanyaan mengenai rencana tindakan. Pria mengajak wanita untuk makan siang bersama sambil melakukan penyelesaian yaitu delegate the administrative tasks to the assistant.
486,Part C: Academic Talks,listening_simulation_281.mp3,A,A comprehensive analysis of conflict resolution in corporate teams.,An announcement about office vacation.,A historical overview of banking.,A health insurance policy briefing.,Speaker: Good morning class. Today we will explore conflict resolution in corporate teams. Establishing clear communication channels and setting neutral boundaries early helps prevent personal bias from derailing collaborative milestones. This study will serve as our primary benchmark for corporate productivity.,What is the primary subject of the talk?,Pertanyaan mengenai gagasan utama kuliah akademik. Pembicara menyatakan bahwa pembahasan hari ini berpusat pada analisis conflict resolution in corporate teams.
487,Part C: Academic Talks,listening_simulation_281.mp3,B,To reduce employee salaries.,To set a new benchmark for corporate productivity.,To redecorate the executive lounge.,To audit the accounting software.,Speaker: Good morning class. Today we will explore conflict resolution in corporate teams. Establishing clear communication channels and setting neutral boundaries early helps prevent personal bias from derailing collaborative milestones. This study will serve as our primary benchmark for corporate productivity.,What is the main goal of discussing this method?,Pertanyaan informasi spesifik. Pembicara menyebutkan bahwa tujuan studi ini adalah sebagai tolok ukur baru bagi produktivitas perusahaan.
488,Part C: Academic Talks,listening_simulation_282.mp3,A,A comprehensive analysis of sustainable workplace design.,An announcement about office vacation.,A historical overview of banking.,A health insurance policy briefing.,"Speaker: Good morning class. Today we will explore sustainable workplace design. By introducing natural lighting and ergonomic furniture, companies report a twenty percent decrease in employee absenteeism and a massive boost in daily focus. This study will serve as our primary benchmark for corporate productivity.",What is the primary subject of the talk?,Pertanyaan mengenai gagasan utama kuliah akademik. Pembicara menyatakan bahwa pembahasan hari ini berpusat pada analisis sustainable workplace design.
489,Part C: Academic Talks,listening_simulation_282.mp3,B,To reduce employee salaries.,To set a new benchmark for corporate productivity.,To redecorate the executive lounge.,To audit the accounting software.,"Speaker: Good morning class. Today we will explore sustainable workplace design. By introducing natural lighting and ergonomic furniture, companies report a twenty percent decrease in employee absenteeism and a massive boost in daily focus. This study will serve as our primary benchmark for corporate productivity.",What is the main goal of discussing this method?,Pertanyaan informasi spesifik. Pembicara menyebutkan bahwa tujuan studi ini adalah sebagai tolok ukur baru bagi produktivitas perusahaan.
490,Part B: Long Conversation,listening_simulation_283.mp3,A,She is unable to back up the data before the computer crashed.,She forgot to attend the lunch meeting.,She lost the printed memo.,She wants to change teams.,"Man: Hi Jane, did you get the memo about the annual tax report? 
Woman: Yes, but I am unable to back up the data before the computer crashed. 
Man: Don't worry. Let's grab lunch and we can review the training video manual sent by the coordinator together.",What is the woman's main concern?,Pertanyaan mengenai permasalahan utama pembicara wanita. Wanita mengeluh bahwa ia sedang mengalami kendala yaitu unable to back up the data before the computer crashed.
491,Part B: Long Conversation,listening_simulation_283.mp3,B,Cancel the project entirely.,Eat lunch and review the training video manual sent by the coordinator.,Call the department head.,Buy a new digital manual.,"Man: Hi Jane, did you get the memo about the annual tax report? 
Woman: Yes, but I am unable to back up the data before the computer crashed. 
Man: Don't worry. Let's grab lunch and we can review the training video manual sent by the coordinator together.",What do the speakers plan to do?,Pertanyaan mengenai rencana tindakan. Pria mengajak wanita untuk makan siang bersama sambil melakukan penyelesaian yaitu review the training video manual sent by the coordinator.
492,Part B: Long Conversation,listening_simulation_284.mp3,A,She is completely lost and confused about the guidelines.,She forgot to attend the lunch meeting.,She lost the printed memo.,She wants to change teams.,"Man: Hi Jane, did you get the memo about the customer feedback compilation? 
Woman: Yes, but I am completely lost and confused about the guidelines. 
Man: Don't worry. Let's grab lunch and we can take a fifteen-minute walk to clear your mind together.",What is the woman's main concern?,Pertanyaan mengenai permasalahan utama pembicara wanita. Wanita mengeluh bahwa ia sedang mengalami kendala yaitu completely lost and confused about the guidelines.
493,Part B: Long Conversation,listening_simulation_284.mp3,B,Cancel the project entirely.,Eat lunch and take a fifteen-minute walk to clear your mind.,Call the department head.,Buy a new digital manual.,"Man: Hi Jane, did you get the memo about the customer feedback compilation? 
Woman: Yes, but I am completely lost and confused about the guidelines. 
Man: Don't worry. Let's grab lunch and we can take a fifteen-minute walk to clear your mind together.",What do the speakers plan to do?,Pertanyaan mengenai rencana tindakan. Pria mengajak wanita untuk makan siang bersama sambil melakukan penyelesaian yaitu take a fifteen-minute walk to clear your mind.
494,Part A (Agreement),listening_simulation_285.mp3,B,She wants the man to repeat his statement about the timeline.,She completely agrees that the workload schedule is too demanding.,She thinks the project has already been canceled.,She prefers to work late at night rather than early morning.,"Man: The timeline to finish the quarterly budget spreadsheet is absurdly tight. 
Woman: You can say that again! I've been working non-stop since dawn. 
Narrator: What does the woman mean?",What does the woman mean?,Menguji ekspresi persetujuan (Agreement) 'You can say that again!' yang berarti pembicara kedua sangat setuju dengan pendapat pembicara pertama.
495,Part C: Academic Talks,listening_simulation_286.mp3,A,A comprehensive analysis of the psychology of consumer choice.,An announcement about office vacation.,A historical overview of banking.,A health insurance policy briefing.,"Speaker: Good morning class. Today we will explore the psychology of consumer choice. Limiting the number of options on a retail display reduces decision fatigue, which paradoxically increases the final conversion rate by thirty percent. This study will serve as our primary benchmark for corporate productivity.",What is the primary subject of the talk?,Pertanyaan mengenai gagasan utama kuliah akademik. Pembicara menyatakan bahwa pembahasan hari ini berpusat pada analisis the psychology of consumer choice.
496,Part C: Academic Talks,listening_simulation_286.mp3,B,To reduce employee salaries.,To set a new benchmark for corporate productivity.,To redecorate the executive lounge.,To audit the accounting software.,"Speaker: Good morning class. Today we will explore the psychology of consumer choice. Limiting the number of options on a retail display reduces decision fatigue, which paradoxically increases the final conversion rate by thirty percent. This study will serve as our primary benchmark for corporate productivity.",What is the main goal of discussing this method?,Pertanyaan informasi spesifik. Pembicara menyebutkan bahwa tujuan studi ini adalah sebagai tolok ukur baru bagi produktivitas perusahaan.
497,Part A (Idiom),listening_simulation_287.mp3,B,The man is sitting on the office boundary fence.,The man is undecided and needs to make a firm choice.,The man already completed the assigned spreadsheet.,The man wants to complain to the supervisor.,"Man: I am honestly still on the fence about finalizing the social media campaign draft. 
Woman: You need to make up your mind quickly, or the project manager will be very disappointed. 
Narrator: What does the woman imply about the man?",What does the woman imply about the man?,Menguji idiom 'on the fence' (ragu-ragu) dan 'make up your mind' (mengambil keputusan). Pilihan B benar karena merefrasa makna idiom tersebut secara akurat.
498,Part B: Long Conversation,listening_simulation_288.mp3,A,She is unable to back up the data before the computer crashed.,She forgot to attend the lunch meeting.,She lost the printed memo.,She wants to change teams.,"Man: Hi Jane, did you get the memo about the office relocation plan? 
Woman: Yes, but I am unable to back up the data before the computer crashed. 
Man: Don't worry. Let's grab lunch and we can schedule an urgent one-on-one meeting with the director together.",What is the woman's main concern?,Pertanyaan mengenai permasalahan utama pembicara wanita. Wanita mengeluh bahwa ia sedang mengalami kendala yaitu unable to back up the data before the computer crashed.
499,Part B: Long Conversation,listening_simulation_288.mp3,B,Cancel the project entirely.,Eat lunch and schedule an urgent one-on-one meeting with the director.,Call the department head.,Buy a new digital manual.,"Man: Hi Jane, did you get the memo about the office relocation plan? 
Woman: Yes, but I am unable to back up the data before the computer crashed. 
Man: Don't worry. Let's grab lunch and we can schedule an urgent one-on-one meeting with the director together.",What do the speakers plan to do?,Pertanyaan mengenai rencana tindakan. Pria mengajak wanita untuk makan siang bersama sambil melakukan penyelesaian yaitu schedule an urgent one-on-one meeting with the director.
500,Part C: Academic Talks,listening_simulation_289.mp3,A,A comprehensive analysis of conflict resolution in corporate teams.,An announcement about office vacation.,A historical overview of banking.,A health insurance policy briefing.,Speaker: Good morning class. Today we will explore conflict resolution in corporate teams. Establishing clear communication channels and setting neutral boundaries early helps prevent personal bias from derailing collaborative milestones. This study will serve as our primary benchmark for corporate productivity.,What is the primary subject of the talk?,Pertanyaan mengenai gagasan utama kuliah akademik. Pembicara menyatakan bahwa pembahasan hari ini berpusat pada analisis conflict resolution in corporate teams.
501,Part C: Academic Talks,listening_simulation_289.mp3,B,To reduce employee salaries.,To set a new benchmark for corporate productivity.,To redecorate the executive lounge.,To audit the accounting software.,Speaker: Good morning class. Today we will explore conflict resolution in corporate teams. Establishing clear communication channels and setting neutral boundaries early helps prevent personal bias from derailing collaborative milestones. This study will serve as our primary benchmark for corporate productivity.,What is the main goal of discussing this method?,Pertanyaan informasi spesifik. Pembicara menyebutkan bahwa tujuan studi ini adalah sebagai tolok ukur baru bagi produktivitas perusahaan.
502,Part C: Academic Talks,listening_simulation_290.mp3,A,A comprehensive analysis of the psychology of consumer choice.,An announcement about office vacation.,A historical overview of banking.,A health insurance policy briefing.,"Speaker: Good morning class. Today we will explore the psychology of consumer choice. Limiting the number of options on a retail display reduces decision fatigue, which paradoxically increases the final conversion rate by thirty percent. This study will serve as our primary benchmark for corporate productivity.",What is the primary subject of the talk?,Pertanyaan mengenai gagasan utama kuliah akademik. Pembicara menyatakan bahwa pembahasan hari ini berpusat pada analisis the psychology of consumer choice.
503,Part C: Academic Talks,listening_simulation_290.mp3,B,To reduce employee salaries.,To set a new benchmark for corporate productivity.,To redecorate the executive lounge.,To audit the accounting software.,"Speaker: Good morning class. Today we will explore the psychology of consumer choice. Limiting the number of options on a retail display reduces decision fatigue, which paradoxically increases the final conversion rate by thirty percent. This study will serve as our primary benchmark for corporate productivity.",What is the main goal of discussing this method?,Pertanyaan informasi spesifik. Pembicara menyebutkan bahwa tujuan studi ini adalah sebagai tolok ukur baru bagi produktivitas perusahaan.
504,Part B: Long Conversation,listening_simulation_291.mp3,A,She is having a terrible misunderstanding with the logistics team.,She forgot to attend the lunch meeting.,She lost the printed memo.,She wants to change teams.,"Man: Hi Jane, did you get the memo about the social media campaign draft? 
Woman: Yes, but I am having a terrible misunderstanding with the logistics team. 
Man: Don't worry. Let's grab lunch and we can take a fifteen-minute walk to clear your mind together.",What is the woman's main concern?,Pertanyaan mengenai permasalahan utama pembicara wanita. Wanita mengeluh bahwa ia sedang mengalami kendala yaitu having a terrible misunderstanding with the logistics team.
505,Part B: Long Conversation,listening_simulation_291.mp3,B,Cancel the project entirely.,Eat lunch and take a fifteen-minute walk to clear your mind.,Call the department head.,Buy a new digital manual.,"Man: Hi Jane, did you get the memo about the social media campaign draft? 
Woman: Yes, but I am having a terrible misunderstanding with the logistics team. 
Man: Don't worry. Let's grab lunch and we can take a fifteen-minute walk to clear your mind together.",What do the speakers plan to do?,Pertanyaan mengenai rencana tindakan. Pria mengajak wanita untuk makan siang bersama sambil melakukan penyelesaian yaitu take a fifteen-minute walk to clear your mind.
506,Part A (Idiom),listening_simulation_292.mp3,B,The man is sitting on the office boundary fence.,The man is undecided and needs to make a firm choice.,The man already completed the assigned spreadsheet.,The man wants to complain to the supervisor.,"Man: I am honestly still on the fence about finalizing the customer feedback compilation. 
Woman: You need to make up your mind quickly, or the new intern will be very disappointed. 
Narrator: What does the woman imply about the man?",What does the woman imply about the man?,Menguji idiom 'on the fence' (ragu-ragu) dan 'make up your mind' (mengambil keputusan). Pilihan B benar karena merefrasa makna idiom tersebut secara akurat.
507,Part B: Long Conversation,listening_simulation_293.mp3,A,She is having a terrible misunderstanding with the logistics team.,She forgot to attend the lunch meeting.,She lost the printed memo.,She wants to change teams.,"Man: Hi Jane, did you get the memo about the quarterly budget spreadsheet? 
Woman: Yes, but I am having a terrible misunderstanding with the logistics team. 
Man: Don't worry. Let's grab lunch and we can request a temporary extension from the management together.",What is the woman's main concern?,Pertanyaan mengenai permasalahan utama pembicara wanita. Wanita mengeluh bahwa ia sedang mengalami kendala yaitu having a terrible misunderstanding with the logistics team.
508,Part B: Long Conversation,listening_simulation_293.mp3,B,Cancel the project entirely.,Eat lunch and request a temporary extension from the management.,Call the department head.,Buy a new digital manual.,"Man: Hi Jane, did you get the memo about the quarterly budget spreadsheet? 
Woman: Yes, but I am having a terrible misunderstanding with the logistics team. 
Man: Don't worry. Let's grab lunch and we can request a temporary extension from the management together.",What do the speakers plan to do?,Pertanyaan mengenai rencana tindakan. Pria mengajak wanita untuk makan siang bersama sambil melakukan penyelesaian yaitu request a temporary extension from the management.
509,Part C: Academic Talks,listening_simulation_294.mp3,A,A comprehensive analysis of conflict resolution in corporate teams.,An announcement about office vacation.,A historical overview of banking.,A health insurance policy briefing.,Speaker: Good morning class. Today we will explore conflict resolution in corporate teams. Establishing clear communication channels and setting neutral boundaries early helps prevent personal bias from derailing collaborative milestones. This study will serve as our primary benchmark for corporate productivity.,What is the primary subject of the talk?,Pertanyaan mengenai gagasan utama kuliah akademik. Pembicara menyatakan bahwa pembahasan hari ini berpusat pada analisis conflict resolution in corporate teams.
510,Part C: Academic Talks,listening_simulation_294.mp3,B,To reduce employee salaries.,To set a new benchmark for corporate productivity.,To redecorate the executive lounge.,To audit the accounting software.,Speaker: Good morning class. Today we will explore conflict resolution in corporate teams. Establishing clear communication channels and setting neutral boundaries early helps prevent personal bias from derailing collaborative milestones. This study will serve as our primary benchmark for corporate productivity.,What is the main goal of discussing this method?,Pertanyaan informasi spesifik. Pembicara menyebutkan bahwa tujuan studi ini adalah sebagai tolok ukur baru bagi produktivitas perusahaan.
511,Part C: Academic Talks,listening_simulation_295.mp3,A,A comprehensive analysis of conflict resolution in corporate teams.,An announcement about office vacation.,A historical overview of banking.,A health insurance policy briefing.,Speaker: Good morning class. Today we will explore conflict resolution in corporate teams. Establishing clear communication channels and setting neutral boundaries early helps prevent personal bias from derailing collaborative milestones. This study will serve as our primary benchmark for corporate productivity.,What is the primary subject of the talk?,Pertanyaan mengenai gagasan utama kuliah akademik. Pembicara menyatakan bahwa pembahasan hari ini berpusat pada analisis conflict resolution in corporate teams.
512,Part C: Academic Talks,listening_simulation_295.mp3,B,To reduce employee salaries.,To set a new benchmark for corporate productivity.,To redecorate the executive lounge.,To audit the accounting software.,Speaker: Good morning class. Today we will explore conflict resolution in corporate teams. Establishing clear communication channels and setting neutral boundaries early helps prevent personal bias from derailing collaborative milestones. This study will serve as our primary benchmark for corporate productivity.,What is the main goal of discussing this method?,Pertanyaan informasi spesifik. Pembicara menyebutkan bahwa tujuan studi ini adalah sebagai tolok ukur baru bagi produktivitas perusahaan.
513,Part C: Academic Talks,listening_simulation_296.mp3,A,A comprehensive analysis of the impact of artificial intelligence on logistics.,An announcement about office vacation.,A historical overview of banking.,A health insurance policy briefing.,Speaker: Good morning class. Today we will explore the impact of artificial intelligence on logistics. Using predictive algorithms for warehouse supply chains reduces overhead storage costs by roughly fifteen percent globally. This study will serve as our primary benchmark for corporate productivity.,What is the primary subject of the talk?,Pertanyaan mengenai gagasan utama kuliah akademik. Pembicara menyatakan bahwa pembahasan hari ini berpusat pada analisis the impact of artificial intelligence on logistics.
514,Part C: Academic Talks,listening_simulation_296.mp3,B,To reduce employee salaries.,To set a new benchmark for corporate productivity.,To redecorate the executive lounge.,To audit the accounting software.,Speaker: Good morning class. Today we will explore the impact of artificial intelligence on logistics. Using predictive algorithms for warehouse supply chains reduces overhead storage costs by roughly fifteen percent globally. This study will serve as our primary benchmark for corporate productivity.,What is the main goal of discussing this method?,Pertanyaan informasi spesifik. Pembicara menyebutkan bahwa tujuan studi ini adalah sebagai tolok ukur baru bagi produktivitas perusahaan.
515,Part B: Long Conversation,listening_simulation_297.mp3,A,She is having a terrible misunderstanding with the logistics team.,She forgot to attend the lunch meeting.,She lost the printed memo.,She wants to change teams.,"Man: Hi Jane, did you get the memo about the quarterly inventory log? 
Woman: Yes, but I am having a terrible misunderstanding with the logistics team. 
Man: Don't worry. Let's grab lunch and we can take a fifteen-minute walk to clear your mind together.",What is the woman's main concern?,Pertanyaan mengenai permasalahan utama pembicara wanita. Wanita mengeluh bahwa ia sedang mengalami kendala yaitu having a terrible misunderstanding with the logistics team.
516,Part B: Long Conversation,listening_simulation_297.mp3,B,Cancel the project entirely.,Eat lunch and take a fifteen-minute walk to clear your mind.,Call the department head.,Buy a new digital manual.,"Man: Hi Jane, did you get the memo about the quarterly inventory log? 
Woman: Yes, but I am having a terrible misunderstanding with the logistics team. 
Man: Don't worry. Let's grab lunch and we can take a fifteen-minute walk to clear your mind together.",What do the speakers plan to do?,Pertanyaan mengenai rencana tindakan. Pria mengajak wanita untuk makan siang bersama sambil melakukan penyelesaian yaitu take a fifteen-minute walk to clear your mind.
517,Part A (Suggestion),listening_simulation_298.mp3,A,Take immediate action to schedule an urgent one-on-one meeting with the director.,Ignore the supervisor and quit the current position.,Continue working despite being unable to back up the data before the computer crashed.,Submit the report without reviewing the guidelines.,"Man: I am totally unable to back up the data before the computer crashed. 
Woman: Why don't you schedule an urgent one-on-one meeting with the director before doing anything else? 
Narrator: What does the woman suggest the man do?",What does the woman suggest the man do?,Menguji struktur pemberian saran menggunakan pola 'Why don't you...'. Wanita menyarankan pria agar schedule an urgent one-on-one meeting with the director.
518,Part C: Academic Talks,listening_simulation_299.mp3,A,A comprehensive analysis of conflict resolution in corporate teams.,An announcement about office vacation.,A historical overview of banking.,A health insurance policy briefing.,Speaker: Good morning class. Today we will explore conflict resolution in corporate teams. Establishing clear communication channels and setting neutral boundaries early helps prevent personal bias from derailing collaborative milestones. This study will serve as our primary benchmark for corporate productivity.,What is the primary subject of the talk?,Pertanyaan mengenai gagasan utama kuliah akademik. Pembicara menyatakan bahwa pembahasan hari ini berpusat pada analisis conflict resolution in corporate teams.
519,Part C: Academic Talks,listening_simulation_299.mp3,B,To reduce employee salaries.,To set a new benchmark for corporate productivity.,To redecorate the executive lounge.,To audit the accounting software.,Speaker: Good morning class. Today we will explore conflict resolution in corporate teams. Establishing clear communication channels and setting neutral boundaries early helps prevent personal bias from derailing collaborative milestones. This study will serve as our primary benchmark for corporate productivity.,What is the main goal of discussing this method?,Pertanyaan informasi spesifik. Pembicara menyebutkan bahwa tujuan studi ini adalah sebagai tolok ukur baru bagi produktivitas perusahaan.
520,Part C: Academic Talks,listening_simulation_300.mp3,A,A comprehensive analysis of sustainable workplace design.,An announcement about office vacation.,A historical overview of banking.,A health insurance policy briefing.,"Speaker: Good morning class. Today we will explore sustainable workplace design. By introducing natural lighting and ergonomic furniture, companies report a twenty percent decrease in employee absenteeism and a massive boost in daily focus. This study will serve as our primary benchmark for corporate productivity.",What is the primary subject of the talk?,Pertanyaan mengenai gagasan utama kuliah akademik. Pembicara menyatakan bahwa pembahasan hari ini berpusat pada analisis sustainable workplace design.
521,Part C: Academic Talks,listening_simulation_300.mp3,B,To reduce employee salaries.,To set a new benchmark for corporate productivity.,To redecorate the executive lounge.,To audit the accounting software.,"Speaker: Good morning class. Today we will explore sustainable workplace design. By introducing natural lighting and ergonomic furniture, companies report a twenty percent decrease in employee absenteeism and a massive boost in daily focus. This study will serve as our primary benchmark for corporate productivity.",What is the main goal of discussing this method?,Pertanyaan informasi spesifik. Pembicara menyebutkan bahwa tujuan studi ini adalah sebagai tolok ukur baru bagi produktivitas perusahaan.
522,Part B: Long Conversation,listening_simulation_301.mp3,A,She is completely lost and confused about the guidelines.,She forgot to attend the lunch meeting.,She lost the printed memo.,She wants to change teams.,"Man: Hi Jane, did you get the memo about the quarterly inventory log? 
Woman: Yes, but I am completely lost and confused about the guidelines. 
Man: Don't worry. Let's grab lunch and we can request a temporary extension from the management together.",What is the woman's main concern?,Pertanyaan mengenai permasalahan utama pembicara wanita. Wanita mengeluh bahwa ia sedang mengalami kendala yaitu completely lost and confused about the guidelines.
523,Part B: Long Conversation,listening_simulation_301.mp3,B,Cancel the project entirely.,Eat lunch and request a temporary extension from the management.,Call the department head.,Buy a new digital manual.,"Man: Hi Jane, did you get the memo about the quarterly inventory log? 
Woman: Yes, but I am completely lost and confused about the guidelines. 
Man: Don't worry. Let's grab lunch and we can request a temporary extension from the management together.",What do the speakers plan to do?,Pertanyaan mengenai rencana tindakan. Pria mengajak wanita untuk makan siang bersama sambil melakukan penyelesaian yaitu request a temporary extension from the management.
524,Part B: Long Conversation,listening_simulation_302.mp3,A,She is having a terrible misunderstanding with the logistics team.,She forgot to attend the lunch meeting.,She lost the printed memo.,She wants to change teams.,"Man: Hi Jane, did you get the memo about the quarterly inventory log? 
Woman: Yes, but I am having a terrible misunderstanding with the logistics team. 
Man: Don't worry. Let's grab lunch and we can request a temporary extension from the management together.",What is the woman's main concern?,Pertanyaan mengenai permasalahan utama pembicara wanita. Wanita mengeluh bahwa ia sedang mengalami kendala yaitu having a terrible misunderstanding with the logistics team.
525,Part B: Long Conversation,listening_simulation_302.mp3,B,Cancel the project entirely.,Eat lunch and request a temporary extension from the management.,Call the department head.,Buy a new digital manual.,"Man: Hi Jane, did you get the memo about the quarterly inventory log? 
Woman: Yes, but I am having a terrible misunderstanding with the logistics team. 
Man: Don't worry. Let's grab lunch and we can request a temporary extension from the management together.",What do the speakers plan to do?,Pertanyaan mengenai rencana tindakan. Pria mengajak wanita untuk makan siang bersama sambil melakukan penyelesaian yaitu request a temporary extension from the management.
526,Part C: Academic Talks,listening_simulation_303.mp3,A,A comprehensive analysis of sustainable workplace design.,An announcement about office vacation.,A historical overview of banking.,A health insurance policy briefing.,"Speaker: Good morning class. Today we will explore sustainable workplace design. By introducing natural lighting and ergonomic furniture, companies report a twenty percent decrease in employee absenteeism and a massive boost in daily focus. This study will serve as our primary benchmark for corporate productivity.",What is the primary subject of the talk?,Pertanyaan mengenai gagasan utama kuliah akademik. Pembicara menyatakan bahwa pembahasan hari ini berpusat pada analisis sustainable workplace design.
527,Part C: Academic Talks,listening_simulation_303.mp3,B,To reduce employee salaries.,To set a new benchmark for corporate productivity.,To redecorate the executive lounge.,To audit the accounting software.,"Speaker: Good morning class. Today we will explore sustainable workplace design. By introducing natural lighting and ergonomic furniture, companies report a twenty percent decrease in employee absenteeism and a massive boost in daily focus. This study will serve as our primary benchmark for corporate productivity.",What is the main goal of discussing this method?,Pertanyaan informasi spesifik. Pembicara menyebutkan bahwa tujuan studi ini adalah sebagai tolok ukur baru bagi produktivitas perusahaan.
528,Part C: Academic Talks,listening_simulation_304.mp3,A,A comprehensive analysis of the impact of artificial intelligence on logistics.,An announcement about office vacation.,A historical overview of banking.,A health insurance policy briefing.,Speaker: Good morning class. Today we will explore the impact of artificial intelligence on logistics. Using predictive algorithms for warehouse supply chains reduces overhead storage costs by roughly fifteen percent globally. This study will serve as our primary benchmark for corporate productivity.,What is the primary subject of the talk?,Pertanyaan mengenai gagasan utama kuliah akademik. Pembicara menyatakan bahwa pembahasan hari ini berpusat pada analisis the impact of artificial intelligence on logistics.
529,Part C: Academic Talks,listening_simulation_304.mp3,B,To reduce employee salaries.,To set a new benchmark for corporate productivity.,To redecorate the executive lounge.,To audit the accounting software.,Speaker: Good morning class. Today we will explore the impact of artificial intelligence on logistics. Using predictive algorithms for warehouse supply chains reduces overhead storage costs by roughly fifteen percent globally. This study will serve as our primary benchmark for corporate productivity.,What is the main goal of discussing this method?,Pertanyaan informasi spesifik. Pembicara menyebutkan bahwa tujuan studi ini adalah sebagai tolok ukur baru bagi produktivitas perusahaan.
530,Part B: Long Conversation,listening_simulation_305.mp3,A,She is unable to back up the data before the computer crashed.,She forgot to attend the lunch meeting.,She lost the printed memo.,She wants to change teams.,"Man: Hi Jane, did you get the memo about the quarterly inventory log? 
Woman: Yes, but I am unable to back up the data before the computer crashed. 
Man: Don't worry. Let's grab lunch and we can take a fifteen-minute walk to clear your mind together.",What is the woman's main concern?,Pertanyaan mengenai permasalahan utama pembicara wanita. Wanita mengeluh bahwa ia sedang mengalami kendala yaitu unable to back up the data before the computer crashed.
531,Part B: Long Conversation,listening_simulation_305.mp3,B,Cancel the project entirely.,Eat lunch and take a fifteen-minute walk to clear your mind.,Call the department head.,Buy a new digital manual.,"Man: Hi Jane, did you get the memo about the quarterly inventory log? 
Woman: Yes, but I am unable to back up the data before the computer crashed. 
Man: Don't worry. Let's grab lunch and we can take a fifteen-minute walk to clear your mind together.",What do the speakers plan to do?,Pertanyaan mengenai rencana tindakan. Pria mengajak wanita untuk makan siang bersama sambil melakukan penyelesaian yaitu take a fifteen-minute walk to clear your mind.
532,Part C: Academic Talks,listening_simulation_306.mp3,A,A comprehensive analysis of sustainable workplace design.,An announcement about office vacation.,A historical overview of banking.,A health insurance policy briefing.,"Speaker: Good morning class. Today we will explore sustainable workplace design. By introducing natural lighting and ergonomic furniture, companies report a twenty percent decrease in employee absenteeism and a massive boost in daily focus. This study will serve as our primary benchmark for corporate productivity.",What is the primary subject of the talk?,Pertanyaan mengenai gagasan utama kuliah akademik. Pembicara menyatakan bahwa pembahasan hari ini berpusat pada analisis sustainable workplace design.
533,Part C: Academic Talks,listening_simulation_306.mp3,B,To reduce employee salaries.,To set a new benchmark for corporate productivity.,To redecorate the executive lounge.,To audit the accounting software.,"Speaker: Good morning class. Today we will explore sustainable workplace design. By introducing natural lighting and ergonomic furniture, companies report a twenty percent decrease in employee absenteeism and a massive boost in daily focus. This study will serve as our primary benchmark for corporate productivity.",What is the main goal of discussing this method?,Pertanyaan informasi spesifik. Pembicara menyebutkan bahwa tujuan studi ini adalah sebagai tolok ukur baru bagi produktivitas perusahaan.
534,Part A (Suggestion),listening_simulation_307.mp3,A,Take immediate action to delegate the administrative tasks to the assistant.,Ignore the supervisor and quit the current position.,Continue working despite being completely lost and confused about the guidelines.,Submit the report without reviewing the guidelines.,"Man: I am totally completely lost and confused about the guidelines. 
Woman: Why don't you delegate the administrative tasks to the assistant before doing anything else? 
Narrator: What does the woman suggest the man do?",What does the woman suggest the man do?,Menguji struktur pemberian saran menggunakan pola 'Why don't you...'. Wanita menyarankan pria agar delegate the administrative tasks to the assistant.
535,Part C: Academic Talks,listening_simulation_308.mp3,A,A comprehensive analysis of sustainable workplace design.,An announcement about office vacation.,A historical overview of banking.,A health insurance policy briefing.,"Speaker: Good morning class. Today we will explore sustainable workplace design. By introducing natural lighting and ergonomic furniture, companies report a twenty percent decrease in employee absenteeism and a massive boost in daily focus. This study will serve as our primary benchmark for corporate productivity.",What is the primary subject of the talk?,Pertanyaan mengenai gagasan utama kuliah akademik. Pembicara menyatakan bahwa pembahasan hari ini berpusat pada analisis sustainable workplace design.
536,Part C: Academic Talks,listening_simulation_308.mp3,B,To reduce employee salaries.,To set a new benchmark for corporate productivity.,To redecorate the executive lounge.,To audit the accounting software.,"Speaker: Good morning class. Today we will explore sustainable workplace design. By introducing natural lighting and ergonomic furniture, companies report a twenty percent decrease in employee absenteeism and a massive boost in daily focus. This study will serve as our primary benchmark for corporate productivity.",What is the main goal of discussing this method?,Pertanyaan informasi spesifik. Pembicara menyebutkan bahwa tujuan studi ini adalah sebagai tolok ukur baru bagi produktivitas perusahaan.
537,Part A (Agreement),listening_simulation_309.mp3,B,She wants the man to repeat his statement about the timeline.,She completely agrees that the workload schedule is too demanding.,She thinks the project has already been canceled.,She prefers to work late at night rather than early morning.,"Man: The timeline to finish the quarterly budget spreadsheet is absurdly tight. 
Woman: You can say that again! I've been working non-stop since dawn. 
Narrator: What does the woman mean?",What does the woman mean?,Menguji ekspresi persetujuan (Agreement) 'You can say that again!' yang berarti pembicara kedua sangat setuju dengan pendapat pembicara pertama.
538,Part B: Long Conversation,listening_simulation_310.mp3,A,She is having a terrible misunderstanding with the logistics team.,She forgot to attend the lunch meeting.,She lost the printed memo.,She wants to change teams.,"Man: Hi Jane, did you get the memo about the customer feedback compilation? 
Woman: Yes, but I am having a terrible misunderstanding with the logistics team. 
Man: Don't worry. Let's grab lunch and we can take a fifteen-minute walk to clear your mind together.",What is the woman's main concern?,Pertanyaan mengenai permasalahan utama pembicara wanita. Wanita mengeluh bahwa ia sedang mengalami kendala yaitu having a terrible misunderstanding with the logistics team.
539,Part B: Long Conversation,listening_simulation_310.mp3,B,Cancel the project entirely.,Eat lunch and take a fifteen-minute walk to clear your mind.,Call the department head.,Buy a new digital manual.,"Man: Hi Jane, did you get the memo about the customer feedback compilation? 
Woman: Yes, but I am having a terrible misunderstanding with the logistics team. 
Man: Don't worry. Let's grab lunch and we can take a fifteen-minute walk to clear your mind together.",What do the speakers plan to do?,Pertanyaan mengenai rencana tindakan. Pria mengajak wanita untuk makan siang bersama sambil melakukan penyelesaian yaitu take a fifteen-minute walk to clear your mind.
540,Part C: Academic Talks,listening_simulation_311.mp3,A,A comprehensive analysis of sustainable workplace design.,An announcement about office vacation.,A historical overview of banking.,A health insurance policy briefing.,"Speaker: Good morning class. Today we will explore sustainable workplace design. By introducing natural lighting and ergonomic furniture, companies report a twenty percent decrease in employee absenteeism and a massive boost in daily focus. This study will serve as our primary benchmark for corporate productivity.",What is the primary subject of the talk?,Pertanyaan mengenai gagasan utama kuliah akademik. Pembicara menyatakan bahwa pembahasan hari ini berpusat pada analisis sustainable workplace design.
541,Part C: Academic Talks,listening_simulation_311.mp3,B,To reduce employee salaries.,To set a new benchmark for corporate productivity.,To redecorate the executive lounge.,To audit the accounting software.,"Speaker: Good morning class. Today we will explore sustainable workplace design. By introducing natural lighting and ergonomic furniture, companies report a twenty percent decrease in employee absenteeism and a massive boost in daily focus. This study will serve as our primary benchmark for corporate productivity.",What is the main goal of discussing this method?,Pertanyaan informasi spesifik. Pembicara menyebutkan bahwa tujuan studi ini adalah sebagai tolok ukur baru bagi produktivitas perusahaan.
542,Part C: Academic Talks,listening_simulation_312.mp3,A,A comprehensive analysis of the psychology of consumer choice.,An announcement about office vacation.,A historical overview of banking.,A health insurance policy briefing.,"Speaker: Good morning class. Today we will explore the psychology of consumer choice. Limiting the number of options on a retail display reduces decision fatigue, which paradoxically increases the final conversion rate by thirty percent. This study will serve as our primary benchmark for corporate productivity.",What is the primary subject of the talk?,Pertanyaan mengenai gagasan utama kuliah akademik. Pembicara menyatakan bahwa pembahasan hari ini berpusat pada analisis the psychology of consumer choice.
543,Part C: Academic Talks,listening_simulation_312.mp3,B,To reduce employee salaries.,To set a new benchmark for corporate productivity.,To redecorate the executive lounge.,To audit the accounting software.,"Speaker: Good morning class. Today we will explore the psychology of consumer choice. Limiting the number of options on a retail display reduces decision fatigue, which paradoxically increases the final conversion rate by thirty percent. This study will serve as our primary benchmark for corporate productivity.",What is the main goal of discussing this method?,Pertanyaan informasi spesifik. Pembicara menyebutkan bahwa tujuan studi ini adalah sebagai tolok ukur baru bagi produktivitas perusahaan.
544,Part C: Academic Talks,listening_simulation_313.mp3,A,A comprehensive analysis of sustainable workplace design.,An announcement about office vacation.,A historical overview of banking.,A health insurance policy briefing.,"Speaker: Good morning class. Today we will explore sustainable workplace design. By introducing natural lighting and ergonomic furniture, companies report a twenty percent decrease in employee absenteeism and a massive boost in daily focus. This study will serve as our primary benchmark for corporate productivity.",What is the primary subject of the talk?,Pertanyaan mengenai gagasan utama kuliah akademik. Pembicara menyatakan bahwa pembahasan hari ini berpusat pada analisis sustainable workplace design.
545,Part C: Academic Talks,listening_simulation_313.mp3,B,To reduce employee salaries.,To set a new benchmark for corporate productivity.,To redecorate the executive lounge.,To audit the accounting software.,"Speaker: Good morning class. Today we will explore sustainable workplace design. By introducing natural lighting and ergonomic furniture, companies report a twenty percent decrease in employee absenteeism and a massive boost in daily focus. This study will serve as our primary benchmark for corporate productivity.",What is the main goal of discussing this method?,Pertanyaan informasi spesifik. Pembicara menyebutkan bahwa tujuan studi ini adalah sebagai tolok ukur baru bagi produktivitas perusahaan.
546,Part A (Agreement),listening_simulation_314.mp3,B,She wants the man to repeat his statement about the timeline.,She completely agrees that the workload schedule is too demanding.,She thinks the project has already been canceled.,She prefers to work late at night rather than early morning.,"Man: The timeline to finish the office relocation plan is absurdly tight. 
Woman: You can say that again! I've been working non-stop since dawn. 
Narrator: What does the woman mean?",What does the woman mean?,Menguji ekspresi persetujuan (Agreement) 'You can say that again!' yang berarti pembicara kedua sangat setuju dengan pendapat pembicara pertama.
547,Part C: Academic Talks,listening_simulation_315.mp3,A,A comprehensive analysis of the impact of artificial intelligence on logistics.,An announcement about office vacation.,A historical overview of banking.,A health insurance policy briefing.,Speaker: Good morning class. Today we will explore the impact of artificial intelligence on logistics. Using predictive algorithms for warehouse supply chains reduces overhead storage costs by roughly fifteen percent globally. This study will serve as our primary benchmark for corporate productivity.,What is the primary subject of the talk?,Pertanyaan mengenai gagasan utama kuliah akademik. Pembicara menyatakan bahwa pembahasan hari ini berpusat pada analisis the impact of artificial intelligence on logistics.
548,Part C: Academic Talks,listening_simulation_315.mp3,B,To reduce employee salaries.,To set a new benchmark for corporate productivity.,To redecorate the executive lounge.,To audit the accounting software.,Speaker: Good morning class. Today we will explore the impact of artificial intelligence on logistics. Using predictive algorithms for warehouse supply chains reduces overhead storage costs by roughly fifteen percent globally. This study will serve as our primary benchmark for corporate productivity.,What is the main goal of discussing this method?,Pertanyaan informasi spesifik. Pembicara menyebutkan bahwa tujuan studi ini adalah sebagai tolok ukur baru bagi produktivitas perusahaan.
549,Part C: Academic Talks,listening_simulation_316.mp3,A,A comprehensive analysis of the psychology of consumer choice.,An announcement about office vacation.,A historical overview of banking.,A health insurance policy briefing.,"Speaker: Good morning class. Today we will explore the psychology of consumer choice. Limiting the number of options on a retail display reduces decision fatigue, which paradoxically increases the final conversion rate by thirty percent. This study will serve as our primary benchmark for corporate productivity.",What is the primary subject of the talk?,Pertanyaan mengenai gagasan utama kuliah akademik. Pembicara menyatakan bahwa pembahasan hari ini berpusat pada analisis the psychology of consumer choice.
550,Part C: Academic Talks,listening_simulation_316.mp3,B,To reduce employee salaries.,To set a new benchmark for corporate productivity.,To redecorate the executive lounge.,To audit the accounting software.,"Speaker: Good morning class. Today we will explore the psychology of consumer choice. Limiting the number of options on a retail display reduces decision fatigue, which paradoxically increases the final conversion rate by thirty percent. This study will serve as our primary benchmark for corporate productivity.",What is the main goal of discussing this method?,Pertanyaan informasi spesifik. Pembicara menyebutkan bahwa tujuan studi ini adalah sebagai tolok ukur baru bagi produktivitas perusahaan.
551,Part B: Long Conversation,listening_simulation_317.mp3,A,She is struggling to meet the tight deadline set by the executive board.,She forgot to attend the lunch meeting.,She lost the printed memo.,She wants to change teams.,"Man: Hi Jane, did you get the memo about the customer feedback compilation? 
Woman: Yes, but I am struggling to meet the tight deadline set by the executive board. 
Man: Don't worry. Let's grab lunch and we can delegate the administrative tasks to the assistant together.",What is the woman's main concern?,Pertanyaan mengenai permasalahan utama pembicara wanita. Wanita mengeluh bahwa ia sedang mengalami kendala yaitu struggling to meet the tight deadline set by the executive board.
552,Part B: Long Conversation,listening_simulation_317.mp3,B,Cancel the project entirely.,Eat lunch and delegate the administrative tasks to the assistant.,Call the department head.,Buy a new digital manual.,"Man: Hi Jane, did you get the memo about the customer feedback compilation? 
Woman: Yes, but I am struggling to meet the tight deadline set by the executive board. 
Man: Don't worry. Let's grab lunch and we can delegate the administrative tasks to the assistant together.",What do the speakers plan to do?,Pertanyaan mengenai rencana tindakan. Pria mengajak wanita untuk makan siang bersama sambil melakukan penyelesaian yaitu delegate the administrative tasks to the assistant.
553,Part B: Long Conversation,listening_simulation_318.mp3,A,She is drowning under the immense workload this week.,She forgot to attend the lunch meeting.,She lost the printed memo.,She wants to change teams.,"Man: Hi Jane, did you get the memo about the quarterly budget spreadsheet? 
Woman: Yes, but I am drowning under the immense workload this week. 
Man: Don't worry. Let's grab lunch and we can take a fifteen-minute walk to clear your mind together.",What is the woman's main concern?,Pertanyaan mengenai permasalahan utama pembicara wanita. Wanita mengeluh bahwa ia sedang mengalami kendala yaitu drowning under the immense workload this week.
554,Part B: Long Conversation,listening_simulation_318.mp3,B,Cancel the project entirely.,Eat lunch and take a fifteen-minute walk to clear your mind.,Call the department head.,Buy a new digital manual.,"Man: Hi Jane, did you get the memo about the quarterly budget spreadsheet? 
Woman: Yes, but I am drowning under the immense workload this week. 
Man: Don't worry. Let's grab lunch and we can take a fifteen-minute walk to clear your mind together.",What do the speakers plan to do?,Pertanyaan mengenai rencana tindakan. Pria mengajak wanita untuk makan siang bersama sambil melakukan penyelesaian yaitu take a fifteen-minute walk to clear your mind.
555,Part C: Academic Talks,listening_simulation_319.mp3,A,A comprehensive analysis of the impact of artificial intelligence on logistics.,An announcement about office vacation.,A historical overview of banking.,A health insurance policy briefing.,Speaker: Good morning class. Today we will explore the impact of artificial intelligence on logistics. Using predictive algorithms for warehouse supply chains reduces overhead storage costs by roughly fifteen percent globally. This study will serve as our primary benchmark for corporate productivity.,What is the primary subject of the talk?,Pertanyaan mengenai gagasan utama kuliah akademik. Pembicara menyatakan bahwa pembahasan hari ini berpusat pada analisis the impact of artificial intelligence on logistics.
556,Part C: Academic Talks,listening_simulation_319.mp3,B,To reduce employee salaries.,To set a new benchmark for corporate productivity.,To redecorate the executive lounge.,To audit the accounting software.,Speaker: Good morning class. Today we will explore the impact of artificial intelligence on logistics. Using predictive algorithms for warehouse supply chains reduces overhead storage costs by roughly fifteen percent globally. This study will serve as our primary benchmark for corporate productivity.,What is the main goal of discussing this method?,Pertanyaan informasi spesifik. Pembicara menyebutkan bahwa tujuan studi ini adalah sebagai tolok ukur baru bagi produktivitas perusahaan.
557,Part C: Academic Talks,listening_simulation_320.mp3,A,A comprehensive analysis of sustainable workplace design.,An announcement about office vacation.,A historical overview of banking.,A health insurance policy briefing.,"Speaker: Good morning class. Today we will explore sustainable workplace design. By introducing natural lighting and ergonomic furniture, companies report a twenty percent decrease in employee absenteeism and a massive boost in daily focus. This study will serve as our primary benchmark for corporate productivity.",What is the primary subject of the talk?,Pertanyaan mengenai gagasan utama kuliah akademik. Pembicara menyatakan bahwa pembahasan hari ini berpusat pada analisis sustainable workplace design.
558,Part C: Academic Talks,listening_simulation_320.mp3,B,To reduce employee salaries.,To set a new benchmark for corporate productivity.,To redecorate the executive lounge.,To audit the accounting software.,"Speaker: Good morning class. Today we will explore sustainable workplace design. By introducing natural lighting and ergonomic furniture, companies report a twenty percent decrease in employee absenteeism and a massive boost in daily focus. This study will serve as our primary benchmark for corporate productivity.",What is the main goal of discussing this method?,Pertanyaan informasi spesifik. Pembicara menyebutkan bahwa tujuan studi ini adalah sebagai tolok ukur baru bagi produktivitas perusahaan.
559,Part A (Agreement),listening_simulation_321.mp3,B,She wants the man to repeat his statement about the timeline.,She completely agrees that the workload schedule is too demanding.,She thinks the project has already been canceled.,She prefers to work late at night rather than early morning.,"Man: The timeline to finish the annual tax report is absurdly tight. 
Woman: You can say that again! I've been working non-stop since dawn. 
Narrator: What does the woman mean?",What does the woman mean?,Menguji ekspresi persetujuan (Agreement) 'You can say that again!' yang berarti pembicara kedua sangat setuju dengan pendapat pembicara pertama.
560,Part B: Long Conversation,listening_simulation_322.mp3,A,She is unable to back up the data before the computer crashed.,She forgot to attend the lunch meeting.,She lost the printed memo.,She wants to change teams.,"Man: Hi Jane, did you get the memo about the client's presentation slides? 
Woman: Yes, but I am unable to back up the data before the computer crashed. 
Man: Don't worry. Let's grab lunch and we can request a temporary extension from the management together.",What is the woman's main concern?,Pertanyaan mengenai permasalahan utama pembicara wanita. Wanita mengeluh bahwa ia sedang mengalami kendala yaitu unable to back up the data before the computer crashed.
561,Part B: Long Conversation,listening_simulation_322.mp3,B,Cancel the project entirely.,Eat lunch and request a temporary extension from the management.,Call the department head.,Buy a new digital manual.,"Man: Hi Jane, did you get the memo about the client's presentation slides? 
Woman: Yes, but I am unable to back up the data before the computer crashed. 
Man: Don't worry. Let's grab lunch and we can request a temporary extension from the management together.",What do the speakers plan to do?,Pertanyaan mengenai rencana tindakan. Pria mengajak wanita untuk makan siang bersama sambil melakukan penyelesaian yaitu request a temporary extension from the management.
562,Part A (Idiom),listening_simulation_323.mp3,B,The man is sitting on the office boundary fence.,The man is undecided and needs to make a firm choice.,The man already completed the assigned spreadsheet.,The man wants to complain to the supervisor.,"Man: I am honestly still on the fence about finalizing the annual tax report. 
Woman: You need to make up your mind quickly, or the department head will be very disappointed. 
Narrator: What does the woman imply about the man?",What does the woman imply about the man?,Menguji idiom 'on the fence' (ragu-ragu) dan 'make up your mind' (mengambil keputusan). Pilihan B benar karena merefrasa makna idiom tersebut secara akurat.
563,Part A (Idiom),listening_simulation_324.mp3,B,The man is sitting on the office boundary fence.,The man is undecided and needs to make a firm choice.,The man already completed the assigned spreadsheet.,The man wants to complain to the supervisor.,"Man: I am honestly still on the fence about finalizing the client's presentation slides. 
Woman: You need to make up your mind quickly, or the project manager will be very disappointed. 
Narrator: What does the woman imply about the man?",What does the woman imply about the man?,Menguji idiom 'on the fence' (ragu-ragu) dan 'make up your mind' (mengambil keputusan). Pilihan B benar karena merefrasa makna idiom tersebut secara akurat.
564,Part C: Academic Talks,listening_simulation_325.mp3,A,A comprehensive analysis of the impact of artificial intelligence on logistics.,An announcement about office vacation.,A historical overview of banking.,A health insurance policy briefing.,Speaker: Good morning class. Today we will explore the impact of artificial intelligence on logistics. Using predictive algorithms for warehouse supply chains reduces overhead storage costs by roughly fifteen percent globally. This study will serve as our primary benchmark for corporate productivity.,What is the primary subject of the talk?,Pertanyaan mengenai gagasan utama kuliah akademik. Pembicara menyatakan bahwa pembahasan hari ini berpusat pada analisis the impact of artificial intelligence on logistics.
565,Part C: Academic Talks,listening_simulation_325.mp3,B,To reduce employee salaries.,To set a new benchmark for corporate productivity.,To redecorate the executive lounge.,To audit the accounting software.,Speaker: Good morning class. Today we will explore the impact of artificial intelligence on logistics. Using predictive algorithms for warehouse supply chains reduces overhead storage costs by roughly fifteen percent globally. This study will serve as our primary benchmark for corporate productivity.,What is the main goal of discussing this method?,Pertanyaan informasi spesifik. Pembicara menyebutkan bahwa tujuan studi ini adalah sebagai tolok ukur baru bagi produktivitas perusahaan.
566,Part A (Idiom),listening_simulation_326.mp3,B,The man is sitting on the office boundary fence.,The man is undecided and needs to make a firm choice.,The man already completed the assigned spreadsheet.,The man wants to complain to the supervisor.,"Man: I am honestly still on the fence about finalizing the quarterly inventory log. 
Woman: You need to make up your mind quickly, or the project manager will be very disappointed. 
Narrator: What does the woman imply about the man?",What does the woman imply about the man?,Menguji idiom 'on the fence' (ragu-ragu) dan 'make up your mind' (mengambil keputusan). Pilihan B benar karena merefrasa makna idiom tersebut secara akurat.
567,Part A (Suggestion),listening_simulation_327.mp3,A,Take immediate action to take a fifteen-minute walk to clear your mind.,Ignore the supervisor and quit the current position.,Continue working despite being struggling to meet the tight deadline set by the executive board.,Submit the report without reviewing the guidelines.,"Man: I am totally struggling to meet the tight deadline set by the executive board. 
Woman: Why don't you take a fifteen-minute walk to clear your mind before doing anything else? 
Narrator: What does the woman suggest the man do?",What does the woman suggest the man do?,Menguji struktur pemberian saran menggunakan pola 'Why don't you...'. Wanita menyarankan pria agar take a fifteen-minute walk to clear your mind.
568,Part B: Long Conversation,listening_simulation_328.mp3,A,She is struggling to meet the tight deadline set by the executive board.,She forgot to attend the lunch meeting.,She lost the printed memo.,She wants to change teams.,"Man: Hi Jane, did you get the memo about the annual tax report? 
Woman: Yes, but I am struggling to meet the tight deadline set by the executive board. 
Man: Don't worry. Let's grab lunch and we can delegate the administrative tasks to the assistant together.",What is the woman's main concern?,Pertanyaan mengenai permasalahan utama pembicara wanita. Wanita mengeluh bahwa ia sedang mengalami kendala yaitu struggling to meet the tight deadline set by the executive board.
569,Part B: Long Conversation,listening_simulation_328.mp3,B,Cancel the project entirely.,Eat lunch and delegate the administrative tasks to the assistant.,Call the department head.,Buy a new digital manual.,"Man: Hi Jane, did you get the memo about the annual tax report? 
Woman: Yes, but I am struggling to meet the tight deadline set by the executive board. 
Man: Don't worry. Let's grab lunch and we can delegate the administrative tasks to the assistant together.",What do the speakers plan to do?,Pertanyaan mengenai rencana tindakan. Pria mengajak wanita untuk makan siang bersama sambil melakukan penyelesaian yaitu delegate the administrative tasks to the assistant.
570,Part B: Long Conversation,listening_simulation_329.mp3,A,She is drowning under the immense workload this week.,She forgot to attend the lunch meeting.,She lost the printed memo.,She wants to change teams.,"Man: Hi Jane, did you get the memo about the office relocation plan? 
Woman: Yes, but I am drowning under the immense workload this week. 
Man: Don't worry. Let's grab lunch and we can request a temporary extension from the management together.",What is the woman's main concern?,Pertanyaan mengenai permasalahan utama pembicara wanita. Wanita mengeluh bahwa ia sedang mengalami kendala yaitu drowning under the immense workload this week.
571,Part B: Long Conversation,listening_simulation_329.mp3,B,Cancel the project entirely.,Eat lunch and request a temporary extension from the management.,Call the department head.,Buy a new digital manual.,"Man: Hi Jane, did you get the memo about the office relocation plan? 
Woman: Yes, but I am drowning under the immense workload this week. 
Man: Don't worry. Let's grab lunch and we can request a temporary extension from the management together.",What do the speakers plan to do?,Pertanyaan mengenai rencana tindakan. Pria mengajak wanita untuk makan siang bersama sambil melakukan penyelesaian yaitu request a temporary extension from the management.
572,Part C: Academic Talks,listening_simulation_330.mp3,A,A comprehensive analysis of the psychology of consumer choice.,An announcement about office vacation.,A historical overview of banking.,A health insurance policy briefing.,"Speaker: Good morning class. Today we will explore the psychology of consumer choice. Limiting the number of options on a retail display reduces decision fatigue, which paradoxically increases the final conversion rate by thirty percent. This study will serve as our primary benchmark for corporate productivity.",What is the primary subject of the talk?,Pertanyaan mengenai gagasan utama kuliah akademik. Pembicara menyatakan bahwa pembahasan hari ini berpusat pada analisis the psychology of consumer choice.
573,Part C: Academic Talks,listening_simulation_330.mp3,B,To reduce employee salaries.,To set a new benchmark for corporate productivity.,To redecorate the executive lounge.,To audit the accounting software.,"Speaker: Good morning class. Today we will explore the psychology of consumer choice. Limiting the number of options on a retail display reduces decision fatigue, which paradoxically increases the final conversion rate by thirty percent. This study will serve as our primary benchmark for corporate productivity.",What is the main goal of discussing this method?,Pertanyaan informasi spesifik. Pembicara menyebutkan bahwa tujuan studi ini adalah sebagai tolok ukur baru bagi produktivitas perusahaan.
574,Part A (Idiom),listening_simulation_331.mp3,B,The man is sitting on the office boundary fence.,The man is undecided and needs to make a firm choice.,The man already completed the assigned spreadsheet.,The man wants to complain to the supervisor.,"Man: I am honestly still on the fence about finalizing the quarterly budget spreadsheet. 
Woman: You need to make up your mind quickly, or the financial auditor will be very disappointed. 
Narrator: What does the woman imply about the man?",What does the woman imply about the man?,Menguji idiom 'on the fence' (ragu-ragu) dan 'make up your mind' (mengambil keputusan). Pilihan B benar karena merefrasa makna idiom tersebut secara akurat.
575,Part B: Long Conversation,listening_simulation_332.mp3,A,She is struggling to meet the tight deadline set by the executive board.,She forgot to attend the lunch meeting.,She lost the printed memo.,She wants to change teams.,"Man: Hi Jane, did you get the memo about the client's presentation slides? 
Woman: Yes, but I am struggling to meet the tight deadline set by the executive board. 
Man: Don't worry. Let's grab lunch and we can schedule an urgent one-on-one meeting with the director together.",What is the woman's main concern?,Pertanyaan mengenai permasalahan utama pembicara wanita. Wanita mengeluh bahwa ia sedang mengalami kendala yaitu struggling to meet the tight deadline set by the executive board.
576,Part B: Long Conversation,listening_simulation_332.mp3,B,Cancel the project entirely.,Eat lunch and schedule an urgent one-on-one meeting with the director.,Call the department head.,Buy a new digital manual.,"Man: Hi Jane, did you get the memo about the client's presentation slides? 
Woman: Yes, but I am struggling to meet the tight deadline set by the executive board. 
Man: Don't worry. Let's grab lunch and we can schedule an urgent one-on-one meeting with the director together.",What do the speakers plan to do?,Pertanyaan mengenai rencana tindakan. Pria mengajak wanita untuk makan siang bersama sambil melakukan penyelesaian yaitu schedule an urgent one-on-one meeting with the director.
577,Part A (Agreement),listening_simulation_333.mp3,B,She wants the man to repeat his statement about the timeline.,She completely agrees that the workload schedule is too demanding.,She thinks the project has already been canceled.,She prefers to work late at night rather than early morning.,"Man: The timeline to finish the annual tax report is absurdly tight. 
Woman: You can say that again! I've been working non-stop since dawn. 
Narrator: What does the woman mean?",What does the woman mean?,Menguji ekspresi persetujuan (Agreement) 'You can say that again!' yang berarti pembicara kedua sangat setuju dengan pendapat pembicara pertama.
578,Part B: Long Conversation,listening_simulation_334.mp3,A,She is having a terrible misunderstanding with the logistics team.,She forgot to attend the lunch meeting.,She lost the printed memo.,She wants to change teams.,"Man: Hi Jane, did you get the memo about the quarterly budget spreadsheet? 
Woman: Yes, but I am having a terrible misunderstanding with the logistics team. 
Man: Don't worry. Let's grab lunch and we can take a fifteen-minute walk to clear your mind together.",What is the woman's main concern?,Pertanyaan mengenai permasalahan utama pembicara wanita. Wanita mengeluh bahwa ia sedang mengalami kendala yaitu having a terrible misunderstanding with the logistics team.
579,Part B: Long Conversation,listening_simulation_334.mp3,B,Cancel the project entirely.,Eat lunch and take a fifteen-minute walk to clear your mind.,Call the department head.,Buy a new digital manual.,"Man: Hi Jane, did you get the memo about the quarterly budget spreadsheet? 
Woman: Yes, but I am having a terrible misunderstanding with the logistics team. 
Man: Don't worry. Let's grab lunch and we can take a fifteen-minute walk to clear your mind together.",What do the speakers plan to do?,Pertanyaan mengenai rencana tindakan. Pria mengajak wanita untuk makan siang bersama sambil melakukan penyelesaian yaitu take a fifteen-minute walk to clear your mind.
580,Part B: Long Conversation,listening_simulation_335.mp3,A,She is drowning under the immense workload this week.,She forgot to attend the lunch meeting.,She lost the printed memo.,She wants to change teams.,"Man: Hi Jane, did you get the memo about the recruitment interview schedule? 
Woman: Yes, but I am drowning under the immense workload this week. 
Man: Don't worry. Let's grab lunch and we can review the training video manual sent by the coordinator together.",What is the woman's main concern?,Pertanyaan mengenai permasalahan utama pembicara wanita. Wanita mengeluh bahwa ia sedang mengalami kendala yaitu drowning under the immense workload this week.
581,Part B: Long Conversation,listening_simulation_335.mp3,B,Cancel the project entirely.,Eat lunch and review the training video manual sent by the coordinator.,Call the department head.,Buy a new digital manual.,"Man: Hi Jane, did you get the memo about the recruitment interview schedule? 
Woman: Yes, but I am drowning under the immense workload this week. 
Man: Don't worry. Let's grab lunch and we can review the training video manual sent by the coordinator together.",What do the speakers plan to do?,Pertanyaan mengenai rencana tindakan. Pria mengajak wanita untuk makan siang bersama sambil melakukan penyelesaian yaitu review the training video manual sent by the coordinator.
582,Part B: Long Conversation,listening_simulation_336.mp3,A,She is completely lost and confused about the guidelines.,She forgot to attend the lunch meeting.,She lost the printed memo.,She wants to change teams.,"Man: Hi Jane, did you get the memo about the quarterly budget spreadsheet? 
Woman: Yes, but I am completely lost and confused about the guidelines. 
Man: Don't worry. Let's grab lunch and we can review the training video manual sent by the coordinator together.",What is the woman's main concern?,Pertanyaan mengenai permasalahan utama pembicara wanita. Wanita mengeluh bahwa ia sedang mengalami kendala yaitu completely lost and confused about the guidelines.
583,Part B: Long Conversation,listening_simulation_336.mp3,B,Cancel the project entirely.,Eat lunch and review the training video manual sent by the coordinator.,Call the department head.,Buy a new digital manual.,"Man: Hi Jane, did you get the memo about the quarterly budget spreadsheet? 
Woman: Yes, but I am completely lost and confused about the guidelines. 
Man: Don't worry. Let's grab lunch and we can review the training video manual sent by the coordinator together.",What do the speakers plan to do?,Pertanyaan mengenai rencana tindakan. Pria mengajak wanita untuk makan siang bersama sambil melakukan penyelesaian yaitu review the training video manual sent by the coordinator.
584,Part B: Long Conversation,listening_simulation_337.mp3,A,She is having a terrible misunderstanding with the logistics team.,She forgot to attend the lunch meeting.,She lost the printed memo.,She wants to change teams.,"Man: Hi Jane, did you get the memo about the social media campaign draft? 
Woman: Yes, but I am having a terrible misunderstanding with the logistics team. 
Man: Don't worry. Let's grab lunch and we can schedule an urgent one-on-one meeting with the director together.",What is the woman's main concern?,Pertanyaan mengenai permasalahan utama pembicara wanita. Wanita mengeluh bahwa ia sedang mengalami kendala yaitu having a terrible misunderstanding with the logistics team.
585,Part B: Long Conversation,listening_simulation_337.mp3,B,Cancel the project entirely.,Eat lunch and schedule an urgent one-on-one meeting with the director.,Call the department head.,Buy a new digital manual.,"Man: Hi Jane, did you get the memo about the social media campaign draft? 
Woman: Yes, but I am having a terrible misunderstanding with the logistics team. 
Man: Don't worry. Let's grab lunch and we can schedule an urgent one-on-one meeting with the director together.",What do the speakers plan to do?,Pertanyaan mengenai rencana tindakan. Pria mengajak wanita untuk makan siang bersama sambil melakukan penyelesaian yaitu schedule an urgent one-on-one meeting with the director.
586,Part C: Academic Talks,listening_simulation_338.mp3,A,A comprehensive analysis of the psychology of consumer choice.,An announcement about office vacation.,A historical overview of banking.,A health insurance policy briefing.,"Speaker: Good morning class. Today we will explore the psychology of consumer choice. Limiting the number of options on a retail display reduces decision fatigue, which paradoxically increases the final conversion rate by thirty percent. This study will serve as our primary benchmark for corporate productivity.",What is the primary subject of the talk?,Pertanyaan mengenai gagasan utama kuliah akademik. Pembicara menyatakan bahwa pembahasan hari ini berpusat pada analisis the psychology of consumer choice.
587,Part C: Academic Talks,listening_simulation_338.mp3,B,To reduce employee salaries.,To set a new benchmark for corporate productivity.,To redecorate the executive lounge.,To audit the accounting software.,"Speaker: Good morning class. Today we will explore the psychology of consumer choice. Limiting the number of options on a retail display reduces decision fatigue, which paradoxically increases the final conversion rate by thirty percent. This study will serve as our primary benchmark for corporate productivity.",What is the main goal of discussing this method?,Pertanyaan informasi spesifik. Pembicara menyebutkan bahwa tujuan studi ini adalah sebagai tolok ukur baru bagi produktivitas perusahaan.
588,Part A (Agreement),listening_simulation_339.mp3,B,She wants the man to repeat his statement about the timeline.,She completely agrees that the workload schedule is too demanding.,She thinks the project has already been canceled.,She prefers to work late at night rather than early morning.,"Man: The timeline to finish the quarterly budget spreadsheet is absurdly tight. 
Woman: You can say that again! I've been working non-stop since dawn. 
Narrator: What does the woman mean?",What does the woman mean?,Menguji ekspresi persetujuan (Agreement) 'You can say that again!' yang berarti pembicara kedua sangat setuju dengan pendapat pembicara pertama.
589,Part B: Long Conversation,listening_simulation_340.mp3,A,She is completely lost and confused about the guidelines.,She forgot to attend the lunch meeting.,She lost the printed memo.,She wants to change teams.,"Man: Hi Jane, did you get the memo about the recruitment interview schedule? 
Woman: Yes, but I am completely lost and confused about the guidelines. 
Man: Don't worry. Let's grab lunch and we can review the training video manual sent by the coordinator together.",What is the woman's main concern?,Pertanyaan mengenai permasalahan utama pembicara wanita. Wanita mengeluh bahwa ia sedang mengalami kendala yaitu completely lost and confused about the guidelines.
590,Part B: Long Conversation,listening_simulation_340.mp3,B,Cancel the project entirely.,Eat lunch and review the training video manual sent by the coordinator.,Call the department head.,Buy a new digital manual.,"Man: Hi Jane, did you get the memo about the recruitment interview schedule? 
Woman: Yes, but I am completely lost and confused about the guidelines. 
Man: Don't worry. Let's grab lunch and we can review the training video manual sent by the coordinator together.",What do the speakers plan to do?,Pertanyaan mengenai rencana tindakan. Pria mengajak wanita untuk makan siang bersama sambil melakukan penyelesaian yaitu review the training video manual sent by the coordinator.
591,Part A (Suggestion),listening_simulation_341.mp3,A,Take immediate action to review the training video manual sent by the coordinator.,Ignore the supervisor and quit the current position.,Continue working despite being drowning under the immense workload this week.,Submit the report without reviewing the guidelines.,"Man: I am totally drowning under the immense workload this week. 
Woman: Why don't you review the training video manual sent by the coordinator before doing anything else? 
Narrator: What does the woman suggest the man do?",What does the woman suggest the man do?,Menguji struktur pemberian saran menggunakan pola 'Why don't you...'. Wanita menyarankan pria agar review the training video manual sent by the coordinator.
592,Part B: Long Conversation,listening_simulation_342.mp3,A,She is unable to back up the data before the computer crashed.,She forgot to attend the lunch meeting.,She lost the printed memo.,She wants to change teams.,"Man: Hi Jane, did you get the memo about the client's presentation slides? 
Woman: Yes, but I am unable to back up the data before the computer crashed. 
Man: Don't worry. Let's grab lunch and we can delegate the administrative tasks to the assistant together.",What is the woman's main concern?,Pertanyaan mengenai permasalahan utama pembicara wanita. Wanita mengeluh bahwa ia sedang mengalami kendala yaitu unable to back up the data before the computer crashed.
593,Part B: Long Conversation,listening_simulation_342.mp3,B,Cancel the project entirely.,Eat lunch and delegate the administrative tasks to the assistant.,Call the department head.,Buy a new digital manual.,"Man: Hi Jane, did you get the memo about the client's presentation slides? 
Woman: Yes, but I am unable to back up the data before the computer crashed. 
Man: Don't worry. Let's grab lunch and we can delegate the administrative tasks to the assistant together.",What do the speakers plan to do?,Pertanyaan mengenai rencana tindakan. Pria mengajak wanita untuk makan siang bersama sambil melakukan penyelesaian yaitu delegate the administrative tasks to the assistant.
594,Part B: Long Conversation,listening_simulation_343.mp3,A,She is struggling to meet the tight deadline set by the executive board.,She forgot to attend the lunch meeting.,She lost the printed memo.,She wants to change teams.,"Man: Hi Jane, did you get the memo about the customer feedback compilation? 
Woman: Yes, but I am struggling to meet the tight deadline set by the executive board. 
Man: Don't worry. Let's grab lunch and we can schedule an urgent one-on-one meeting with the director together.",What is the woman's main concern?,Pertanyaan mengenai permasalahan utama pembicara wanita. Wanita mengeluh bahwa ia sedang mengalami kendala yaitu struggling to meet the tight deadline set by the executive board.
595,Part B: Long Conversation,listening_simulation_343.mp3,B,Cancel the project entirely.,Eat lunch and schedule an urgent one-on-one meeting with the director.,Call the department head.,Buy a new digital manual.,"Man: Hi Jane, did you get the memo about the customer feedback compilation? 
Woman: Yes, but I am struggling to meet the tight deadline set by the executive board. 
Man: Don't worry. Let's grab lunch and we can schedule an urgent one-on-one meeting with the director together.",What do the speakers plan to do?,Pertanyaan mengenai rencana tindakan. Pria mengajak wanita untuk makan siang bersama sambil melakukan penyelesaian yaitu schedule an urgent one-on-one meeting with the director.
596,Part B: Long Conversation,listening_simulation_344.mp3,A,She is unable to back up the data before the computer crashed.,She forgot to attend the lunch meeting.,She lost the printed memo.,She wants to change teams.,"Man: Hi Jane, did you get the memo about the quarterly inventory log? 
Woman: Yes, but I am unable to back up the data before the computer crashed. 
Man: Don't worry. Let's grab lunch and we can schedule an urgent one-on-one meeting with the director together.",What is the woman's main concern?,Pertanyaan mengenai permasalahan utama pembicara wanita. Wanita mengeluh bahwa ia sedang mengalami kendala yaitu unable to back up the data before the computer crashed.
597,Part B: Long Conversation,listening_simulation_344.mp3,B,Cancel the project entirely.,Eat lunch and schedule an urgent one-on-one meeting with the director.,Call the department head.,Buy a new digital manual.,"Man: Hi Jane, did you get the memo about the quarterly inventory log? 
Woman: Yes, but I am unable to back up the data before the computer crashed. 
Man: Don't worry. Let's grab lunch and we can schedule an urgent one-on-one meeting with the director together.",What do the speakers plan to do?,Pertanyaan mengenai rencana tindakan. Pria mengajak wanita untuk makan siang bersama sambil melakukan penyelesaian yaitu schedule an urgent one-on-one meeting with the director.
598,Part B: Long Conversation,listening_simulation_345.mp3,A,She is drowning under the immense workload this week.,She forgot to attend the lunch meeting.,She lost the printed memo.,She wants to change teams.,"Man: Hi Jane, did you get the memo about the social media campaign draft? 
Woman: Yes, but I am drowning under the immense workload this week. 
Man: Don't worry. Let's grab lunch and we can take a fifteen-minute walk to clear your mind together.",What is the woman's main concern?,Pertanyaan mengenai permasalahan utama pembicara wanita. Wanita mengeluh bahwa ia sedang mengalami kendala yaitu drowning under the immense workload this week.
599,Part B: Long Conversation,listening_simulation_345.mp3,B,Cancel the project entirely.,Eat lunch and take a fifteen-minute walk to clear your mind.,Call the department head.,Buy a new digital manual.,"Man: Hi Jane, did you get the memo about the social media campaign draft? 
Woman: Yes, but I am drowning under the immense workload this week. 
Man: Don't worry. Let's grab lunch and we can take a fifteen-minute walk to clear your mind together.",What do the speakers plan to do?,Pertanyaan mengenai rencana tindakan. Pria mengajak wanita untuk makan siang bersama sambil melakukan penyelesaian yaitu take a fifteen-minute walk to clear your mind.
600,Part A (Idiom),listening_simulation_346.mp3,B,The man is sitting on the office boundary fence.,The man is undecided and needs to make a firm choice.,The man already completed the assigned spreadsheet.,The man wants to complain to the supervisor.,"Man: I am honestly still on the fence about finalizing the office relocation plan. 
Woman: You need to make up your mind quickly, or the project manager will be very disappointed. 
Narrator: What does the woman imply about the man?",What does the woman imply about the man?,Menguji idiom 'on the fence' (ragu-ragu) dan 'make up your mind' (mengambil keputusan). Pilihan B benar karena merefrasa makna idiom tersebut secara akurat.
601,Part A (Suggestion),listening_simulation_347.mp3,A,Take immediate action to review the training video manual sent by the coordinator.,Ignore the supervisor and quit the current position.,Continue working despite being unable to back up the data before the computer crashed.,Submit the report without reviewing the guidelines.,"Man: I am totally unable to back up the data before the computer crashed. 
Woman: Why don't you review the training video manual sent by the coordinator before doing anything else? 
Narrator: What does the woman suggest the man do?",What does the woman suggest the man do?,Menguji struktur pemberian saran menggunakan pola 'Why don't you...'. Wanita menyarankan pria agar review the training video manual sent by the coordinator.
602,Part A (Agreement),listening_simulation_348.mp3,B,She wants the man to repeat his statement about the timeline.,She completely agrees that the workload schedule is too demanding.,She thinks the project has already been canceled.,She prefers to work late at night rather than early morning.,"Man: The timeline to finish the recruitment interview schedule is absurdly tight. 
Woman: You can say that again! I've been working non-stop since dawn. 
Narrator: What does the woman mean?",What does the woman mean?,Menguji ekspresi persetujuan (Agreement) 'You can say that again!' yang berarti pembicara kedua sangat setuju dengan pendapat pembicara pertama.
603,Part B: Long Conversation,listening_simulation_349.mp3,A,She is drowning under the immense workload this week.,She forgot to attend the lunch meeting.,She lost the printed memo.,She wants to change teams.,"Man: Hi Jane, did you get the memo about the client's presentation slides? 
Woman: Yes, but I am drowning under the immense workload this week. 
Man: Don't worry. Let's grab lunch and we can review the training video manual sent by the coordinator together.",What is the woman's main concern?,Pertanyaan mengenai permasalahan utama pembicara wanita. Wanita mengeluh bahwa ia sedang mengalami kendala yaitu drowning under the immense workload this week.
604,Part B: Long Conversation,listening_simulation_349.mp3,B,Cancel the project entirely.,Eat lunch and review the training video manual sent by the coordinator.,Call the department head.,Buy a new digital manual.,"Man: Hi Jane, did you get the memo about the client's presentation slides? 
Woman: Yes, but I am drowning under the immense workload this week. 
Man: Don't worry. Let's grab lunch and we can review the training video manual sent by the coordinator together.",What do the speakers plan to do?,Pertanyaan mengenai rencana tindakan. Pria mengajak wanita untuk makan siang bersama sambil melakukan penyelesaian yaitu review the training video manual sent by the coordinator.
605,Part B: Long Conversation,listening_simulation_350.mp3,A,She is completely lost and confused about the guidelines.,She forgot to attend the lunch meeting.,She lost the printed memo.,She wants to change teams.,"Man: Hi Jane, did you get the memo about the client's presentation slides? 
Woman: Yes, but I am completely lost and confused about the guidelines. 
Man: Don't worry. Let's grab lunch and we can schedule an urgent one-on-one meeting with the director together.",What is the woman's main concern?,Pertanyaan mengenai permasalahan utama pembicara wanita. Wanita mengeluh bahwa ia sedang mengalami kendala yaitu completely lost and confused about the guidelines.
606,Part B: Long Conversation,listening_simulation_350.mp3,B,Cancel the project entirely.,Eat lunch and schedule an urgent one-on-one meeting with the director.,Call the department head.,Buy a new digital manual.,"Man: Hi Jane, did you get the memo about the client's presentation slides? 
Woman: Yes, but I am completely lost and confused about the guidelines. 
Man: Don't worry. Let's grab lunch and we can schedule an urgent one-on-one meeting with the director together.",What do the speakers plan to do?,Pertanyaan mengenai rencana tindakan. Pria mengajak wanita untuk makan siang bersama sambil melakukan penyelesaian yaitu schedule an urgent one-on-one meeting with the director.
607,Part B: Long Conversation,listening_simulation_351.mp3,A,She is completely lost and confused about the guidelines.,She forgot to attend the lunch meeting.,She lost the printed memo.,She wants to change teams.,"Man: Hi Jane, did you get the memo about the client's presentation slides? 
Woman: Yes, but I am completely lost and confused about the guidelines. 
Man: Don't worry. Let's grab lunch and we can delegate the administrative tasks to the assistant together.",What is the woman's main concern?,Pertanyaan mengenai permasalahan utama pembicara wanita. Wanita mengeluh bahwa ia sedang mengalami kendala yaitu completely lost and confused about the guidelines.
608,Part B: Long Conversation,listening_simulation_351.mp3,B,Cancel the project entirely.,Eat lunch and delegate the administrative tasks to the assistant.,Call the department head.,Buy a new digital manual.,"Man: Hi Jane, did you get the memo about the client's presentation slides? 
Woman: Yes, but I am completely lost and confused about the guidelines. 
Man: Don't worry. Let's grab lunch and we can delegate the administrative tasks to the assistant together.",What do the speakers plan to do?,Pertanyaan mengenai rencana tindakan. Pria mengajak wanita untuk makan siang bersama sambil melakukan penyelesaian yaitu delegate the administrative tasks to the assistant.
609,Part B: Long Conversation,listening_simulation_352.mp3,A,She is struggling to meet the tight deadline set by the executive board.,She forgot to attend the lunch meeting.,She lost the printed memo.,She wants to change teams.,"Man: Hi Jane, did you get the memo about the client's presentation slides? 
Woman: Yes, but I am struggling to meet the tight deadline set by the executive board. 
Man: Don't worry. Let's grab lunch and we can delegate the administrative tasks to the assistant together.",What is the woman's main concern?,Pertanyaan mengenai permasalahan utama pembicara wanita. Wanita mengeluh bahwa ia sedang mengalami kendala yaitu struggling to meet the tight deadline set by the executive board.
610,Part B: Long Conversation,listening_simulation_352.mp3,B,Cancel the project entirely.,Eat lunch and delegate the administrative tasks to the assistant.,Call the department head.,Buy a new digital manual.,"Man: Hi Jane, did you get the memo about the client's presentation slides? 
Woman: Yes, but I am struggling to meet the tight deadline set by the executive board. 
Man: Don't worry. Let's grab lunch and we can delegate the administrative tasks to the assistant together.",What do the speakers plan to do?,Pertanyaan mengenai rencana tindakan. Pria mengajak wanita untuk makan siang bersama sambil melakukan penyelesaian yaitu delegate the administrative tasks to the assistant.
611,Part A (Suggestion),listening_simulation_353.mp3,A,Take immediate action to take a fifteen-minute walk to clear your mind.,Ignore the supervisor and quit the current position.,Continue working despite being drowning under the immense workload this week.,Submit the report without reviewing the guidelines.,"Man: I am totally drowning under the immense workload this week. 
Woman: Why don't you take a fifteen-minute walk to clear your mind before doing anything else? 
Narrator: What does the woman suggest the man do?",What does the woman suggest the man do?,Menguji struktur pemberian saran menggunakan pola 'Why don't you...'. Wanita menyarankan pria agar take a fifteen-minute walk to clear your mind.
612,Part A (Idiom),listening_simulation_354.mp3,B,The man is sitting on the office boundary fence.,The man is undecided and needs to make a firm choice.,The man already completed the assigned spreadsheet.,The man wants to complain to the supervisor.,"Man: I am honestly still on the fence about finalizing the office relocation plan. 
Woman: You need to make up your mind quickly, or the financial auditor will be very disappointed. 
Narrator: What does the woman imply about the man?",What does the woman imply about the man?,Menguji idiom 'on the fence' (ragu-ragu) dan 'make up your mind' (mengambil keputusan). Pilihan B benar karena merefrasa makna idiom tersebut secara akurat.
613,Part A (Idiom),listening_simulation_355.mp3,B,The man is sitting on the office boundary fence.,The man is undecided and needs to make a firm choice.,The man already completed the assigned spreadsheet.,The man wants to complain to the supervisor.,"Man: I am honestly still on the fence about finalizing the annual tax report. 
Woman: You need to make up your mind quickly, or the marketing coordinator will be very disappointed. 
Narrator: What does the woman imply about the man?",What does the woman imply about the man?,Menguji idiom 'on the fence' (ragu-ragu) dan 'make up your mind' (mengambil keputusan). Pilihan B benar karena merefrasa makna idiom tersebut secara akurat.
614,Part C: Academic Talks,listening_simulation_356.mp3,A,A comprehensive analysis of conflict resolution in corporate teams.,An announcement about office vacation.,A historical overview of banking.,A health insurance policy briefing.,Speaker: Good morning class. Today we will explore conflict resolution in corporate teams. Establishing clear communication channels and setting neutral boundaries early helps prevent personal bias from derailing collaborative milestones. This study will serve as our primary benchmark for corporate productivity.,What is the primary subject of the talk?,Pertanyaan mengenai gagasan utama kuliah akademik. Pembicara menyatakan bahwa pembahasan hari ini berpusat pada analisis conflict resolution in corporate teams.
615,Part C: Academic Talks,listening_simulation_356.mp3,B,To reduce employee salaries.,To set a new benchmark for corporate productivity.,To redecorate the executive lounge.,To audit the accounting software.,Speaker: Good morning class. Today we will explore conflict resolution in corporate teams. Establishing clear communication channels and setting neutral boundaries early helps prevent personal bias from derailing collaborative milestones. This study will serve as our primary benchmark for corporate productivity.,What is the main goal of discussing this method?,Pertanyaan informasi spesifik. Pembicara menyebutkan bahwa tujuan studi ini adalah sebagai tolok ukur baru bagi produktivitas perusahaan.
616,Part A (Idiom),listening_simulation_357.mp3,B,The man is sitting on the office boundary fence.,The man is undecided and needs to make a firm choice.,The man already completed the assigned spreadsheet.,The man wants to complain to the supervisor.,"Man: I am honestly still on the fence about finalizing the social media campaign draft. 
Woman: You need to make up your mind quickly, or the marketing coordinator will be very disappointed. 
Narrator: What does the woman imply about the man?",What does the woman imply about the man?,Menguji idiom 'on the fence' (ragu-ragu) dan 'make up your mind' (mengambil keputusan). Pilihan B benar karena merefrasa makna idiom tersebut secara akurat.
617,Part A (Suggestion),listening_simulation_358.mp3,A,Take immediate action to take a fifteen-minute walk to clear your mind.,Ignore the supervisor and quit the current position.,Continue working despite being struggling to meet the tight deadline set by the executive board.,Submit the report without reviewing the guidelines.,"Man: I am totally struggling to meet the tight deadline set by the executive board. 
Woman: Why don't you take a fifteen-minute walk to clear your mind before doing anything else? 
Narrator: What does the woman suggest the man do?",What does the woman suggest the man do?,Menguji struktur pemberian saran menggunakan pola 'Why don't you...'. Wanita menyarankan pria agar take a fifteen-minute walk to clear your mind.
618,Part C: Academic Talks,listening_simulation_359.mp3,A,A comprehensive analysis of the psychology of consumer choice.,An announcement about office vacation.,A historical overview of banking.,A health insurance policy briefing.,"Speaker: Good morning class. Today we will explore the psychology of consumer choice. Limiting the number of options on a retail display reduces decision fatigue, which paradoxically increases the final conversion rate by thirty percent. This study will serve as our primary benchmark for corporate productivity.",What is the primary subject of the talk?,Pertanyaan mengenai gagasan utama kuliah akademik. Pembicara menyatakan bahwa pembahasan hari ini berpusat pada analisis the psychology of consumer choice.
619,Part C: Academic Talks,listening_simulation_359.mp3,B,To reduce employee salaries.,To set a new benchmark for corporate productivity.,To redecorate the executive lounge.,To audit the accounting software.,"Speaker: Good morning class. Today we will explore the psychology of consumer choice. Limiting the number of options on a retail display reduces decision fatigue, which paradoxically increases the final conversion rate by thirty percent. This study will serve as our primary benchmark for corporate productivity.",What is the main goal of discussing this method?,Pertanyaan informasi spesifik. Pembicara menyebutkan bahwa tujuan studi ini adalah sebagai tolok ukur baru bagi produktivitas perusahaan.
620,Part A (Suggestion),listening_simulation_360.mp3,A,Take immediate action to review the training video manual sent by the coordinator.,Ignore the supervisor and quit the current position.,Continue working despite being struggling to meet the tight deadline set by the executive board.,Submit the report without reviewing the guidelines.,"Man: I am totally struggling to meet the tight deadline set by the executive board. 
Woman: Why don't you review the training video manual sent by the coordinator before doing anything else? 
Narrator: What does the woman suggest the man do?",What does the woman suggest the man do?,Menguji struktur pemberian saran menggunakan pola 'Why don't you...'. Wanita menyarankan pria agar review the training video manual sent by the coordinator.
621,Part C: Academic Talks,listening_simulation_361.mp3,A,A comprehensive analysis of conflict resolution in corporate teams.,An announcement about office vacation.,A historical overview of banking.,A health insurance policy briefing.,Speaker: Good morning class. Today we will explore conflict resolution in corporate teams. Establishing clear communication channels and setting neutral boundaries early helps prevent personal bias from derailing collaborative milestones. This study will serve as our primary benchmark for corporate productivity.,What is the primary subject of the talk?,Pertanyaan mengenai gagasan utama kuliah akademik. Pembicara menyatakan bahwa pembahasan hari ini berpusat pada analisis conflict resolution in corporate teams.
622,Part C: Academic Talks,listening_simulation_361.mp3,B,To reduce employee salaries.,To set a new benchmark for corporate productivity.,To redecorate the executive lounge.,To audit the accounting software.,Speaker: Good morning class. Today we will explore conflict resolution in corporate teams. Establishing clear communication channels and setting neutral boundaries early helps prevent personal bias from derailing collaborative milestones. This study will serve as our primary benchmark for corporate productivity.,What is the main goal of discussing this method?,Pertanyaan informasi spesifik. Pembicara menyebutkan bahwa tujuan studi ini adalah sebagai tolok ukur baru bagi produktivitas perusahaan.
623,Part B: Long Conversation,listening_simulation_362.mp3,A,She is completely lost and confused about the guidelines.,She forgot to attend the lunch meeting.,She lost the printed memo.,She wants to change teams.,"Man: Hi Jane, did you get the memo about the recruitment interview schedule? 
Woman: Yes, but I am completely lost and confused about the guidelines. 
Man: Don't worry. Let's grab lunch and we can request a temporary extension from the management together.",What is the woman's main concern?,Pertanyaan mengenai permasalahan utama pembicara wanita. Wanita mengeluh bahwa ia sedang mengalami kendala yaitu completely lost and confused about the guidelines.
624,Part B: Long Conversation,listening_simulation_362.mp3,B,Cancel the project entirely.,Eat lunch and request a temporary extension from the management.,Call the department head.,Buy a new digital manual.,"Man: Hi Jane, did you get the memo about the recruitment interview schedule? 
Woman: Yes, but I am completely lost and confused about the guidelines. 
Man: Don't worry. Let's grab lunch and we can request a temporary extension from the management together.",What do the speakers plan to do?,Pertanyaan mengenai rencana tindakan. Pria mengajak wanita untuk makan siang bersama sambil melakukan penyelesaian yaitu request a temporary extension from the management.
625,Part A (Idiom),listening_simulation_363.mp3,B,The man is sitting on the office boundary fence.,The man is undecided and needs to make a firm choice.,The man already completed the assigned spreadsheet.,The man wants to complain to the supervisor.,"Man: I am honestly still on the fence about finalizing the office relocation plan. 
Woman: You need to make up your mind quickly, or the department head will be very disappointed. 
Narrator: What does the woman imply about the man?",What does the woman imply about the man?,Menguji idiom 'on the fence' (ragu-ragu) dan 'make up your mind' (mengambil keputusan). Pilihan B benar karena merefrasa makna idiom tersebut secara akurat.
626,Part B: Long Conversation,listening_simulation_364.mp3,A,She is drowning under the immense workload this week.,She forgot to attend the lunch meeting.,She lost the printed memo.,She wants to change teams.,"Man: Hi Jane, did you get the memo about the social media campaign draft? 
Woman: Yes, but I am drowning under the immense workload this week. 
Man: Don't worry. Let's grab lunch and we can schedule an urgent one-on-one meeting with the director together.",What is the woman's main concern?,Pertanyaan mengenai permasalahan utama pembicara wanita. Wanita mengeluh bahwa ia sedang mengalami kendala yaitu drowning under the immense workload this week.
627,Part B: Long Conversation,listening_simulation_364.mp3,B,Cancel the project entirely.,Eat lunch and schedule an urgent one-on-one meeting with the director.,Call the department head.,Buy a new digital manual.,"Man: Hi Jane, did you get the memo about the social media campaign draft? 
Woman: Yes, but I am drowning under the immense workload this week. 
Man: Don't worry. Let's grab lunch and we can schedule an urgent one-on-one meeting with the director together.",What do the speakers plan to do?,Pertanyaan mengenai rencana tindakan. Pria mengajak wanita untuk makan siang bersama sambil melakukan penyelesaian yaitu schedule an urgent one-on-one meeting with the director.
628,Part B: Long Conversation,listening_simulation_365.mp3,A,She is completely lost and confused about the guidelines.,She forgot to attend the lunch meeting.,She lost the printed memo.,She wants to change teams.,"Man: Hi Jane, did you get the memo about the social media campaign draft? 
Woman: Yes, but I am completely lost and confused about the guidelines. 
Man: Don't worry. Let's grab lunch and we can take a fifteen-minute walk to clear your mind together.",What is the woman's main concern?,Pertanyaan mengenai permasalahan utama pembicara wanita. Wanita mengeluh bahwa ia sedang mengalami kendala yaitu completely lost and confused about the guidelines.
629,Part B: Long Conversation,listening_simulation_365.mp3,B,Cancel the project entirely.,Eat lunch and take a fifteen-minute walk to clear your mind.,Call the department head.,Buy a new digital manual.,"Man: Hi Jane, did you get the memo about the social media campaign draft? 
Woman: Yes, but I am completely lost and confused about the guidelines. 
Man: Don't worry. Let's grab lunch and we can take a fifteen-minute walk to clear your mind together.",What do the speakers plan to do?,Pertanyaan mengenai rencana tindakan. Pria mengajak wanita untuk makan siang bersama sambil melakukan penyelesaian yaitu take a fifteen-minute walk to clear your mind.
630,Part A (Idiom),listening_simulation_366.mp3,B,The man is sitting on the office boundary fence.,The man is undecided and needs to make a firm choice.,The man already completed the assigned spreadsheet.,The man wants to complain to the supervisor.,"Man: I am honestly still on the fence about finalizing the annual tax report. 
Woman: You need to make up your mind quickly, or the supervisor will be very disappointed. 
Narrator: What does the woman imply about the man?",What does the woman imply about the man?,Menguji idiom 'on the fence' (ragu-ragu) dan 'make up your mind' (mengambil keputusan). Pilihan B benar karena merefrasa makna idiom tersebut secara akurat.
631,Part B: Long Conversation,listening_simulation_367.mp3,A,She is completely lost and confused about the guidelines.,She forgot to attend the lunch meeting.,She lost the printed memo.,She wants to change teams.,"Man: Hi Jane, did you get the memo about the quarterly inventory log? 
Woman: Yes, but I am completely lost and confused about the guidelines. 
Man: Don't worry. Let's grab lunch and we can request a temporary extension from the management together.",What is the woman's main concern?,Pertanyaan mengenai permasalahan utama pembicara wanita. Wanita mengeluh bahwa ia sedang mengalami kendala yaitu completely lost and confused about the guidelines.
632,Part B: Long Conversation,listening_simulation_367.mp3,B,Cancel the project entirely.,Eat lunch and request a temporary extension from the management.,Call the department head.,Buy a new digital manual.,"Man: Hi Jane, did you get the memo about the quarterly inventory log? 
Woman: Yes, but I am completely lost and confused about the guidelines. 
Man: Don't worry. Let's grab lunch and we can request a temporary extension from the management together.",What do the speakers plan to do?,Pertanyaan mengenai rencana tindakan. Pria mengajak wanita untuk makan siang bersama sambil melakukan penyelesaian yaitu request a temporary extension from the management.
633,Part B: Long Conversation,listening_simulation_368.mp3,A,She is unable to back up the data before the computer crashed.,She forgot to attend the lunch meeting.,She lost the printed memo.,She wants to change teams.,"Man: Hi Jane, did you get the memo about the quarterly inventory log? 
Woman: Yes, but I am unable to back up the data before the computer crashed. 
Man: Don't worry. Let's grab lunch and we can delegate the administrative tasks to the assistant together.",What is the woman's main concern?,Pertanyaan mengenai permasalahan utama pembicara wanita. Wanita mengeluh bahwa ia sedang mengalami kendala yaitu unable to back up the data before the computer crashed.
634,Part B: Long Conversation,listening_simulation_368.mp3,B,Cancel the project entirely.,Eat lunch and delegate the administrative tasks to the assistant.,Call the department head.,Buy a new digital manual.,"Man: Hi Jane, did you get the memo about the quarterly inventory log? 
Woman: Yes, but I am unable to back up the data before the computer crashed. 
Man: Don't worry. Let's grab lunch and we can delegate the administrative tasks to the assistant together.",What do the speakers plan to do?,Pertanyaan mengenai rencana tindakan. Pria mengajak wanita untuk makan siang bersama sambil melakukan penyelesaian yaitu delegate the administrative tasks to the assistant.
635,Part A (Idiom),listening_simulation_369.mp3,B,The man is sitting on the office boundary fence.,The man is undecided and needs to make a firm choice.,The man already completed the assigned spreadsheet.,The man wants to complain to the supervisor.,"Man: I am honestly still on the fence about finalizing the annual tax report. 
Woman: You need to make up your mind quickly, or the project manager will be very disappointed. 
Narrator: What does the woman imply about the man?",What does the woman imply about the man?,Menguji idiom 'on the fence' (ragu-ragu) dan 'make up your mind' (mengambil keputusan). Pilihan B benar karena merefrasa makna idiom tersebut secara akurat.
636,Part A (Idiom),listening_simulation_370.mp3,B,The man is sitting on the office boundary fence.,The man is undecided and needs to make a firm choice.,The man already completed the assigned spreadsheet.,The man wants to complain to the supervisor.,"Man: I am honestly still on the fence about finalizing the office relocation plan. 
Woman: You need to make up your mind quickly, or the marketing coordinator will be very disappointed. 
Narrator: What does the woman imply about the man?",What does the woman imply about the man?,Menguji idiom 'on the fence' (ragu-ragu) dan 'make up your mind' (mengambil keputusan). Pilihan B benar karena merefrasa makna idiom tersebut secara akurat.
637,Part A (Agreement),listening_simulation_371.mp3,B,She wants the man to repeat his statement about the timeline.,She completely agrees that the workload schedule is too demanding.,She thinks the project has already been canceled.,She prefers to work late at night rather than early morning.,"Man: The timeline to finish the office relocation plan is absurdly tight. 
Woman: You can say that again! I've been working non-stop since dawn. 
Narrator: What does the woman mean?",What does the woman mean?,Menguji ekspresi persetujuan (Agreement) 'You can say that again!' yang berarti pembicara kedua sangat setuju dengan pendapat pembicara pertama.
638,Part C: Academic Talks,listening_simulation_372.mp3,A,A comprehensive analysis of sustainable workplace design.,An announcement about office vacation.,A historical overview of banking.,A health insurance policy briefing.,"Speaker: Good morning class. Today we will explore sustainable workplace design. By introducing natural lighting and ergonomic furniture, companies report a twenty percent decrease in employee absenteeism and a massive boost in daily focus. This study will serve as our primary benchmark for corporate productivity.",What is the primary subject of the talk?,Pertanyaan mengenai gagasan utama kuliah akademik. Pembicara menyatakan bahwa pembahasan hari ini berpusat pada analisis sustainable workplace design.
639,Part C: Academic Talks,listening_simulation_372.mp3,B,To reduce employee salaries.,To set a new benchmark for corporate productivity.,To redecorate the executive lounge.,To audit the accounting software.,"Speaker: Good morning class. Today we will explore sustainable workplace design. By introducing natural lighting and ergonomic furniture, companies report a twenty percent decrease in employee absenteeism and a massive boost in daily focus. This study will serve as our primary benchmark for corporate productivity.",What is the main goal of discussing this method?,Pertanyaan informasi spesifik. Pembicara menyebutkan bahwa tujuan studi ini adalah sebagai tolok ukur baru bagi produktivitas perusahaan.
640,Part C: Academic Talks,listening_simulation_373.mp3,A,A comprehensive analysis of sustainable workplace design.,An announcement about office vacation.,A historical overview of banking.,A health insurance policy briefing.,"Speaker: Good morning class. Today we will explore sustainable workplace design. By introducing natural lighting and ergonomic furniture, companies report a twenty percent decrease in employee absenteeism and a massive boost in daily focus. This study will serve as our primary benchmark for corporate productivity.",What is the primary subject of the talk?,Pertanyaan mengenai gagasan utama kuliah akademik. Pembicara menyatakan bahwa pembahasan hari ini berpusat pada analisis sustainable workplace design.
641,Part C: Academic Talks,listening_simulation_373.mp3,B,To reduce employee salaries.,To set a new benchmark for corporate productivity.,To redecorate the executive lounge.,To audit the accounting software.,"Speaker: Good morning class. Today we will explore sustainable workplace design. By introducing natural lighting and ergonomic furniture, companies report a twenty percent decrease in employee absenteeism and a massive boost in daily focus. This study will serve as our primary benchmark for corporate productivity.",What is the main goal of discussing this method?,Pertanyaan informasi spesifik. Pembicara menyebutkan bahwa tujuan studi ini adalah sebagai tolok ukur baru bagi produktivitas perusahaan.
642,Part C: Academic Talks,listening_simulation_374.mp3,A,A comprehensive analysis of sustainable workplace design.,An announcement about office vacation.,A historical overview of banking.,A health insurance policy briefing.,"Speaker: Good morning class. Today we will explore sustainable workplace design. By introducing natural lighting and ergonomic furniture, companies report a twenty percent decrease in employee absenteeism and a massive boost in daily focus. This study will serve as our primary benchmark for corporate productivity.",What is the primary subject of the talk?,Pertanyaan mengenai gagasan utama kuliah akademik. Pembicara menyatakan bahwa pembahasan hari ini berpusat pada analisis sustainable workplace design.
643,Part C: Academic Talks,listening_simulation_374.mp3,B,To reduce employee salaries.,To set a new benchmark for corporate productivity.,To redecorate the executive lounge.,To audit the accounting software.,"Speaker: Good morning class. Today we will explore sustainable workplace design. By introducing natural lighting and ergonomic furniture, companies report a twenty percent decrease in employee absenteeism and a massive boost in daily focus. This study will serve as our primary benchmark for corporate productivity.",What is the main goal of discussing this method?,Pertanyaan informasi spesifik. Pembicara menyebutkan bahwa tujuan studi ini adalah sebagai tolok ukur baru bagi produktivitas perusahaan.
644,Part C: Academic Talks,listening_simulation_375.mp3,A,A comprehensive analysis of conflict resolution in corporate teams.,An announcement about office vacation.,A historical overview of banking.,A health insurance policy briefing.,Speaker: Good morning class. Today we will explore conflict resolution in corporate teams. Establishing clear communication channels and setting neutral boundaries early helps prevent personal bias from derailing collaborative milestones. This study will serve as our primary benchmark for corporate productivity.,What is the primary subject of the talk?,Pertanyaan mengenai gagasan utama kuliah akademik. Pembicara menyatakan bahwa pembahasan hari ini berpusat pada analisis conflict resolution in corporate teams.
645,Part C: Academic Talks,listening_simulation_375.mp3,B,To reduce employee salaries.,To set a new benchmark for corporate productivity.,To redecorate the executive lounge.,To audit the accounting software.,Speaker: Good morning class. Today we will explore conflict resolution in corporate teams. Establishing clear communication channels and setting neutral boundaries early helps prevent personal bias from derailing collaborative milestones. This study will serve as our primary benchmark for corporate productivity.,What is the main goal of discussing this method?,Pertanyaan informasi spesifik. Pembicara menyebutkan bahwa tujuan studi ini adalah sebagai tolok ukur baru bagi produktivitas perusahaan.
646,Part C: Academic Talks,listening_simulation_376.mp3,A,A comprehensive analysis of the impact of artificial intelligence on logistics.,An announcement about office vacation.,A historical overview of banking.,A health insurance policy briefing.,Speaker: Good morning class. Today we will explore the impact of artificial intelligence on logistics. Using predictive algorithms for warehouse supply chains reduces overhead storage costs by roughly fifteen percent globally. This study will serve as our primary benchmark for corporate productivity.,What is the primary subject of the talk?,Pertanyaan mengenai gagasan utama kuliah akademik. Pembicara menyatakan bahwa pembahasan hari ini berpusat pada analisis the impact of artificial intelligence on logistics.
647,Part C: Academic Talks,listening_simulation_376.mp3,B,To reduce employee salaries.,To set a new benchmark for corporate productivity.,To redecorate the executive lounge.,To audit the accounting software.,Speaker: Good morning class. Today we will explore the impact of artificial intelligence on logistics. Using predictive algorithms for warehouse supply chains reduces overhead storage costs by roughly fifteen percent globally. This study will serve as our primary benchmark for corporate productivity.,What is the main goal of discussing this method?,Pertanyaan informasi spesifik. Pembicara menyebutkan bahwa tujuan studi ini adalah sebagai tolok ukur baru bagi produktivitas perusahaan.
648,Part C: Academic Talks,listening_simulation_377.mp3,A,A comprehensive analysis of the impact of artificial intelligence on logistics.,An announcement about office vacation.,A historical overview of banking.,A health insurance policy briefing.,Speaker: Good morning class. Today we will explore the impact of artificial intelligence on logistics. Using predictive algorithms for warehouse supply chains reduces overhead storage costs by roughly fifteen percent globally. This study will serve as our primary benchmark for corporate productivity.,What is the primary subject of the talk?,Pertanyaan mengenai gagasan utama kuliah akademik. Pembicara menyatakan bahwa pembahasan hari ini berpusat pada analisis the impact of artificial intelligence on logistics.
649,Part C: Academic Talks,listening_simulation_377.mp3,B,To reduce employee salaries.,To set a new benchmark for corporate productivity.,To redecorate the executive lounge.,To audit the accounting software.,Speaker: Good morning class. Today we will explore the impact of artificial intelligence on logistics. Using predictive algorithms for warehouse supply chains reduces overhead storage costs by roughly fifteen percent globally. This study will serve as our primary benchmark for corporate productivity.,What is the main goal of discussing this method?,Pertanyaan informasi spesifik. Pembicara menyebutkan bahwa tujuan studi ini adalah sebagai tolok ukur baru bagi produktivitas perusahaan.
650,Part B: Long Conversation,listening_simulation_378.mp3,A,She is completely lost and confused about the guidelines.,She forgot to attend the lunch meeting.,She lost the printed memo.,She wants to change teams.,"Man: Hi Jane, did you get the memo about the recruitment interview schedule? 
Woman: Yes, but I am completely lost and confused about the guidelines. 
Man: Don't worry. Let's grab lunch and we can review the training video manual sent by the coordinator together.",What is the woman's main concern?,Pertanyaan mengenai permasalahan utama pembicara wanita. Wanita mengeluh bahwa ia sedang mengalami kendala yaitu completely lost and confused about the guidelines.
651,Part B: Long Conversation,listening_simulation_378.mp3,B,Cancel the project entirely.,Eat lunch and review the training video manual sent by the coordinator.,Call the department head.,Buy a new digital manual.,"Man: Hi Jane, did you get the memo about the recruitment interview schedule? 
Woman: Yes, but I am completely lost and confused about the guidelines. 
Man: Don't worry. Let's grab lunch and we can review the training video manual sent by the coordinator together.",What do the speakers plan to do?,Pertanyaan mengenai rencana tindakan. Pria mengajak wanita untuk makan siang bersama sambil melakukan penyelesaian yaitu review the training video manual sent by the coordinator.
652,Part B: Long Conversation,listening_simulation_379.mp3,A,She is completely lost and confused about the guidelines.,She forgot to attend the lunch meeting.,She lost the printed memo.,She wants to change teams.,"Man: Hi Jane, did you get the memo about the recruitment interview schedule? 
Woman: Yes, but I am completely lost and confused about the guidelines. 
Man: Don't worry. Let's grab lunch and we can delegate the administrative tasks to the assistant together.",What is the woman's main concern?,Pertanyaan mengenai permasalahan utama pembicara wanita. Wanita mengeluh bahwa ia sedang mengalami kendala yaitu completely lost and confused about the guidelines.
653,Part B: Long Conversation,listening_simulation_379.mp3,B,Cancel the project entirely.,Eat lunch and delegate the administrative tasks to the assistant.,Call the department head.,Buy a new digital manual.,"Man: Hi Jane, did you get the memo about the recruitment interview schedule? 
Woman: Yes, but I am completely lost and confused about the guidelines. 
Man: Don't worry. Let's grab lunch and we can delegate the administrative tasks to the assistant together.",What do the speakers plan to do?,Pertanyaan mengenai rencana tindakan. Pria mengajak wanita untuk makan siang bersama sambil melakukan penyelesaian yaitu delegate the administrative tasks to the assistant.
654,Part C: Academic Talks,listening_simulation_380.mp3,A,A comprehensive analysis of the impact of artificial intelligence on logistics.,An announcement about office vacation.,A historical overview of banking.,A health insurance policy briefing.,Speaker: Good morning class. Today we will explore the impact of artificial intelligence on logistics. Using predictive algorithms for warehouse supply chains reduces overhead storage costs by roughly fifteen percent globally. This study will serve as our primary benchmark for corporate productivity.,What is the primary subject of the talk?,Pertanyaan mengenai gagasan utama kuliah akademik. Pembicara menyatakan bahwa pembahasan hari ini berpusat pada analisis the impact of artificial intelligence on logistics.
655,Part C: Academic Talks,listening_simulation_380.mp3,B,To reduce employee salaries.,To set a new benchmark for corporate productivity.,To redecorate the executive lounge.,To audit the accounting software.,Speaker: Good morning class. Today we will explore the impact of artificial intelligence on logistics. Using predictive algorithms for warehouse supply chains reduces overhead storage costs by roughly fifteen percent globally. This study will serve as our primary benchmark for corporate productivity.,What is the main goal of discussing this method?,Pertanyaan informasi spesifik. Pembicara menyebutkan bahwa tujuan studi ini adalah sebagai tolok ukur baru bagi produktivitas perusahaan.
656,Part C: Academic Talks,listening_simulation_381.mp3,A,A comprehensive analysis of sustainable workplace design.,An announcement about office vacation.,A historical overview of banking.,A health insurance policy briefing.,"Speaker: Good morning class. Today we will explore sustainable workplace design. By introducing natural lighting and ergonomic furniture, companies report a twenty percent decrease in employee absenteeism and a massive boost in daily focus. This study will serve as our primary benchmark for corporate productivity.",What is the primary subject of the talk?,Pertanyaan mengenai gagasan utama kuliah akademik. Pembicara menyatakan bahwa pembahasan hari ini berpusat pada analisis sustainable workplace design.
657,Part C: Academic Talks,listening_simulation_381.mp3,B,To reduce employee salaries.,To set a new benchmark for corporate productivity.,To redecorate the executive lounge.,To audit the accounting software.,"Speaker: Good morning class. Today we will explore sustainable workplace design. By introducing natural lighting and ergonomic furniture, companies report a twenty percent decrease in employee absenteeism and a massive boost in daily focus. This study will serve as our primary benchmark for corporate productivity.",What is the main goal of discussing this method?,Pertanyaan informasi spesifik. Pembicara menyebutkan bahwa tujuan studi ini adalah sebagai tolok ukur baru bagi produktivitas perusahaan.
658,Part C: Academic Talks,listening_simulation_382.mp3,A,A comprehensive analysis of conflict resolution in corporate teams.,An announcement about office vacation.,A historical overview of banking.,A health insurance policy briefing.,Speaker: Good morning class. Today we will explore conflict resolution in corporate teams. Establishing clear communication channels and setting neutral boundaries early helps prevent personal bias from derailing collaborative milestones. This study will serve as our primary benchmark for corporate productivity.,What is the primary subject of the talk?,Pertanyaan mengenai gagasan utama kuliah akademik. Pembicara menyatakan bahwa pembahasan hari ini berpusat pada analisis conflict resolution in corporate teams.
659,Part C: Academic Talks,listening_simulation_382.mp3,B,To reduce employee salaries.,To set a new benchmark for corporate productivity.,To redecorate the executive lounge.,To audit the accounting software.,Speaker: Good morning class. Today we will explore conflict resolution in corporate teams. Establishing clear communication channels and setting neutral boundaries early helps prevent personal bias from derailing collaborative milestones. This study will serve as our primary benchmark for corporate productivity.,What is the main goal of discussing this method?,Pertanyaan informasi spesifik. Pembicara menyebutkan bahwa tujuan studi ini adalah sebagai tolok ukur baru bagi produktivitas perusahaan.
660,Part B: Long Conversation,listening_simulation_383.mp3,A,She is having a terrible misunderstanding with the logistics team.,She forgot to attend the lunch meeting.,She lost the printed memo.,She wants to change teams.,"Man: Hi Jane, did you get the memo about the customer feedback compilation? 
Woman: Yes, but I am having a terrible misunderstanding with the logistics team. 
Man: Don't worry. Let's grab lunch and we can delegate the administrative tasks to the assistant together.",What is the woman's main concern?,Pertanyaan mengenai permasalahan utama pembicara wanita. Wanita mengeluh bahwa ia sedang mengalami kendala yaitu having a terrible misunderstanding with the logistics team.
661,Part B: Long Conversation,listening_simulation_383.mp3,B,Cancel the project entirely.,Eat lunch and delegate the administrative tasks to the assistant.,Call the department head.,Buy a new digital manual.,"Man: Hi Jane, did you get the memo about the customer feedback compilation? 
Woman: Yes, but I am having a terrible misunderstanding with the logistics team. 
Man: Don't worry. Let's grab lunch and we can delegate the administrative tasks to the assistant together.",What do the speakers plan to do?,Pertanyaan mengenai rencana tindakan. Pria mengajak wanita untuk makan siang bersama sambil melakukan penyelesaian yaitu delegate the administrative tasks to the assistant.
662,Part B: Long Conversation,listening_simulation_384.mp3,A,She is having a terrible misunderstanding with the logistics team.,She forgot to attend the lunch meeting.,She lost the printed memo.,She wants to change teams.,"Man: Hi Jane, did you get the memo about the recruitment interview schedule? 
Woman: Yes, but I am having a terrible misunderstanding with the logistics team. 
Man: Don't worry. Let's grab lunch and we can take a fifteen-minute walk to clear your mind together.",What is the woman's main concern?,Pertanyaan mengenai permasalahan utama pembicara wanita. Wanita mengeluh bahwa ia sedang mengalami kendala yaitu having a terrible misunderstanding with the logistics team.
663,Part B: Long Conversation,listening_simulation_384.mp3,B,Cancel the project entirely.,Eat lunch and take a fifteen-minute walk to clear your mind.,Call the department head.,Buy a new digital manual.,"Man: Hi Jane, did you get the memo about the recruitment interview schedule? 
Woman: Yes, but I am having a terrible misunderstanding with the logistics team. 
Man: Don't worry. Let's grab lunch and we can take a fifteen-minute walk to clear your mind together.",What do the speakers plan to do?,Pertanyaan mengenai rencana tindakan. Pria mengajak wanita untuk makan siang bersama sambil melakukan penyelesaian yaitu take a fifteen-minute walk to clear your mind.
664,Part C: Academic Talks,listening_simulation_385.mp3,A,A comprehensive analysis of conflict resolution in corporate teams.,An announcement about office vacation.,A historical overview of banking.,A health insurance policy briefing.,Speaker: Good morning class. Today we will explore conflict resolution in corporate teams. Establishing clear communication channels and setting neutral boundaries early helps prevent personal bias from derailing collaborative milestones. This study will serve as our primary benchmark for corporate productivity.,What is the primary subject of the talk?,Pertanyaan mengenai gagasan utama kuliah akademik. Pembicara menyatakan bahwa pembahasan hari ini berpusat pada analisis conflict resolution in corporate teams.
665,Part C: Academic Talks,listening_simulation_385.mp3,B,To reduce employee salaries.,To set a new benchmark for corporate productivity.,To redecorate the executive lounge.,To audit the accounting software.,Speaker: Good morning class. Today we will explore conflict resolution in corporate teams. Establishing clear communication channels and setting neutral boundaries early helps prevent personal bias from derailing collaborative milestones. This study will serve as our primary benchmark for corporate productivity.,What is the main goal of discussing this method?,Pertanyaan informasi spesifik. Pembicara menyebutkan bahwa tujuan studi ini adalah sebagai tolok ukur baru bagi produktivitas perusahaan.
666,Part C: Academic Talks,listening_simulation_386.mp3,A,A comprehensive analysis of conflict resolution in corporate teams.,An announcement about office vacation.,A historical overview of banking.,A health insurance policy briefing.,Speaker: Good morning class. Today we will explore conflict resolution in corporate teams. Establishing clear communication channels and setting neutral boundaries early helps prevent personal bias from derailing collaborative milestones. This study will serve as our primary benchmark for corporate productivity.,What is the primary subject of the talk?,Pertanyaan mengenai gagasan utama kuliah akademik. Pembicara menyatakan bahwa pembahasan hari ini berpusat pada analisis conflict resolution in corporate teams.
667,Part C: Academic Talks,listening_simulation_386.mp3,B,To reduce employee salaries.,To set a new benchmark for corporate productivity.,To redecorate the executive lounge.,To audit the accounting software.,Speaker: Good morning class. Today we will explore conflict resolution in corporate teams. Establishing clear communication channels and setting neutral boundaries early helps prevent personal bias from derailing collaborative milestones. This study will serve as our primary benchmark for corporate productivity.,What is the main goal of discussing this method?,Pertanyaan informasi spesifik. Pembicara menyebutkan bahwa tujuan studi ini adalah sebagai tolok ukur baru bagi produktivitas perusahaan.
668,Part B: Long Conversation,listening_simulation_387.mp3,A,She is having a terrible misunderstanding with the logistics team.,She forgot to attend the lunch meeting.,She lost the printed memo.,She wants to change teams.,"Man: Hi Jane, did you get the memo about the client's presentation slides? 
Woman: Yes, but I am having a terrible misunderstanding with the logistics team. 
Man: Don't worry. Let's grab lunch and we can take a fifteen-minute walk to clear your mind together.",What is the woman's main concern?,Pertanyaan mengenai permasalahan utama pembicara wanita. Wanita mengeluh bahwa ia sedang mengalami kendala yaitu having a terrible misunderstanding with the logistics team.
669,Part B: Long Conversation,listening_simulation_387.mp3,B,Cancel the project entirely.,Eat lunch and take a fifteen-minute walk to clear your mind.,Call the department head.,Buy a new digital manual.,"Man: Hi Jane, did you get the memo about the client's presentation slides? 
Woman: Yes, but I am having a terrible misunderstanding with the logistics team. 
Man: Don't worry. Let's grab lunch and we can take a fifteen-minute walk to clear your mind together.",What do the speakers plan to do?,Pertanyaan mengenai rencana tindakan. Pria mengajak wanita untuk makan siang bersama sambil melakukan penyelesaian yaitu take a fifteen-minute walk to clear your mind.
670,Part C: Academic Talks,listening_simulation_388.mp3,A,A comprehensive analysis of conflict resolution in corporate teams.,An announcement about office vacation.,A historical overview of banking.,A health insurance policy briefing.,Speaker: Good morning class. Today we will explore conflict resolution in corporate teams. Establishing clear communication channels and setting neutral boundaries early helps prevent personal bias from derailing collaborative milestones. This study will serve as our primary benchmark for corporate productivity.,What is the primary subject of the talk?,Pertanyaan mengenai gagasan utama kuliah akademik. Pembicara menyatakan bahwa pembahasan hari ini berpusat pada analisis conflict resolution in corporate teams.
671,Part C: Academic Talks,listening_simulation_388.mp3,B,To reduce employee salaries.,To set a new benchmark for corporate productivity.,To redecorate the executive lounge.,To audit the accounting software.,Speaker: Good morning class. Today we will explore conflict resolution in corporate teams. Establishing clear communication channels and setting neutral boundaries early helps prevent personal bias from derailing collaborative milestones. This study will serve as our primary benchmark for corporate productivity.,What is the main goal of discussing this method?,Pertanyaan informasi spesifik. Pembicara menyebutkan bahwa tujuan studi ini adalah sebagai tolok ukur baru bagi produktivitas perusahaan.
672,Part B: Long Conversation,listening_simulation_389.mp3,A,She is unable to back up the data before the computer crashed.,She forgot to attend the lunch meeting.,She lost the printed memo.,She wants to change teams.,"Man: Hi Jane, did you get the memo about the customer feedback compilation? 
Woman: Yes, but I am unable to back up the data before the computer crashed. 
Man: Don't worry. Let's grab lunch and we can delegate the administrative tasks to the assistant together.",What is the woman's main concern?,Pertanyaan mengenai permasalahan utama pembicara wanita. Wanita mengeluh bahwa ia sedang mengalami kendala yaitu unable to back up the data before the computer crashed.
673,Part B: Long Conversation,listening_simulation_389.mp3,B,Cancel the project entirely.,Eat lunch and delegate the administrative tasks to the assistant.,Call the department head.,Buy a new digital manual.,"Man: Hi Jane, did you get the memo about the customer feedback compilation? 
Woman: Yes, but I am unable to back up the data before the computer crashed. 
Man: Don't worry. Let's grab lunch and we can delegate the administrative tasks to the assistant together.",What do the speakers plan to do?,Pertanyaan mengenai rencana tindakan. Pria mengajak wanita untuk makan siang bersama sambil melakukan penyelesaian yaitu delegate the administrative tasks to the assistant.
674,Part C: Academic Talks,listening_simulation_390.mp3,A,A comprehensive analysis of the psychology of consumer choice.,An announcement about office vacation.,A historical overview of banking.,A health insurance policy briefing.,"Speaker: Good morning class. Today we will explore the psychology of consumer choice. Limiting the number of options on a retail display reduces decision fatigue, which paradoxically increases the final conversion rate by thirty percent. This study will serve as our primary benchmark for corporate productivity.",What is the primary subject of the talk?,Pertanyaan mengenai gagasan utama kuliah akademik. Pembicara menyatakan bahwa pembahasan hari ini berpusat pada analisis the psychology of consumer choice.
675,Part C: Academic Talks,listening_simulation_390.mp3,B,To reduce employee salaries.,To set a new benchmark for corporate productivity.,To redecorate the executive lounge.,To audit the accounting software.,"Speaker: Good morning class. Today we will explore the psychology of consumer choice. Limiting the number of options on a retail display reduces decision fatigue, which paradoxically increases the final conversion rate by thirty percent. This study will serve as our primary benchmark for corporate productivity.",What is the main goal of discussing this method?,Pertanyaan informasi spesifik. Pembicara menyebutkan bahwa tujuan studi ini adalah sebagai tolok ukur baru bagi produktivitas perusahaan.
676,Part B: Long Conversation,listening_simulation_391.mp3,A,She is unable to back up the data before the computer crashed.,She forgot to attend the lunch meeting.,She lost the printed memo.,She wants to change teams.,"Man: Hi Jane, did you get the memo about the customer feedback compilation? 
Woman: Yes, but I am unable to back up the data before the computer crashed. 
Man: Don't worry. Let's grab lunch and we can take a fifteen-minute walk to clear your mind together.",What is the woman's main concern?,Pertanyaan mengenai permasalahan utama pembicara wanita. Wanita mengeluh bahwa ia sedang mengalami kendala yaitu unable to back up the data before the computer crashed.
677,Part B: Long Conversation,listening_simulation_391.mp3,B,Cancel the project entirely.,Eat lunch and take a fifteen-minute walk to clear your mind.,Call the department head.,Buy a new digital manual.,"Man: Hi Jane, did you get the memo about the customer feedback compilation? 
Woman: Yes, but I am unable to back up the data before the computer crashed. 
Man: Don't worry. Let's grab lunch and we can take a fifteen-minute walk to clear your mind together.",What do the speakers plan to do?,Pertanyaan mengenai rencana tindakan. Pria mengajak wanita untuk makan siang bersama sambil melakukan penyelesaian yaitu take a fifteen-minute walk to clear your mind.
678,Part A (Suggestion),listening_simulation_392.mp3,A,Take immediate action to schedule an urgent one-on-one meeting with the director.,Ignore the supervisor and quit the current position.,Continue working despite being having a terrible misunderstanding with the logistics team.,Submit the report without reviewing the guidelines.,"Man: I am totally having a terrible misunderstanding with the logistics team. 
Woman: Why don't you schedule an urgent one-on-one meeting with the director before doing anything else? 
Narrator: What does the woman suggest the man do?",What does the woman suggest the man do?,Menguji struktur pemberian saran menggunakan pola 'Why don't you...'. Wanita menyarankan pria agar schedule an urgent one-on-one meeting with the director.
679,Part A (Suggestion),listening_simulation_393.mp3,A,Take immediate action to review the training video manual sent by the coordinator.,Ignore the supervisor and quit the current position.,Continue working despite being having a terrible misunderstanding with the logistics team.,Submit the report without reviewing the guidelines.,"Man: I am totally having a terrible misunderstanding with the logistics team. 
Woman: Why don't you review the training video manual sent by the coordinator before doing anything else? 
Narrator: What does the woman suggest the man do?",What does the woman suggest the man do?,Menguji struktur pemberian saran menggunakan pola 'Why don't you...'. Wanita menyarankan pria agar review the training video manual sent by the coordinator.
680,Part A (Suggestion),listening_simulation_394.mp3,A,Take immediate action to schedule an urgent one-on-one meeting with the director.,Ignore the supervisor and quit the current position.,Continue working despite being drowning under the immense workload this week.,Submit the report without reviewing the guidelines.,"Man: I am totally drowning under the immense workload this week. 
Woman: Why don't you schedule an urgent one-on-one meeting with the director before doing anything else? 
Narrator: What does the woman suggest the man do?",What does the woman suggest the man do?,Menguji struktur pemberian saran menggunakan pola 'Why don't you...'. Wanita menyarankan pria agar schedule an urgent one-on-one meeting with the director.
681,Part B: Long Conversation,listening_simulation_395.mp3,A,She is unable to back up the data before the computer crashed.,She forgot to attend the lunch meeting.,She lost the printed memo.,She wants to change teams.,"Man: Hi Jane, did you get the memo about the annual tax report? 
Woman: Yes, but I am unable to back up the data before the computer crashed. 
Man: Don't worry. Let's grab lunch and we can review the training video manual sent by the coordinator together.",What is the woman's main concern?,Pertanyaan mengenai permasalahan utama pembicara wanita. Wanita mengeluh bahwa ia sedang mengalami kendala yaitu unable to back up the data before the computer crashed.
682,Part B: Long Conversation,listening_simulation_395.mp3,B,Cancel the project entirely.,Eat lunch and review the training video manual sent by the coordinator.,Call the department head.,Buy a new digital manual.,"Man: Hi Jane, did you get the memo about the annual tax report? 
Woman: Yes, but I am unable to back up the data before the computer crashed. 
Man: Don't worry. Let's grab lunch and we can review the training video manual sent by the coordinator together.",What do the speakers plan to do?,Pertanyaan mengenai rencana tindakan. Pria mengajak wanita untuk makan siang bersama sambil melakukan penyelesaian yaitu review the training video manual sent by the coordinator.
683,Part B: Long Conversation,listening_simulation_396.mp3,A,She is having a terrible misunderstanding with the logistics team.,She forgot to attend the lunch meeting.,She lost the printed memo.,She wants to change teams.,"Man: Hi Jane, did you get the memo about the quarterly inventory log? 
Woman: Yes, but I am having a terrible misunderstanding with the logistics team. 
Man: Don't worry. Let's grab lunch and we can request a temporary extension from the management together.",What is the woman's main concern?,Pertanyaan mengenai permasalahan utama pembicara wanita. Wanita mengeluh bahwa ia sedang mengalami kendala yaitu having a terrible misunderstanding with the logistics team.
684,Part B: Long Conversation,listening_simulation_396.mp3,B,Cancel the project entirely.,Eat lunch and request a temporary extension from the management.,Call the department head.,Buy a new digital manual.,"Man: Hi Jane, did you get the memo about the quarterly inventory log? 
Woman: Yes, but I am having a terrible misunderstanding with the logistics team. 
Man: Don't worry. Let's grab lunch and we can request a temporary extension from the management together.",What do the speakers plan to do?,Pertanyaan mengenai rencana tindakan. Pria mengajak wanita untuk makan siang bersama sambil melakukan penyelesaian yaitu request a temporary extension from the management.
685,Part A (Idiom),listening_simulation_397.mp3,B,The man is sitting on the office boundary fence.,The man is undecided and needs to make a firm choice.,The man already completed the assigned spreadsheet.,The man wants to complain to the supervisor.,"Man: I am honestly still on the fence about finalizing the client's presentation slides. 
Woman: You need to make up your mind quickly, or the department head will be very disappointed. 
Narrator: What does the woman imply about the man?",What does the woman imply about the man?,Menguji idiom 'on the fence' (ragu-ragu) dan 'make up your mind' (mengambil keputusan). Pilihan B benar karena merefrasa makna idiom tersebut secara akurat.
686,Part C: Academic Talks,listening_simulation_398.mp3,A,A comprehensive analysis of conflict resolution in corporate teams.,An announcement about office vacation.,A historical overview of banking.,A health insurance policy briefing.,Speaker: Good morning class. Today we will explore conflict resolution in corporate teams. Establishing clear communication channels and setting neutral boundaries early helps prevent personal bias from derailing collaborative milestones. This study will serve as our primary benchmark for corporate productivity.,What is the primary subject of the talk?,Pertanyaan mengenai gagasan utama kuliah akademik. Pembicara menyatakan bahwa pembahasan hari ini berpusat pada analisis conflict resolution in corporate teams.
687,Part C: Academic Talks,listening_simulation_398.mp3,B,To reduce employee salaries.,To set a new benchmark for corporate productivity.,To redecorate the executive lounge.,To audit the accounting software.,Speaker: Good morning class. Today we will explore conflict resolution in corporate teams. Establishing clear communication channels and setting neutral boundaries early helps prevent personal bias from derailing collaborative milestones. This study will serve as our primary benchmark for corporate productivity.,What is the main goal of discussing this method?,Pertanyaan informasi spesifik. Pembicara menyebutkan bahwa tujuan studi ini adalah sebagai tolok ukur baru bagi produktivitas perusahaan.
688,Part C: Academic Talks,listening_simulation_399.mp3,A,A comprehensive analysis of conflict resolution in corporate teams.,An announcement about office vacation.,A historical overview of banking.,A health insurance policy briefing.,Speaker: Good morning class. Today we will explore conflict resolution in corporate teams. Establishing clear communication channels and setting neutral boundaries early helps prevent personal bias from derailing collaborative milestones. This study will serve as our primary benchmark for corporate productivity.,What is the primary subject of the talk?,Pertanyaan mengenai gagasan utama kuliah akademik. Pembicara menyatakan bahwa pembahasan hari ini berpusat pada analisis conflict resolution in corporate teams.
689,Part C: Academic Talks,listening_simulation_399.mp3,B,To reduce employee salaries.,To set a new benchmark for corporate productivity.,To redecorate the executive lounge.,To audit the accounting software.,Speaker: Good morning class. Today we will explore conflict resolution in corporate teams. Establishing clear communication channels and setting neutral boundaries early helps prevent personal bias from derailing collaborative milestones. This study will serve as our primary benchmark for corporate productivity.,What is the main goal of discussing this method?,Pertanyaan informasi spesifik. Pembicara menyebutkan bahwa tujuan studi ini adalah sebagai tolok ukur baru bagi produktivitas perusahaan.
690,Part C: Academic Talks,listening_simulation_400.mp3,A,A comprehensive analysis of sustainable workplace design.,An announcement about office vacation.,A historical overview of banking.,A health insurance policy briefing.,"Speaker: Good morning class. Today we will explore sustainable workplace design. By introducing natural lighting and ergonomic furniture, companies report a twenty percent decrease in employee absenteeism and a massive boost in daily focus. This study will serve as our primary benchmark for corporate productivity.",What is the primary subject of the talk?,Pertanyaan mengenai gagasan utama kuliah akademik. Pembicara menyatakan bahwa pembahasan hari ini berpusat pada analisis sustainable workplace design.
691,Part C: Academic Talks,listening_simulation_400.mp3,B,To reduce employee salaries.,To set a new benchmark for corporate productivity.,To redecorate the executive lounge.,To audit the accounting software.,"Speaker: Good morning class. Today we will explore sustainable workplace design. By introducing natural lighting and ergonomic furniture, companies report a twenty percent decrease in employee absenteeism and a massive boost in daily focus. This study will serve as our primary benchmark for corporate productivity.",What is the main goal of discussing this method?,Pertanyaan informasi spesifik. Pembicara menyebutkan bahwa tujuan studi ini adalah sebagai tolok ukur baru bagi produktivitas perusahaan.
692,Part A (Agreement),listening_simulation_401.mp3,B,She wants the man to repeat his statement about the timeline.,She completely agrees that the workload schedule is too demanding.,She thinks the project has already been canceled.,She prefers to work late at night rather than early morning.,"Man: The timeline to finish the annual tax report is absurdly tight. 
Woman: You can say that again! I've been working non-stop since dawn. 
Narrator: What does the woman mean?",What does the woman mean?,Menguji ekspresi persetujuan (Agreement) 'You can say that again!' yang berarti pembicara kedua sangat setuju dengan pendapat pembicara pertama.
693,Part A (Suggestion),listening_simulation_402.mp3,A,Take immediate action to delegate the administrative tasks to the assistant.,Ignore the supervisor and quit the current position.,Continue working despite being drowning under the immense workload this week.,Submit the report without reviewing the guidelines.,"Man: I am totally drowning under the immense workload this week. 
Woman: Why don't you delegate the administrative tasks to the assistant before doing anything else? 
Narrator: What does the woman suggest the man do?",What does the woman suggest the man do?,Menguji struktur pemberian saran menggunakan pola 'Why don't you...'. Wanita menyarankan pria agar delegate the administrative tasks to the assistant.
694,Part A (Suggestion),listening_simulation_403.mp3,A,Take immediate action to delegate the administrative tasks to the assistant.,Ignore the supervisor and quit the current position.,Continue working despite being drowning under the immense workload this week.,Submit the report without reviewing the guidelines.,"Man: I am totally drowning under the immense workload this week. 
Woman: Why don't you delegate the administrative tasks to the assistant before doing anything else? 
Narrator: What does the woman suggest the man do?",What does the woman suggest the man do?,Menguji struktur pemberian saran menggunakan pola 'Why don't you...'. Wanita menyarankan pria agar delegate the administrative tasks to the assistant.
695,Part A (Agreement),listening_simulation_404.mp3,B,She wants the man to repeat his statement about the timeline.,She completely agrees that the workload schedule is too demanding.,She thinks the project has already been canceled.,She prefers to work late at night rather than early morning.,"Man: The timeline to finish the office relocation plan is absurdly tight. 
Woman: You can say that again! I've been working non-stop since dawn. 
Narrator: What does the woman mean?",What does the woman mean?,Menguji ekspresi persetujuan (Agreement) 'You can say that again!' yang berarti pembicara kedua sangat setuju dengan pendapat pembicara pertama.
696,Part A (Idiom),listening_simulation_405.mp3,B,The man is sitting on the office boundary fence.,The man is undecided and needs to make a firm choice.,The man already completed the assigned spreadsheet.,The man wants to complain to the supervisor.,"Man: I am honestly still on the fence about finalizing the recruitment interview schedule. 
Woman: You need to make up your mind quickly, or the HR director will be very disappointed. 
Narrator: What does the woman imply about the man?",What does the woman imply about the man?,Menguji idiom 'on the fence' (ragu-ragu) dan 'make up your mind' (mengambil keputusan). Pilihan B benar karena merefrasa makna idiom tersebut secara akurat.
697,Part B: Long Conversation,listening_simulation_406.mp3,A,She is completely lost and confused about the guidelines.,She forgot to attend the lunch meeting.,She lost the printed memo.,She wants to change teams.,"Man: Hi Jane, did you get the memo about the office relocation plan? 
Woman: Yes, but I am completely lost and confused about the guidelines. 
Man: Don't worry. Let's grab lunch and we can delegate the administrative tasks to the assistant together.",What is the woman's main concern?,Pertanyaan mengenai permasalahan utama pembicara wanita. Wanita mengeluh bahwa ia sedang mengalami kendala yaitu completely lost and confused about the guidelines.
698,Part B: Long Conversation,listening_simulation_406.mp3,B,Cancel the project entirely.,Eat lunch and delegate the administrative tasks to the assistant.,Call the department head.,Buy a new digital manual.,"Man: Hi Jane, did you get the memo about the office relocation plan? 
Woman: Yes, but I am completely lost and confused about the guidelines. 
Man: Don't worry. Let's grab lunch and we can delegate the administrative tasks to the assistant together.",What do the speakers plan to do?,Pertanyaan mengenai rencana tindakan. Pria mengajak wanita untuk makan siang bersama sambil melakukan penyelesaian yaitu delegate the administrative tasks to the assistant.
699,Part B: Long Conversation,listening_simulation_407.mp3,A,She is having a terrible misunderstanding with the logistics team.,She forgot to attend the lunch meeting.,She lost the printed memo.,She wants to change teams.,"Man: Hi Jane, did you get the memo about the social media campaign draft? 
Woman: Yes, but I am having a terrible misunderstanding with the logistics team. 
Man: Don't worry. Let's grab lunch and we can request a temporary extension from the management together.",What is the woman's main concern?,Pertanyaan mengenai permasalahan utama pembicara wanita. Wanita mengeluh bahwa ia sedang mengalami kendala yaitu having a terrible misunderstanding with the logistics team.
700,Part B: Long Conversation,listening_simulation_407.mp3,B,Cancel the project entirely.,Eat lunch and request a temporary extension from the management.,Call the department head.,Buy a new digital manual.,"Man: Hi Jane, did you get the memo about the social media campaign draft? 
Woman: Yes, but I am having a terrible misunderstanding with the logistics team. 
Man: Don't worry. Let's grab lunch and we can request a temporary extension from the management together.",What do the speakers plan to do?,Pertanyaan mengenai rencana tindakan. Pria mengajak wanita untuk makan siang bersama sambil melakukan penyelesaian yaitu request a temporary extension from the management.
701,Part C: Academic Talks,listening_simulation_408.mp3,A,A comprehensive analysis of conflict resolution in corporate teams.,An announcement about office vacation.,A historical overview of banking.,A health insurance policy briefing.,Speaker: Good morning class. Today we will explore conflict resolution in corporate teams. Establishing clear communication channels and setting neutral boundaries early helps prevent personal bias from derailing collaborative milestones. This study will serve as our primary benchmark for corporate productivity.,What is the primary subject of the talk?,Pertanyaan mengenai gagasan utama kuliah akademik. Pembicara menyatakan bahwa pembahasan hari ini berpusat pada analisis conflict resolution in corporate teams.
702,Part C: Academic Talks,listening_simulation_408.mp3,B,To reduce employee salaries.,To set a new benchmark for corporate productivity.,To redecorate the executive lounge.,To audit the accounting software.,Speaker: Good morning class. Today we will explore conflict resolution in corporate teams. Establishing clear communication channels and setting neutral boundaries early helps prevent personal bias from derailing collaborative milestones. This study will serve as our primary benchmark for corporate productivity.,What is the main goal of discussing this method?,Pertanyaan informasi spesifik. Pembicara menyebutkan bahwa tujuan studi ini adalah sebagai tolok ukur baru bagi produktivitas perusahaan.
703,Part C: Academic Talks,listening_simulation_409.mp3,A,A comprehensive analysis of sustainable workplace design.,An announcement about office vacation.,A historical overview of banking.,A health insurance policy briefing.,"Speaker: Good morning class. Today we will explore sustainable workplace design. By introducing natural lighting and ergonomic furniture, companies report a twenty percent decrease in employee absenteeism and a massive boost in daily focus. This study will serve as our primary benchmark for corporate productivity.",What is the primary subject of the talk?,Pertanyaan mengenai gagasan utama kuliah akademik. Pembicara menyatakan bahwa pembahasan hari ini berpusat pada analisis sustainable workplace design.
704,Part C: Academic Talks,listening_simulation_409.mp3,B,To reduce employee salaries.,To set a new benchmark for corporate productivity.,To redecorate the executive lounge.,To audit the accounting software.,"Speaker: Good morning class. Today we will explore sustainable workplace design. By introducing natural lighting and ergonomic furniture, companies report a twenty percent decrease in employee absenteeism and a massive boost in daily focus. This study will serve as our primary benchmark for corporate productivity.",What is the main goal of discussing this method?,Pertanyaan informasi spesifik. Pembicara menyebutkan bahwa tujuan studi ini adalah sebagai tolok ukur baru bagi produktivitas perusahaan.
705,Part A (Idiom),listening_simulation_410.mp3,B,The man is sitting on the office boundary fence.,The man is undecided and needs to make a firm choice.,The man already completed the assigned spreadsheet.,The man wants to complain to the supervisor.,"Man: I am honestly still on the fence about finalizing the quarterly budget spreadsheet. 
Woman: You need to make up your mind quickly, or the supervisor will be very disappointed. 
Narrator: What does the woman imply about the man?",What does the woman imply about the man?,Menguji idiom 'on the fence' (ragu-ragu) dan 'make up your mind' (mengambil keputusan). Pilihan B benar karena merefrasa makna idiom tersebut secara akurat.
706,Part C: Academic Talks,listening_simulation_411.mp3,A,A comprehensive analysis of the impact of artificial intelligence on logistics.,An announcement about office vacation.,A historical overview of banking.,A health insurance policy briefing.,Speaker: Good morning class. Today we will explore the impact of artificial intelligence on logistics. Using predictive algorithms for warehouse supply chains reduces overhead storage costs by roughly fifteen percent globally. This study will serve as our primary benchmark for corporate productivity.,What is the primary subject of the talk?,Pertanyaan mengenai gagasan utama kuliah akademik. Pembicara menyatakan bahwa pembahasan hari ini berpusat pada analisis the impact of artificial intelligence on logistics.
707,Part C: Academic Talks,listening_simulation_411.mp3,B,To reduce employee salaries.,To set a new benchmark for corporate productivity.,To redecorate the executive lounge.,To audit the accounting software.,Speaker: Good morning class. Today we will explore the impact of artificial intelligence on logistics. Using predictive algorithms for warehouse supply chains reduces overhead storage costs by roughly fifteen percent globally. This study will serve as our primary benchmark for corporate productivity.,What is the main goal of discussing this method?,Pertanyaan informasi spesifik. Pembicara menyebutkan bahwa tujuan studi ini adalah sebagai tolok ukur baru bagi produktivitas perusahaan.
708,Part A (Idiom),listening_simulation_412.mp3,B,The man is sitting on the office boundary fence.,The man is undecided and needs to make a firm choice.,The man already completed the assigned spreadsheet.,The man wants to complain to the supervisor.,"Man: I am honestly still on the fence about finalizing the customer feedback compilation. 
Woman: You need to make up your mind quickly, or the financial auditor will be very disappointed. 
Narrator: What does the woman imply about the man?",What does the woman imply about the man?,Menguji idiom 'on the fence' (ragu-ragu) dan 'make up your mind' (mengambil keputusan). Pilihan B benar karena merefrasa makna idiom tersebut secara akurat.
709,Part C: Academic Talks,listening_simulation_413.mp3,A,A comprehensive analysis of the psychology of consumer choice.,An announcement about office vacation.,A historical overview of banking.,A health insurance policy briefing.,"Speaker: Good morning class. Today we will explore the psychology of consumer choice. Limiting the number of options on a retail display reduces decision fatigue, which paradoxically increases the final conversion rate by thirty percent. This study will serve as our primary benchmark for corporate productivity.",What is the primary subject of the talk?,Pertanyaan mengenai gagasan utama kuliah akademik. Pembicara menyatakan bahwa pembahasan hari ini berpusat pada analisis the psychology of consumer choice.
710,Part C: Academic Talks,listening_simulation_413.mp3,B,To reduce employee salaries.,To set a new benchmark for corporate productivity.,To redecorate the executive lounge.,To audit the accounting software.,"Speaker: Good morning class. Today we will explore the psychology of consumer choice. Limiting the number of options on a retail display reduces decision fatigue, which paradoxically increases the final conversion rate by thirty percent. This study will serve as our primary benchmark for corporate productivity.",What is the main goal of discussing this method?,Pertanyaan informasi spesifik. Pembicara menyebutkan bahwa tujuan studi ini adalah sebagai tolok ukur baru bagi produktivitas perusahaan.
711,Part B: Long Conversation,listening_simulation_414.mp3,A,She is completely lost and confused about the guidelines.,She forgot to attend the lunch meeting.,She lost the printed memo.,She wants to change teams.,"Man: Hi Jane, did you get the memo about the recruitment interview schedule? 
Woman: Yes, but I am completely lost and confused about the guidelines. 
Man: Don't worry. Let's grab lunch and we can review the training video manual sent by the coordinator together.",What is the woman's main concern?,Pertanyaan mengenai permasalahan utama pembicara wanita. Wanita mengeluh bahwa ia sedang mengalami kendala yaitu completely lost and confused about the guidelines.
712,Part B: Long Conversation,listening_simulation_414.mp3,B,Cancel the project entirely.,Eat lunch and review the training video manual sent by the coordinator.,Call the department head.,Buy a new digital manual.,"Man: Hi Jane, did you get the memo about the recruitment interview schedule? 
Woman: Yes, but I am completely lost and confused about the guidelines. 
Man: Don't worry. Let's grab lunch and we can review the training video manual sent by the coordinator together.",What do the speakers plan to do?,Pertanyaan mengenai rencana tindakan. Pria mengajak wanita untuk makan siang bersama sambil melakukan penyelesaian yaitu review the training video manual sent by the coordinator.
713,Part A (Suggestion),listening_simulation_415.mp3,A,Take immediate action to schedule an urgent one-on-one meeting with the director.,Ignore the supervisor and quit the current position.,Continue working despite being completely lost and confused about the guidelines.,Submit the report without reviewing the guidelines.,"Man: I am totally completely lost and confused about the guidelines. 
Woman: Why don't you schedule an urgent one-on-one meeting with the director before doing anything else? 
Narrator: What does the woman suggest the man do?",What does the woman suggest the man do?,Menguji struktur pemberian saran menggunakan pola 'Why don't you...'. Wanita menyarankan pria agar schedule an urgent one-on-one meeting with the director.
714,Part B: Long Conversation,listening_simulation_416.mp3,A,She is unable to back up the data before the computer crashed.,She forgot to attend the lunch meeting.,She lost the printed memo.,She wants to change teams.,"Man: Hi Jane, did you get the memo about the social media campaign draft? 
Woman: Yes, but I am unable to back up the data before the computer crashed. 
Man: Don't worry. Let's grab lunch and we can schedule an urgent one-on-one meeting with the director together.",What is the woman's main concern?,Pertanyaan mengenai permasalahan utama pembicara wanita. Wanita mengeluh bahwa ia sedang mengalami kendala yaitu unable to back up the data before the computer crashed.
715,Part B: Long Conversation,listening_simulation_416.mp3,B,Cancel the project entirely.,Eat lunch and schedule an urgent one-on-one meeting with the director.,Call the department head.,Buy a new digital manual.,"Man: Hi Jane, did you get the memo about the social media campaign draft? 
Woman: Yes, but I am unable to back up the data before the computer crashed. 
Man: Don't worry. Let's grab lunch and we can schedule an urgent one-on-one meeting with the director together.",What do the speakers plan to do?,Pertanyaan mengenai rencana tindakan. Pria mengajak wanita untuk makan siang bersama sambil melakukan penyelesaian yaitu schedule an urgent one-on-one meeting with the director.
716,Part C: Academic Talks,listening_simulation_417.mp3,A,A comprehensive analysis of sustainable workplace design.,An announcement about office vacation.,A historical overview of banking.,A health insurance policy briefing.,"Speaker: Good morning class. Today we will explore sustainable workplace design. By introducing natural lighting and ergonomic furniture, companies report a twenty percent decrease in employee absenteeism and a massive boost in daily focus. This study will serve as our primary benchmark for corporate productivity.",What is the primary subject of the talk?,Pertanyaan mengenai gagasan utama kuliah akademik. Pembicara menyatakan bahwa pembahasan hari ini berpusat pada analisis sustainable workplace design.
717,Part C: Academic Talks,listening_simulation_417.mp3,B,To reduce employee salaries.,To set a new benchmark for corporate productivity.,To redecorate the executive lounge.,To audit the accounting software.,"Speaker: Good morning class. Today we will explore sustainable workplace design. By introducing natural lighting and ergonomic furniture, companies report a twenty percent decrease in employee absenteeism and a massive boost in daily focus. This study will serve as our primary benchmark for corporate productivity.",What is the main goal of discussing this method?,Pertanyaan informasi spesifik. Pembicara menyebutkan bahwa tujuan studi ini adalah sebagai tolok ukur baru bagi produktivitas perusahaan.
718,Part C: Academic Talks,listening_simulation_418.mp3,A,A comprehensive analysis of sustainable workplace design.,An announcement about office vacation.,A historical overview of banking.,A health insurance policy briefing.,"Speaker: Good morning class. Today we will explore sustainable workplace design. By introducing natural lighting and ergonomic furniture, companies report a twenty percent decrease in employee absenteeism and a massive boost in daily focus. This study will serve as our primary benchmark for corporate productivity.",What is the primary subject of the talk?,Pertanyaan mengenai gagasan utama kuliah akademik. Pembicara menyatakan bahwa pembahasan hari ini berpusat pada analisis sustainable workplace design.
719,Part C: Academic Talks,listening_simulation_418.mp3,B,To reduce employee salaries.,To set a new benchmark for corporate productivity.,To redecorate the executive lounge.,To audit the accounting software.,"Speaker: Good morning class. Today we will explore sustainable workplace design. By introducing natural lighting and ergonomic furniture, companies report a twenty percent decrease in employee absenteeism and a massive boost in daily focus. This study will serve as our primary benchmark for corporate productivity.",What is the main goal of discussing this method?,Pertanyaan informasi spesifik. Pembicara menyebutkan bahwa tujuan studi ini adalah sebagai tolok ukur baru bagi produktivitas perusahaan.
720,Part B: Long Conversation,listening_simulation_419.mp3,A,She is struggling to meet the tight deadline set by the executive board.,She forgot to attend the lunch meeting.,She lost the printed memo.,She wants to change teams.,"Man: Hi Jane, did you get the memo about the quarterly inventory log? 
Woman: Yes, but I am struggling to meet the tight deadline set by the executive board. 
Man: Don't worry. Let's grab lunch and we can request a temporary extension from the management together.",What is the woman's main concern?,Pertanyaan mengenai permasalahan utama pembicara wanita. Wanita mengeluh bahwa ia sedang mengalami kendala yaitu struggling to meet the tight deadline set by the executive board.
721,Part B: Long Conversation,listening_simulation_419.mp3,B,Cancel the project entirely.,Eat lunch and request a temporary extension from the management.,Call the department head.,Buy a new digital manual.,"Man: Hi Jane, did you get the memo about the quarterly inventory log? 
Woman: Yes, but I am struggling to meet the tight deadline set by the executive board. 
Man: Don't worry. Let's grab lunch and we can request a temporary extension from the management together.",What do the speakers plan to do?,Pertanyaan mengenai rencana tindakan. Pria mengajak wanita untuk makan siang bersama sambil melakukan penyelesaian yaitu request a temporary extension from the management.
722,Part B: Long Conversation,listening_simulation_420.mp3,A,She is completely lost and confused about the guidelines.,She forgot to attend the lunch meeting.,She lost the printed memo.,She wants to change teams.,"Man: Hi Jane, did you get the memo about the office relocation plan? 
Woman: Yes, but I am completely lost and confused about the guidelines. 
Man: Don't worry. Let's grab lunch and we can review the training video manual sent by the coordinator together.",What is the woman's main concern?,Pertanyaan mengenai permasalahan utama pembicara wanita. Wanita mengeluh bahwa ia sedang mengalami kendala yaitu completely lost and confused about the guidelines.
723,Part B: Long Conversation,listening_simulation_420.mp3,B,Cancel the project entirely.,Eat lunch and review the training video manual sent by the coordinator.,Call the department head.,Buy a new digital manual.,"Man: Hi Jane, did you get the memo about the office relocation plan? 
Woman: Yes, but I am completely lost and confused about the guidelines. 
Man: Don't worry. Let's grab lunch and we can review the training video manual sent by the coordinator together.",What do the speakers plan to do?,Pertanyaan mengenai rencana tindakan. Pria mengajak wanita untuk makan siang bersama sambil melakukan penyelesaian yaitu review the training video manual sent by the coordinator.
724,Part A (Suggestion),listening_simulation_421.mp3,A,Take immediate action to delegate the administrative tasks to the assistant.,Ignore the supervisor and quit the current position.,Continue working despite being having a terrible misunderstanding with the logistics team.,Submit the report without reviewing the guidelines.,"Man: I am totally having a terrible misunderstanding with the logistics team. 
Woman: Why don't you delegate the administrative tasks to the assistant before doing anything else? 
Narrator: What does the woman suggest the man do?",What does the woman suggest the man do?,Menguji struktur pemberian saran menggunakan pola 'Why don't you...'. Wanita menyarankan pria agar delegate the administrative tasks to the assistant.
725,Part A (Agreement),listening_simulation_422.mp3,B,She wants the man to repeat his statement about the timeline.,She completely agrees that the workload schedule is too demanding.,She thinks the project has already been canceled.,She prefers to work late at night rather than early morning.,"Man: The timeline to finish the recruitment interview schedule is absurdly tight. 
Woman: You can say that again! I've been working non-stop since dawn. 
Narrator: What does the woman mean?",What does the woman mean?,Menguji ekspresi persetujuan (Agreement) 'You can say that again!' yang berarti pembicara kedua sangat setuju dengan pendapat pembicara pertama.
726,Part C: Academic Talks,listening_simulation_423.mp3,A,A comprehensive analysis of conflict resolution in corporate teams.,An announcement about office vacation.,A historical overview of banking.,A health insurance policy briefing.,Speaker: Good morning class. Today we will explore conflict resolution in corporate teams. Establishing clear communication channels and setting neutral boundaries early helps prevent personal bias from derailing collaborative milestones. This study will serve as our primary benchmark for corporate productivity.,What is the primary subject of the talk?,Pertanyaan mengenai gagasan utama kuliah akademik. Pembicara menyatakan bahwa pembahasan hari ini berpusat pada analisis conflict resolution in corporate teams.
727,Part C: Academic Talks,listening_simulation_423.mp3,B,To reduce employee salaries.,To set a new benchmark for corporate productivity.,To redecorate the executive lounge.,To audit the accounting software.,Speaker: Good morning class. Today we will explore conflict resolution in corporate teams. Establishing clear communication channels and setting neutral boundaries early helps prevent personal bias from derailing collaborative milestones. This study will serve as our primary benchmark for corporate productivity.,What is the main goal of discussing this method?,Pertanyaan informasi spesifik. Pembicara menyebutkan bahwa tujuan studi ini adalah sebagai tolok ukur baru bagi produktivitas perusahaan.
728,Part C: Academic Talks,listening_simulation_424.mp3,A,A comprehensive analysis of conflict resolution in corporate teams.,An announcement about office vacation.,A historical overview of banking.,A health insurance policy briefing.,Speaker: Good morning class. Today we will explore conflict resolution in corporate teams. Establishing clear communication channels and setting neutral boundaries early helps prevent personal bias from derailing collaborative milestones. This study will serve as our primary benchmark for corporate productivity.,What is the primary subject of the talk?,Pertanyaan mengenai gagasan utama kuliah akademik. Pembicara menyatakan bahwa pembahasan hari ini berpusat pada analisis conflict resolution in corporate teams.
729,Part C: Academic Talks,listening_simulation_424.mp3,B,To reduce employee salaries.,To set a new benchmark for corporate productivity.,To redecorate the executive lounge.,To audit the accounting software.,Speaker: Good morning class. Today we will explore conflict resolution in corporate teams. Establishing clear communication channels and setting neutral boundaries early helps prevent personal bias from derailing collaborative milestones. This study will serve as our primary benchmark for corporate productivity.,What is the main goal of discussing this method?,Pertanyaan informasi spesifik. Pembicara menyebutkan bahwa tujuan studi ini adalah sebagai tolok ukur baru bagi produktivitas perusahaan.
730,Part C: Academic Talks,listening_simulation_425.mp3,A,A comprehensive analysis of sustainable workplace design.,An announcement about office vacation.,A historical overview of banking.,A health insurance policy briefing.,"Speaker: Good morning class. Today we will explore sustainable workplace design. By introducing natural lighting and ergonomic furniture, companies report a twenty percent decrease in employee absenteeism and a massive boost in daily focus. This study will serve as our primary benchmark for corporate productivity.",What is the primary subject of the talk?,Pertanyaan mengenai gagasan utama kuliah akademik. Pembicara menyatakan bahwa pembahasan hari ini berpusat pada analisis sustainable workplace design.
731,Part C: Academic Talks,listening_simulation_425.mp3,B,To reduce employee salaries.,To set a new benchmark for corporate productivity.,To redecorate the executive lounge.,To audit the accounting software.,"Speaker: Good morning class. Today we will explore sustainable workplace design. By introducing natural lighting and ergonomic furniture, companies report a twenty percent decrease in employee absenteeism and a massive boost in daily focus. This study will serve as our primary benchmark for corporate productivity.",What is the main goal of discussing this method?,Pertanyaan informasi spesifik. Pembicara menyebutkan bahwa tujuan studi ini adalah sebagai tolok ukur baru bagi produktivitas perusahaan.
732,Part B: Long Conversation,listening_simulation_426.mp3,A,She is having a terrible misunderstanding with the logistics team.,She forgot to attend the lunch meeting.,She lost the printed memo.,She wants to change teams.,"Man: Hi Jane, did you get the memo about the recruitment interview schedule? 
Woman: Yes, but I am having a terrible misunderstanding with the logistics team. 
Man: Don't worry. Let's grab lunch and we can request a temporary extension from the management together.",What is the woman's main concern?,Pertanyaan mengenai permasalahan utama pembicara wanita. Wanita mengeluh bahwa ia sedang mengalami kendala yaitu having a terrible misunderstanding with the logistics team.
733,Part B: Long Conversation,listening_simulation_426.mp3,B,Cancel the project entirely.,Eat lunch and request a temporary extension from the management.,Call the department head.,Buy a new digital manual.,"Man: Hi Jane, did you get the memo about the recruitment interview schedule? 
Woman: Yes, but I am having a terrible misunderstanding with the logistics team. 
Man: Don't worry. Let's grab lunch and we can request a temporary extension from the management together.",What do the speakers plan to do?,Pertanyaan mengenai rencana tindakan. Pria mengajak wanita untuk makan siang bersama sambil melakukan penyelesaian yaitu request a temporary extension from the management.
734,Part A (Idiom),listening_simulation_427.mp3,B,The man is sitting on the office boundary fence.,The man is undecided and needs to make a firm choice.,The man already completed the assigned spreadsheet.,The man wants to complain to the supervisor.,"Man: I am honestly still on the fence about finalizing the quarterly budget spreadsheet. 
Woman: You need to make up your mind quickly, or the marketing coordinator will be very disappointed. 
Narrator: What does the woman imply about the man?",What does the woman imply about the man?,Menguji idiom 'on the fence' (ragu-ragu) dan 'make up your mind' (mengambil keputusan). Pilihan B benar karena merefrasa makna idiom tersebut secara akurat.
735,Part C: Academic Talks,listening_simulation_428.mp3,A,A comprehensive analysis of the psychology of consumer choice.,An announcement about office vacation.,A historical overview of banking.,A health insurance policy briefing.,"Speaker: Good morning class. Today we will explore the psychology of consumer choice. Limiting the number of options on a retail display reduces decision fatigue, which paradoxically increases the final conversion rate by thirty percent. This study will serve as our primary benchmark for corporate productivity.",What is the primary subject of the talk?,Pertanyaan mengenai gagasan utama kuliah akademik. Pembicara menyatakan bahwa pembahasan hari ini berpusat pada analisis the psychology of consumer choice.
736,Part C: Academic Talks,listening_simulation_428.mp3,B,To reduce employee salaries.,To set a new benchmark for corporate productivity.,To redecorate the executive lounge.,To audit the accounting software.,"Speaker: Good morning class. Today we will explore the psychology of consumer choice. Limiting the number of options on a retail display reduces decision fatigue, which paradoxically increases the final conversion rate by thirty percent. This study will serve as our primary benchmark for corporate productivity.",What is the main goal of discussing this method?,Pertanyaan informasi spesifik. Pembicara menyebutkan bahwa tujuan studi ini adalah sebagai tolok ukur baru bagi produktivitas perusahaan.
737,Part B: Long Conversation,listening_simulation_429.mp3,A,She is drowning under the immense workload this week.,She forgot to attend the lunch meeting.,She lost the printed memo.,She wants to change teams.,"Man: Hi Jane, did you get the memo about the recruitment interview schedule? 
Woman: Yes, but I am drowning under the immense workload this week. 
Man: Don't worry. Let's grab lunch and we can take a fifteen-minute walk to clear your mind together.",What is the woman's main concern?,Pertanyaan mengenai permasalahan utama pembicara wanita. Wanita mengeluh bahwa ia sedang mengalami kendala yaitu drowning under the immense workload this week.
738,Part B: Long Conversation,listening_simulation_429.mp3,B,Cancel the project entirely.,Eat lunch and take a fifteen-minute walk to clear your mind.,Call the department head.,Buy a new digital manual.,"Man: Hi Jane, did you get the memo about the recruitment interview schedule? 
Woman: Yes, but I am drowning under the immense workload this week. 
Man: Don't worry. Let's grab lunch and we can take a fifteen-minute walk to clear your mind together.",What do the speakers plan to do?,Pertanyaan mengenai rencana tindakan. Pria mengajak wanita untuk makan siang bersama sambil melakukan penyelesaian yaitu take a fifteen-minute walk to clear your mind.
739,Part A (Idiom),listening_simulation_430.mp3,B,The man is sitting on the office boundary fence.,The man is undecided and needs to make a firm choice.,The man already completed the assigned spreadsheet.,The man wants to complain to the supervisor.,"Man: I am honestly still on the fence about finalizing the annual tax report. 
Woman: You need to make up your mind quickly, or the marketing coordinator will be very disappointed. 
Narrator: What does the woman imply about the man?",What does the woman imply about the man?,Menguji idiom 'on the fence' (ragu-ragu) dan 'make up your mind' (mengambil keputusan). Pilihan B benar karena merefrasa makna idiom tersebut secara akurat.
740,Part C: Academic Talks,listening_simulation_431.mp3,A,A comprehensive analysis of sustainable workplace design.,An announcement about office vacation.,A historical overview of banking.,A health insurance policy briefing.,"Speaker: Good morning class. Today we will explore sustainable workplace design. By introducing natural lighting and ergonomic furniture, companies report a twenty percent decrease in employee absenteeism and a massive boost in daily focus. This study will serve as our primary benchmark for corporate productivity.",What is the primary subject of the talk?,Pertanyaan mengenai gagasan utama kuliah akademik. Pembicara menyatakan bahwa pembahasan hari ini berpusat pada analisis sustainable workplace design.
741,Part C: Academic Talks,listening_simulation_431.mp3,B,To reduce employee salaries.,To set a new benchmark for corporate productivity.,To redecorate the executive lounge.,To audit the accounting software.,"Speaker: Good morning class. Today we will explore sustainable workplace design. By introducing natural lighting and ergonomic furniture, companies report a twenty percent decrease in employee absenteeism and a massive boost in daily focus. This study will serve as our primary benchmark for corporate productivity.",What is the main goal of discussing this method?,Pertanyaan informasi spesifik. Pembicara menyebutkan bahwa tujuan studi ini adalah sebagai tolok ukur baru bagi produktivitas perusahaan.
742,Part B: Long Conversation,listening_simulation_432.mp3,A,She is drowning under the immense workload this week.,She forgot to attend the lunch meeting.,She lost the printed memo.,She wants to change teams.,"Man: Hi Jane, did you get the memo about the quarterly inventory log? 
Woman: Yes, but I am drowning under the immense workload this week. 
Man: Don't worry. Let's grab lunch and we can review the training video manual sent by the coordinator together.",What is the woman's main concern?,Pertanyaan mengenai permasalahan utama pembicara wanita. Wanita mengeluh bahwa ia sedang mengalami kendala yaitu drowning under the immense workload this week.
743,Part B: Long Conversation,listening_simulation_432.mp3,B,Cancel the project entirely.,Eat lunch and review the training video manual sent by the coordinator.,Call the department head.,Buy a new digital manual.,"Man: Hi Jane, did you get the memo about the quarterly inventory log? 
Woman: Yes, but I am drowning under the immense workload this week. 
Man: Don't worry. Let's grab lunch and we can review the training video manual sent by the coordinator together.",What do the speakers plan to do?,Pertanyaan mengenai rencana tindakan. Pria mengajak wanita untuk makan siang bersama sambil melakukan penyelesaian yaitu review the training video manual sent by the coordinator.
744,Part B: Long Conversation,listening_simulation_433.mp3,A,She is completely lost and confused about the guidelines.,She forgot to attend the lunch meeting.,She lost the printed memo.,She wants to change teams.,"Man: Hi Jane, did you get the memo about the quarterly inventory log? 
Woman: Yes, but I am completely lost and confused about the guidelines. 
Man: Don't worry. Let's grab lunch and we can schedule an urgent one-on-one meeting with the director together.",What is the woman's main concern?,Pertanyaan mengenai permasalahan utama pembicara wanita. Wanita mengeluh bahwa ia sedang mengalami kendala yaitu completely lost and confused about the guidelines.
745,Part B: Long Conversation,listening_simulation_433.mp3,B,Cancel the project entirely.,Eat lunch and schedule an urgent one-on-one meeting with the director.,Call the department head.,Buy a new digital manual.,"Man: Hi Jane, did you get the memo about the quarterly inventory log? 
Woman: Yes, but I am completely lost and confused about the guidelines. 
Man: Don't worry. Let's grab lunch and we can schedule an urgent one-on-one meeting with the director together.",What do the speakers plan to do?,Pertanyaan mengenai rencana tindakan. Pria mengajak wanita untuk makan siang bersama sambil melakukan penyelesaian yaitu schedule an urgent one-on-one meeting with the director.
746,Part B: Long Conversation,listening_simulation_434.mp3,A,She is unable to back up the data before the computer crashed.,She forgot to attend the lunch meeting.,She lost the printed memo.,She wants to change teams.,"Man: Hi Jane, did you get the memo about the annual tax report? 
Woman: Yes, but I am unable to back up the data before the computer crashed. 
Man: Don't worry. Let's grab lunch and we can take a fifteen-minute walk to clear your mind together.",What is the woman's main concern?,Pertanyaan mengenai permasalahan utama pembicara wanita. Wanita mengeluh bahwa ia sedang mengalami kendala yaitu unable to back up the data before the computer crashed.
747,Part B: Long Conversation,listening_simulation_434.mp3,B,Cancel the project entirely.,Eat lunch and take a fifteen-minute walk to clear your mind.,Call the department head.,Buy a new digital manual.,"Man: Hi Jane, did you get the memo about the annual tax report? 
Woman: Yes, but I am unable to back up the data before the computer crashed. 
Man: Don't worry. Let's grab lunch and we can take a fifteen-minute walk to clear your mind together.",What do the speakers plan to do?,Pertanyaan mengenai rencana tindakan. Pria mengajak wanita untuk makan siang bersama sambil melakukan penyelesaian yaitu take a fifteen-minute walk to clear your mind.
748,Part C: Academic Talks,listening_simulation_435.mp3,A,A comprehensive analysis of conflict resolution in corporate teams.,An announcement about office vacation.,A historical overview of banking.,A health insurance policy briefing.,Speaker: Good morning class. Today we will explore conflict resolution in corporate teams. Establishing clear communication channels and setting neutral boundaries early helps prevent personal bias from derailing collaborative milestones. This study will serve as our primary benchmark for corporate productivity.,What is the primary subject of the talk?,Pertanyaan mengenai gagasan utama kuliah akademik. Pembicara menyatakan bahwa pembahasan hari ini berpusat pada analisis conflict resolution in corporate teams.
749,Part C: Academic Talks,listening_simulation_435.mp3,B,To reduce employee salaries.,To set a new benchmark for corporate productivity.,To redecorate the executive lounge.,To audit the accounting software.,Speaker: Good morning class. Today we will explore conflict resolution in corporate teams. Establishing clear communication channels and setting neutral boundaries early helps prevent personal bias from derailing collaborative milestones. This study will serve as our primary benchmark for corporate productivity.,What is the main goal of discussing this method?,Pertanyaan informasi spesifik. Pembicara menyebutkan bahwa tujuan studi ini adalah sebagai tolok ukur baru bagi produktivitas perusahaan.
750,Part A (Idiom),listening_simulation_436.mp3,B,The man is sitting on the office boundary fence.,The man is undecided and needs to make a firm choice.,The man already completed the assigned spreadsheet.,The man wants to complain to the supervisor.,"Man: I am honestly still on the fence about finalizing the quarterly inventory log. 
Woman: You need to make up your mind quickly, or the project manager will be very disappointed. 
Narrator: What does the woman imply about the man?",What does the woman imply about the man?,Menguji idiom 'on the fence' (ragu-ragu) dan 'make up your mind' (mengambil keputusan). Pilihan B benar karena merefrasa makna idiom tersebut secara akurat.
751,Part B: Long Conversation,listening_simulation_437.mp3,A,She is struggling to meet the tight deadline set by the executive board.,She forgot to attend the lunch meeting.,She lost the printed memo.,She wants to change teams.,"Man: Hi Jane, did you get the memo about the social media campaign draft? 
Woman: Yes, but I am struggling to meet the tight deadline set by the executive board. 
Man: Don't worry. Let's grab lunch and we can request a temporary extension from the management together.",What is the woman's main concern?,Pertanyaan mengenai permasalahan utama pembicara wanita. Wanita mengeluh bahwa ia sedang mengalami kendala yaitu struggling to meet the tight deadline set by the executive board.
752,Part B: Long Conversation,listening_simulation_437.mp3,B,Cancel the project entirely.,Eat lunch and request a temporary extension from the management.,Call the department head.,Buy a new digital manual.,"Man: Hi Jane, did you get the memo about the social media campaign draft? 
Woman: Yes, but I am struggling to meet the tight deadline set by the executive board. 
Man: Don't worry. Let's grab lunch and we can request a temporary extension from the management together.",What do the speakers plan to do?,Pertanyaan mengenai rencana tindakan. Pria mengajak wanita untuk makan siang bersama sambil melakukan penyelesaian yaitu request a temporary extension from the management.
753,Part A (Suggestion),listening_simulation_438.mp3,A,Take immediate action to delegate the administrative tasks to the assistant.,Ignore the supervisor and quit the current position.,Continue working despite being completely lost and confused about the guidelines.,Submit the report without reviewing the guidelines.,"Man: I am totally completely lost and confused about the guidelines. 
Woman: Why don't you delegate the administrative tasks to the assistant before doing anything else? 
Narrator: What does the woman suggest the man do?",What does the woman suggest the man do?,Menguji struktur pemberian saran menggunakan pola 'Why don't you...'. Wanita menyarankan pria agar delegate the administrative tasks to the assistant.
754,Part C: Academic Talks,listening_simulation_439.mp3,A,A comprehensive analysis of the impact of artificial intelligence on logistics.,An announcement about office vacation.,A historical overview of banking.,A health insurance policy briefing.,Speaker: Good morning class. Today we will explore the impact of artificial intelligence on logistics. Using predictive algorithms for warehouse supply chains reduces overhead storage costs by roughly fifteen percent globally. This study will serve as our primary benchmark for corporate productivity.,What is the primary subject of the talk?,Pertanyaan mengenai gagasan utama kuliah akademik. Pembicara menyatakan bahwa pembahasan hari ini berpusat pada analisis the impact of artificial intelligence on logistics.
755,Part C: Academic Talks,listening_simulation_439.mp3,B,To reduce employee salaries.,To set a new benchmark for corporate productivity.,To redecorate the executive lounge.,To audit the accounting software.,Speaker: Good morning class. Today we will explore the impact of artificial intelligence on logistics. Using predictive algorithms for warehouse supply chains reduces overhead storage costs by roughly fifteen percent globally. This study will serve as our primary benchmark for corporate productivity.,What is the main goal of discussing this method?,Pertanyaan informasi spesifik. Pembicara menyebutkan bahwa tujuan studi ini adalah sebagai tolok ukur baru bagi produktivitas perusahaan.
756,Part A (Agreement),listening_simulation_440.mp3,B,She wants the man to repeat his statement about the timeline.,She completely agrees that the workload schedule is too demanding.,She thinks the project has already been canceled.,She prefers to work late at night rather than early morning.,"Man: The timeline to finish the customer feedback compilation is absurdly tight. 
Woman: You can say that again! I've been working non-stop since dawn. 
Narrator: What does the woman mean?",What does the woman mean?,Menguji ekspresi persetujuan (Agreement) 'You can say that again!' yang berarti pembicara kedua sangat setuju dengan pendapat pembicara pertama.
757,Part C: Academic Talks,listening_simulation_441.mp3,A,A comprehensive analysis of the psychology of consumer choice.,An announcement about office vacation.,A historical overview of banking.,A health insurance policy briefing.,"Speaker: Good morning class. Today we will explore the psychology of consumer choice. Limiting the number of options on a retail display reduces decision fatigue, which paradoxically increases the final conversion rate by thirty percent. This study will serve as our primary benchmark for corporate productivity.",What is the primary subject of the talk?,Pertanyaan mengenai gagasan utama kuliah akademik. Pembicara menyatakan bahwa pembahasan hari ini berpusat pada analisis the psychology of consumer choice.
758,Part C: Academic Talks,listening_simulation_441.mp3,B,To reduce employee salaries.,To set a new benchmark for corporate productivity.,To redecorate the executive lounge.,To audit the accounting software.,"Speaker: Good morning class. Today we will explore the psychology of consumer choice. Limiting the number of options on a retail display reduces decision fatigue, which paradoxically increases the final conversion rate by thirty percent. This study will serve as our primary benchmark for corporate productivity.",What is the main goal of discussing this method?,Pertanyaan informasi spesifik. Pembicara menyebutkan bahwa tujuan studi ini adalah sebagai tolok ukur baru bagi produktivitas perusahaan.
759,Part C: Academic Talks,listening_simulation_442.mp3,A,A comprehensive analysis of the impact of artificial intelligence on logistics.,An announcement about office vacation.,A historical overview of banking.,A health insurance policy briefing.,Speaker: Good morning class. Today we will explore the impact of artificial intelligence on logistics. Using predictive algorithms for warehouse supply chains reduces overhead storage costs by roughly fifteen percent globally. This study will serve as our primary benchmark for corporate productivity.,What is the primary subject of the talk?,Pertanyaan mengenai gagasan utama kuliah akademik. Pembicara menyatakan bahwa pembahasan hari ini berpusat pada analisis the impact of artificial intelligence on logistics.
760,Part C: Academic Talks,listening_simulation_442.mp3,B,To reduce employee salaries.,To set a new benchmark for corporate productivity.,To redecorate the executive lounge.,To audit the accounting software.,Speaker: Good morning class. Today we will explore the impact of artificial intelligence on logistics. Using predictive algorithms for warehouse supply chains reduces overhead storage costs by roughly fifteen percent globally. This study will serve as our primary benchmark for corporate productivity.,What is the main goal of discussing this method?,Pertanyaan informasi spesifik. Pembicara menyebutkan bahwa tujuan studi ini adalah sebagai tolok ukur baru bagi produktivitas perusahaan.
761,Part A (Idiom),listening_simulation_443.mp3,B,The man is sitting on the office boundary fence.,The man is undecided and needs to make a firm choice.,The man already completed the assigned spreadsheet.,The man wants to complain to the supervisor.,"Man: I am honestly still on the fence about finalizing the quarterly budget spreadsheet. 
Woman: You need to make up your mind quickly, or the marketing coordinator will be very disappointed. 
Narrator: What does the woman imply about the man?",What does the woman imply about the man?,Menguji idiom 'on the fence' (ragu-ragu) dan 'make up your mind' (mengambil keputusan). Pilihan B benar karena merefrasa makna idiom tersebut secara akurat.
762,Part A (Idiom),listening_simulation_444.mp3,B,The man is sitting on the office boundary fence.,The man is undecided and needs to make a firm choice.,The man already completed the assigned spreadsheet.,The man wants to complain to the supervisor.,"Man: I am honestly still on the fence about finalizing the client's presentation slides. 
Woman: You need to make up your mind quickly, or the supervisor will be very disappointed. 
Narrator: What does the woman imply about the man?",What does the woman imply about the man?,Menguji idiom 'on the fence' (ragu-ragu) dan 'make up your mind' (mengambil keputusan). Pilihan B benar karena merefrasa makna idiom tersebut secara akurat.
763,Part A (Idiom),listening_simulation_445.mp3,B,The man is sitting on the office boundary fence.,The man is undecided and needs to make a firm choice.,The man already completed the assigned spreadsheet.,The man wants to complain to the supervisor.,"Man: I am honestly still on the fence about finalizing the annual tax report. 
Woman: You need to make up your mind quickly, or the HR director will be very disappointed. 
Narrator: What does the woman imply about the man?",What does the woman imply about the man?,Menguji idiom 'on the fence' (ragu-ragu) dan 'make up your mind' (mengambil keputusan). Pilihan B benar karena merefrasa makna idiom tersebut secara akurat.
764,Part A (Suggestion),listening_simulation_446.mp3,A,Take immediate action to take a fifteen-minute walk to clear your mind.,Ignore the supervisor and quit the current position.,Continue working despite being unable to back up the data before the computer crashed.,Submit the report without reviewing the guidelines.,"Man: I am totally unable to back up the data before the computer crashed. 
Woman: Why don't you take a fifteen-minute walk to clear your mind before doing anything else? 
Narrator: What does the woman suggest the man do?",What does the woman suggest the man do?,Menguji struktur pemberian saran menggunakan pola 'Why don't you...'. Wanita menyarankan pria agar take a fifteen-minute walk to clear your mind.
765,Part B: Long Conversation,listening_simulation_447.mp3,A,She is struggling to meet the tight deadline set by the executive board.,She forgot to attend the lunch meeting.,She lost the printed memo.,She wants to change teams.,"Man: Hi Jane, did you get the memo about the social media campaign draft? 
Woman: Yes, but I am struggling to meet the tight deadline set by the executive board. 
Man: Don't worry. Let's grab lunch and we can review the training video manual sent by the coordinator together.",What is the woman's main concern?,Pertanyaan mengenai permasalahan utama pembicara wanita. Wanita mengeluh bahwa ia sedang mengalami kendala yaitu struggling to meet the tight deadline set by the executive board.
766,Part B: Long Conversation,listening_simulation_447.mp3,B,Cancel the project entirely.,Eat lunch and review the training video manual sent by the coordinator.,Call the department head.,Buy a new digital manual.,"Man: Hi Jane, did you get the memo about the social media campaign draft? 
Woman: Yes, but I am struggling to meet the tight deadline set by the executive board. 
Man: Don't worry. Let's grab lunch and we can review the training video manual sent by the coordinator together.",What do the speakers plan to do?,Pertanyaan mengenai rencana tindakan. Pria mengajak wanita untuk makan siang bersama sambil melakukan penyelesaian yaitu review the training video manual sent by the coordinator.
767,Part C: Academic Talks,listening_simulation_448.mp3,A,A comprehensive analysis of the impact of artificial intelligence on logistics.,An announcement about office vacation.,A historical overview of banking.,A health insurance policy briefing.,Speaker: Good morning class. Today we will explore the impact of artificial intelligence on logistics. Using predictive algorithms for warehouse supply chains reduces overhead storage costs by roughly fifteen percent globally. This study will serve as our primary benchmark for corporate productivity.,What is the primary subject of the talk?,Pertanyaan mengenai gagasan utama kuliah akademik. Pembicara menyatakan bahwa pembahasan hari ini berpusat pada analisis the impact of artificial intelligence on logistics.
768,Part C: Academic Talks,listening_simulation_448.mp3,B,To reduce employee salaries.,To set a new benchmark for corporate productivity.,To redecorate the executive lounge.,To audit the accounting software.,Speaker: Good morning class. Today we will explore the impact of artificial intelligence on logistics. Using predictive algorithms for warehouse supply chains reduces overhead storage costs by roughly fifteen percent globally. This study will serve as our primary benchmark for corporate productivity.,What is the main goal of discussing this method?,Pertanyaan informasi spesifik. Pembicara menyebutkan bahwa tujuan studi ini adalah sebagai tolok ukur baru bagi produktivitas perusahaan.
769,Part A (Suggestion),listening_simulation_449.mp3,A,Take immediate action to review the training video manual sent by the coordinator.,Ignore the supervisor and quit the current position.,Continue working despite being struggling to meet the tight deadline set by the executive board.,Submit the report without reviewing the guidelines.,"Man: I am totally struggling to meet the tight deadline set by the executive board. 
Woman: Why don't you review the training video manual sent by the coordinator before doing anything else? 
Narrator: What does the woman suggest the man do?",What does the woman suggest the man do?,Menguji struktur pemberian saran menggunakan pola 'Why don't you...'. Wanita menyarankan pria agar review the training video manual sent by the coordinator.
770,Part B: Long Conversation,listening_simulation_450.mp3,A,She is completely lost and confused about the guidelines.,She forgot to attend the lunch meeting.,She lost the printed memo.,She wants to change teams.,"Man: Hi Jane, did you get the memo about the office relocation plan? 
Woman: Yes, but I am completely lost and confused about the guidelines. 
Man: Don't worry. Let's grab lunch and we can delegate the administrative tasks to the assistant together.",What is the woman's main concern?,Pertanyaan mengenai permasalahan utama pembicara wanita. Wanita mengeluh bahwa ia sedang mengalami kendala yaitu completely lost and confused about the guidelines.
771,Part B: Long Conversation,listening_simulation_450.mp3,B,Cancel the project entirely.,Eat lunch and delegate the administrative tasks to the assistant.,Call the department head.,Buy a new digital manual.,"Man: Hi Jane, did you get the memo about the office relocation plan? 
Woman: Yes, but I am completely lost and confused about the guidelines. 
Man: Don't worry. Let's grab lunch and we can delegate the administrative tasks to the assistant together.",What do the speakers plan to do?,Pertanyaan mengenai rencana tindakan. Pria mengajak wanita untuk makan siang bersama sambil melakukan penyelesaian yaitu delegate the administrative tasks to the assistant.
772,Part C: Academic Talks,listening_simulation_451.mp3,A,A comprehensive analysis of the psychology of consumer choice.,An announcement about office vacation.,A historical overview of banking.,A health insurance policy briefing.,"Speaker: Good morning class. Today we will explore the psychology of consumer choice. Limiting the number of options on a retail display reduces decision fatigue, which paradoxically increases the final conversion rate by thirty percent. This study will serve as our primary benchmark for corporate productivity.",What is the primary subject of the talk?,Pertanyaan mengenai gagasan utama kuliah akademik. Pembicara menyatakan bahwa pembahasan hari ini berpusat pada analisis the psychology of consumer choice.
773,Part C: Academic Talks,listening_simulation_451.mp3,B,To reduce employee salaries.,To set a new benchmark for corporate productivity.,To redecorate the executive lounge.,To audit the accounting software.,"Speaker: Good morning class. Today we will explore the psychology of consumer choice. Limiting the number of options on a retail display reduces decision fatigue, which paradoxically increases the final conversion rate by thirty percent. This study will serve as our primary benchmark for corporate productivity.",What is the main goal of discussing this method?,Pertanyaan informasi spesifik. Pembicara menyebutkan bahwa tujuan studi ini adalah sebagai tolok ukur baru bagi produktivitas perusahaan.
774,Part C: Academic Talks,listening_simulation_452.mp3,A,A comprehensive analysis of the psychology of consumer choice.,An announcement about office vacation.,A historical overview of banking.,A health insurance policy briefing.,"Speaker: Good morning class. Today we will explore the psychology of consumer choice. Limiting the number of options on a retail display reduces decision fatigue, which paradoxically increases the final conversion rate by thirty percent. This study will serve as our primary benchmark for corporate productivity.",What is the primary subject of the talk?,Pertanyaan mengenai gagasan utama kuliah akademik. Pembicara menyatakan bahwa pembahasan hari ini berpusat pada analisis the psychology of consumer choice.
775,Part C: Academic Talks,listening_simulation_452.mp3,B,To reduce employee salaries.,To set a new benchmark for corporate productivity.,To redecorate the executive lounge.,To audit the accounting software.,"Speaker: Good morning class. Today we will explore the psychology of consumer choice. Limiting the number of options on a retail display reduces decision fatigue, which paradoxically increases the final conversion rate by thirty percent. This study will serve as our primary benchmark for corporate productivity.",What is the main goal of discussing this method?,Pertanyaan informasi spesifik. Pembicara menyebutkan bahwa tujuan studi ini adalah sebagai tolok ukur baru bagi produktivitas perusahaan.
776,Part C: Academic Talks,listening_simulation_453.mp3,A,A comprehensive analysis of sustainable workplace design.,An announcement about office vacation.,A historical overview of banking.,A health insurance policy briefing.,"Speaker: Good morning class. Today we will explore sustainable workplace design. By introducing natural lighting and ergonomic furniture, companies report a twenty percent decrease in employee absenteeism and a massive boost in daily focus. This study will serve as our primary benchmark for corporate productivity.",What is the primary subject of the talk?,Pertanyaan mengenai gagasan utama kuliah akademik. Pembicara menyatakan bahwa pembahasan hari ini berpusat pada analisis sustainable workplace design.
777,Part C: Academic Talks,listening_simulation_453.mp3,B,To reduce employee salaries.,To set a new benchmark for corporate productivity.,To redecorate the executive lounge.,To audit the accounting software.,"Speaker: Good morning class. Today we will explore sustainable workplace design. By introducing natural lighting and ergonomic furniture, companies report a twenty percent decrease in employee absenteeism and a massive boost in daily focus. This study will serve as our primary benchmark for corporate productivity.",What is the main goal of discussing this method?,Pertanyaan informasi spesifik. Pembicara menyebutkan bahwa tujuan studi ini adalah sebagai tolok ukur baru bagi produktivitas perusahaan.
778,Part A (Agreement),listening_simulation_454.mp3,B,She wants the man to repeat his statement about the timeline.,She completely agrees that the workload schedule is too demanding.,She thinks the project has already been canceled.,She prefers to work late at night rather than early morning.,"Man: The timeline to finish the client's presentation slides is absurdly tight. 
Woman: You can say that again! I've been working non-stop since dawn. 
Narrator: What does the woman mean?",What does the woman mean?,Menguji ekspresi persetujuan (Agreement) 'You can say that again!' yang berarti pembicara kedua sangat setuju dengan pendapat pembicara pertama.
779,Part B: Long Conversation,listening_simulation_455.mp3,A,She is struggling to meet the tight deadline set by the executive board.,She forgot to attend the lunch meeting.,She lost the printed memo.,She wants to change teams.,"Man: Hi Jane, did you get the memo about the annual tax report? 
Woman: Yes, but I am struggling to meet the tight deadline set by the executive board. 
Man: Don't worry. Let's grab lunch and we can review the training video manual sent by the coordinator together.",What is the woman's main concern?,Pertanyaan mengenai permasalahan utama pembicara wanita. Wanita mengeluh bahwa ia sedang mengalami kendala yaitu struggling to meet the tight deadline set by the executive board.
780,Part B: Long Conversation,listening_simulation_455.mp3,B,Cancel the project entirely.,Eat lunch and review the training video manual sent by the coordinator.,Call the department head.,Buy a new digital manual.,"Man: Hi Jane, did you get the memo about the annual tax report? 
Woman: Yes, but I am struggling to meet the tight deadline set by the executive board. 
Man: Don't worry. Let's grab lunch and we can review the training video manual sent by the coordinator together.",What do the speakers plan to do?,Pertanyaan mengenai rencana tindakan. Pria mengajak wanita untuk makan siang bersama sambil melakukan penyelesaian yaitu review the training video manual sent by the coordinator.
781,Part C: Academic Talks,listening_simulation_456.mp3,A,A comprehensive analysis of sustainable workplace design.,An announcement about office vacation.,A historical overview of banking.,A health insurance policy briefing.,"Speaker: Good morning class. Today we will explore sustainable workplace design. By introducing natural lighting and ergonomic furniture, companies report a twenty percent decrease in employee absenteeism and a massive boost in daily focus. This study will serve as our primary benchmark for corporate productivity.",What is the primary subject of the talk?,Pertanyaan mengenai gagasan utama kuliah akademik. Pembicara menyatakan bahwa pembahasan hari ini berpusat pada analisis sustainable workplace design.
782,Part C: Academic Talks,listening_simulation_456.mp3,B,To reduce employee salaries.,To set a new benchmark for corporate productivity.,To redecorate the executive lounge.,To audit the accounting software.,"Speaker: Good morning class. Today we will explore sustainable workplace design. By introducing natural lighting and ergonomic furniture, companies report a twenty percent decrease in employee absenteeism and a massive boost in daily focus. This study will serve as our primary benchmark for corporate productivity.",What is the main goal of discussing this method?,Pertanyaan informasi spesifik. Pembicara menyebutkan bahwa tujuan studi ini adalah sebagai tolok ukur baru bagi produktivitas perusahaan.
783,Part C: Academic Talks,listening_simulation_457.mp3,A,A comprehensive analysis of sustainable workplace design.,An announcement about office vacation.,A historical overview of banking.,A health insurance policy briefing.,"Speaker: Good morning class. Today we will explore sustainable workplace design. By introducing natural lighting and ergonomic furniture, companies report a twenty percent decrease in employee absenteeism and a massive boost in daily focus. This study will serve as our primary benchmark for corporate productivity.",What is the primary subject of the talk?,Pertanyaan mengenai gagasan utama kuliah akademik. Pembicara menyatakan bahwa pembahasan hari ini berpusat pada analisis sustainable workplace design.
784,Part C: Academic Talks,listening_simulation_457.mp3,B,To reduce employee salaries.,To set a new benchmark for corporate productivity.,To redecorate the executive lounge.,To audit the accounting software.,"Speaker: Good morning class. Today we will explore sustainable workplace design. By introducing natural lighting and ergonomic furniture, companies report a twenty percent decrease in employee absenteeism and a massive boost in daily focus. This study will serve as our primary benchmark for corporate productivity.",What is the main goal of discussing this method?,Pertanyaan informasi spesifik. Pembicara menyebutkan bahwa tujuan studi ini adalah sebagai tolok ukur baru bagi produktivitas perusahaan.
785,Part A (Agreement),listening_simulation_458.mp3,B,She wants the man to repeat his statement about the timeline.,She completely agrees that the workload schedule is too demanding.,She thinks the project has already been canceled.,She prefers to work late at night rather than early morning.,"Man: The timeline to finish the annual tax report is absurdly tight. 
Woman: You can say that again! I've been working non-stop since dawn. 
Narrator: What does the woman mean?",What does the woman mean?,Menguji ekspresi persetujuan (Agreement) 'You can say that again!' yang berarti pembicara kedua sangat setuju dengan pendapat pembicara pertama.
786,Part C: Academic Talks,listening_simulation_459.mp3,A,A comprehensive analysis of conflict resolution in corporate teams.,An announcement about office vacation.,A historical overview of banking.,A health insurance policy briefing.,Speaker: Good morning class. Today we will explore conflict resolution in corporate teams. Establishing clear communication channels and setting neutral boundaries early helps prevent personal bias from derailing collaborative milestones. This study will serve as our primary benchmark for corporate productivity.,What is the primary subject of the talk?,Pertanyaan mengenai gagasan utama kuliah akademik. Pembicara menyatakan bahwa pembahasan hari ini berpusat pada analisis conflict resolution in corporate teams.
787,Part C: Academic Talks,listening_simulation_459.mp3,B,To reduce employee salaries.,To set a new benchmark for corporate productivity.,To redecorate the executive lounge.,To audit the accounting software.,Speaker: Good morning class. Today we will explore conflict resolution in corporate teams. Establishing clear communication channels and setting neutral boundaries early helps prevent personal bias from derailing collaborative milestones. This study will serve as our primary benchmark for corporate productivity.,What is the main goal of discussing this method?,Pertanyaan informasi spesifik. Pembicara menyebutkan bahwa tujuan studi ini adalah sebagai tolok ukur baru bagi produktivitas perusahaan.
788,Part C: Academic Talks,listening_simulation_460.mp3,A,A comprehensive analysis of conflict resolution in corporate teams.,An announcement about office vacation.,A historical overview of banking.,A health insurance policy briefing.,Speaker: Good morning class. Today we will explore conflict resolution in corporate teams. Establishing clear communication channels and setting neutral boundaries early helps prevent personal bias from derailing collaborative milestones. This study will serve as our primary benchmark for corporate productivity.,What is the primary subject of the talk?,Pertanyaan mengenai gagasan utama kuliah akademik. Pembicara menyatakan bahwa pembahasan hari ini berpusat pada analisis conflict resolution in corporate teams.
789,Part C: Academic Talks,listening_simulation_460.mp3,B,To reduce employee salaries.,To set a new benchmark for corporate productivity.,To redecorate the executive lounge.,To audit the accounting software.,Speaker: Good morning class. Today we will explore conflict resolution in corporate teams. Establishing clear communication channels and setting neutral boundaries early helps prevent personal bias from derailing collaborative milestones. This study will serve as our primary benchmark for corporate productivity.,What is the main goal of discussing this method?,Pertanyaan informasi spesifik. Pembicara menyebutkan bahwa tujuan studi ini adalah sebagai tolok ukur baru bagi produktivitas perusahaan.
790,Part C: Academic Talks,listening_simulation_461.mp3,A,A comprehensive analysis of the psychology of consumer choice.,An announcement about office vacation.,A historical overview of banking.,A health insurance policy briefing.,"Speaker: Good morning class. Today we will explore the psychology of consumer choice. Limiting the number of options on a retail display reduces decision fatigue, which paradoxically increases the final conversion rate by thirty percent. This study will serve as our primary benchmark for corporate productivity.",What is the primary subject of the talk?,Pertanyaan mengenai gagasan utama kuliah akademik. Pembicara menyatakan bahwa pembahasan hari ini berpusat pada analisis the psychology of consumer choice.
791,Part C: Academic Talks,listening_simulation_461.mp3,B,To reduce employee salaries.,To set a new benchmark for corporate productivity.,To redecorate the executive lounge.,To audit the accounting software.,"Speaker: Good morning class. Today we will explore the psychology of consumer choice. Limiting the number of options on a retail display reduces decision fatigue, which paradoxically increases the final conversion rate by thirty percent. This study will serve as our primary benchmark for corporate productivity.",What is the main goal of discussing this method?,Pertanyaan informasi spesifik. Pembicara menyebutkan bahwa tujuan studi ini adalah sebagai tolok ukur baru bagi produktivitas perusahaan.
792,Part A (Agreement),listening_simulation_462.mp3,B,She wants the man to repeat his statement about the timeline.,She completely agrees that the workload schedule is too demanding.,She thinks the project has already been canceled.,She prefers to work late at night rather than early morning.,"Man: The timeline to finish the client's presentation slides is absurdly tight. 
Woman: You can say that again! I've been working non-stop since dawn. 
Narrator: What does the woman mean?",What does the woman mean?,Menguji ekspresi persetujuan (Agreement) 'You can say that again!' yang berarti pembicara kedua sangat setuju dengan pendapat pembicara pertama.
793,Part C: Academic Talks,listening_simulation_463.mp3,A,A comprehensive analysis of the psychology of consumer choice.,An announcement about office vacation.,A historical overview of banking.,A health insurance policy briefing.,"Speaker: Good morning class. Today we will explore the psychology of consumer choice. Limiting the number of options on a retail display reduces decision fatigue, which paradoxically increases the final conversion rate by thirty percent. This study will serve as our primary benchmark for corporate productivity.",What is the primary subject of the talk?,Pertanyaan mengenai gagasan utama kuliah akademik. Pembicara menyatakan bahwa pembahasan hari ini berpusat pada analisis the psychology of consumer choice.
794,Part C: Academic Talks,listening_simulation_463.mp3,B,To reduce employee salaries.,To set a new benchmark for corporate productivity.,To redecorate the executive lounge.,To audit the accounting software.,"Speaker: Good morning class. Today we will explore the psychology of consumer choice. Limiting the number of options on a retail display reduces decision fatigue, which paradoxically increases the final conversion rate by thirty percent. This study will serve as our primary benchmark for corporate productivity.",What is the main goal of discussing this method?,Pertanyaan informasi spesifik. Pembicara menyebutkan bahwa tujuan studi ini adalah sebagai tolok ukur baru bagi produktivitas perusahaan.
795,Part C: Academic Talks,listening_simulation_464.mp3,A,A comprehensive analysis of sustainable workplace design.,An announcement about office vacation.,A historical overview of banking.,A health insurance policy briefing.,"Speaker: Good morning class. Today we will explore sustainable workplace design. By introducing natural lighting and ergonomic furniture, companies report a twenty percent decrease in employee absenteeism and a massive boost in daily focus. This study will serve as our primary benchmark for corporate productivity.",What is the primary subject of the talk?,Pertanyaan mengenai gagasan utama kuliah akademik. Pembicara menyatakan bahwa pembahasan hari ini berpusat pada analisis sustainable workplace design.
796,Part C: Academic Talks,listening_simulation_464.mp3,B,To reduce employee salaries.,To set a new benchmark for corporate productivity.,To redecorate the executive lounge.,To audit the accounting software.,"Speaker: Good morning class. Today we will explore sustainable workplace design. By introducing natural lighting and ergonomic furniture, companies report a twenty percent decrease in employee absenteeism and a massive boost in daily focus. This study will serve as our primary benchmark for corporate productivity.",What is the main goal of discussing this method?,Pertanyaan informasi spesifik. Pembicara menyebutkan bahwa tujuan studi ini adalah sebagai tolok ukur baru bagi produktivitas perusahaan.
797,Part B: Long Conversation,listening_simulation_465.mp3,A,She is unable to back up the data before the computer crashed.,She forgot to attend the lunch meeting.,She lost the printed memo.,She wants to change teams.,"Man: Hi Jane, did you get the memo about the social media campaign draft? 
Woman: Yes, but I am unable to back up the data before the computer crashed. 
Man: Don't worry. Let's grab lunch and we can review the training video manual sent by the coordinator together.",What is the woman's main concern?,Pertanyaan mengenai permasalahan utama pembicara wanita. Wanita mengeluh bahwa ia sedang mengalami kendala yaitu unable to back up the data before the computer crashed.
798,Part B: Long Conversation,listening_simulation_465.mp3,B,Cancel the project entirely.,Eat lunch and review the training video manual sent by the coordinator.,Call the department head.,Buy a new digital manual.,"Man: Hi Jane, did you get the memo about the social media campaign draft? 
Woman: Yes, but I am unable to back up the data before the computer crashed. 
Man: Don't worry. Let's grab lunch and we can review the training video manual sent by the coordinator together.",What do the speakers plan to do?,Pertanyaan mengenai rencana tindakan. Pria mengajak wanita untuk makan siang bersama sambil melakukan penyelesaian yaitu review the training video manual sent by the coordinator.
799,Part C: Academic Talks,listening_simulation_466.mp3,A,A comprehensive analysis of the impact of artificial intelligence on logistics.,An announcement about office vacation.,A historical overview of banking.,A health insurance policy briefing.,Speaker: Good morning class. Today we will explore the impact of artificial intelligence on logistics. Using predictive algorithms for warehouse supply chains reduces overhead storage costs by roughly fifteen percent globally. This study will serve as our primary benchmark for corporate productivity.,What is the primary subject of the talk?,Pertanyaan mengenai gagasan utama kuliah akademik. Pembicara menyatakan bahwa pembahasan hari ini berpusat pada analisis the impact of artificial intelligence on logistics.
800,Part C: Academic Talks,listening_simulation_466.mp3,B,To reduce employee salaries.,To set a new benchmark for corporate productivity.,To redecorate the executive lounge.,To audit the accounting software.,Speaker: Good morning class. Today we will explore the impact of artificial intelligence on logistics. Using predictive algorithms for warehouse supply chains reduces overhead storage costs by roughly fifteen percent globally. This study will serve as our primary benchmark for corporate productivity.,What is the main goal of discussing this method?,Pertanyaan informasi spesifik. Pembicara menyebutkan bahwa tujuan studi ini adalah sebagai tolok ukur baru bagi produktivitas perusahaan.
801,Part A (Suggestion),listening_simulation_467.mp3,A,Take immediate action to request a temporary extension from the management.,Ignore the supervisor and quit the current position.,Continue working despite being unable to back up the data before the computer crashed.,Submit the report without reviewing the guidelines.,"Man: I am totally unable to back up the data before the computer crashed. 
Woman: Why don't you request a temporary extension from the management before doing anything else? 
Narrator: What does the woman suggest the man do?",What does the woman suggest the man do?,Menguji struktur pemberian saran menggunakan pola 'Why don't you...'. Wanita menyarankan pria agar request a temporary extension from the management.
802,Part A (Suggestion),listening_simulation_468.mp3,A,Take immediate action to review the training video manual sent by the coordinator.,Ignore the supervisor and quit the current position.,Continue working despite being completely lost and confused about the guidelines.,Submit the report without reviewing the guidelines.,"Man: I am totally completely lost and confused about the guidelines. 
Woman: Why don't you review the training video manual sent by the coordinator before doing anything else? 
Narrator: What does the woman suggest the man do?",What does the woman suggest the man do?,Menguji struktur pemberian saran menggunakan pola 'Why don't you...'. Wanita menyarankan pria agar review the training video manual sent by the coordinator.
803,Part B: Long Conversation,listening_simulation_469.mp3,A,She is unable to back up the data before the computer crashed.,She forgot to attend the lunch meeting.,She lost the printed memo.,She wants to change teams.,"Man: Hi Jane, did you get the memo about the annual tax report? 
Woman: Yes, but I am unable to back up the data before the computer crashed. 
Man: Don't worry. Let's grab lunch and we can take a fifteen-minute walk to clear your mind together.",What is the woman's main concern?,Pertanyaan mengenai permasalahan utama pembicara wanita. Wanita mengeluh bahwa ia sedang mengalami kendala yaitu unable to back up the data before the computer crashed.
804,Part B: Long Conversation,listening_simulation_469.mp3,B,Cancel the project entirely.,Eat lunch and take a fifteen-minute walk to clear your mind.,Call the department head.,Buy a new digital manual.,"Man: Hi Jane, did you get the memo about the annual tax report? 
Woman: Yes, but I am unable to back up the data before the computer crashed. 
Man: Don't worry. Let's grab lunch and we can take a fifteen-minute walk to clear your mind together.",What do the speakers plan to do?,Pertanyaan mengenai rencana tindakan. Pria mengajak wanita untuk makan siang bersama sambil melakukan penyelesaian yaitu take a fifteen-minute walk to clear your mind.
805,Part A (Agreement),listening_simulation_470.mp3,B,She wants the man to repeat his statement about the timeline.,She completely agrees that the workload schedule is too demanding.,She thinks the project has already been canceled.,She prefers to work late at night rather than early morning.,"Man: The timeline to finish the client's presentation slides is absurdly tight. 
Woman: You can say that again! I've been working non-stop since dawn. 
Narrator: What does the woman mean?",What does the woman mean?,Menguji ekspresi persetujuan (Agreement) 'You can say that again!' yang berarti pembicara kedua sangat setuju dengan pendapat pembicara pertama.
806,Part C: Academic Talks,listening_simulation_471.mp3,A,A comprehensive analysis of conflict resolution in corporate teams.,An announcement about office vacation.,A historical overview of banking.,A health insurance policy briefing.,Speaker: Good morning class. Today we will explore conflict resolution in corporate teams. Establishing clear communication channels and setting neutral boundaries early helps prevent personal bias from derailing collaborative milestones. This study will serve as our primary benchmark for corporate productivity.,What is the primary subject of the talk?,Pertanyaan mengenai gagasan utama kuliah akademik. Pembicara menyatakan bahwa pembahasan hari ini berpusat pada analisis conflict resolution in corporate teams.
807,Part C: Academic Talks,listening_simulation_471.mp3,B,To reduce employee salaries.,To set a new benchmark for corporate productivity.,To redecorate the executive lounge.,To audit the accounting software.,Speaker: Good morning class. Today we will explore conflict resolution in corporate teams. Establishing clear communication channels and setting neutral boundaries early helps prevent personal bias from derailing collaborative milestones. This study will serve as our primary benchmark for corporate productivity.,What is the main goal of discussing this method?,Pertanyaan informasi spesifik. Pembicara menyebutkan bahwa tujuan studi ini adalah sebagai tolok ukur baru bagi produktivitas perusahaan.
808,Part C: Academic Talks,listening_simulation_472.mp3,A,A comprehensive analysis of the impact of artificial intelligence on logistics.,An announcement about office vacation.,A historical overview of banking.,A health insurance policy briefing.,Speaker: Good morning class. Today we will explore the impact of artificial intelligence on logistics. Using predictive algorithms for warehouse supply chains reduces overhead storage costs by roughly fifteen percent globally. This study will serve as our primary benchmark for corporate productivity.,What is the primary subject of the talk?,Pertanyaan mengenai gagasan utama kuliah akademik. Pembicara menyatakan bahwa pembahasan hari ini berpusat pada analisis the impact of artificial intelligence on logistics.
809,Part C: Academic Talks,listening_simulation_472.mp3,B,To reduce employee salaries.,To set a new benchmark for corporate productivity.,To redecorate the executive lounge.,To audit the accounting software.,Speaker: Good morning class. Today we will explore the impact of artificial intelligence on logistics. Using predictive algorithms for warehouse supply chains reduces overhead storage costs by roughly fifteen percent globally. This study will serve as our primary benchmark for corporate productivity.,What is the main goal of discussing this method?,Pertanyaan informasi spesifik. Pembicara menyebutkan bahwa tujuan studi ini adalah sebagai tolok ukur baru bagi produktivitas perusahaan.
810,Part A (Suggestion),listening_simulation_473.mp3,A,Take immediate action to review the training video manual sent by the coordinator.,Ignore the supervisor and quit the current position.,Continue working despite being drowning under the immense workload this week.,Submit the report without reviewing the guidelines.,"Man: I am totally drowning under the immense workload this week. 
Woman: Why don't you review the training video manual sent by the coordinator before doing anything else? 
Narrator: What does the woman suggest the man do?",What does the woman suggest the man do?,Menguji struktur pemberian saran menggunakan pola 'Why don't you...'. Wanita menyarankan pria agar review the training video manual sent by the coordinator.
811,Part C: Academic Talks,listening_simulation_474.mp3,A,A comprehensive analysis of sustainable workplace design.,An announcement about office vacation.,A historical overview of banking.,A health insurance policy briefing.,"Speaker: Good morning class. Today we will explore sustainable workplace design. By introducing natural lighting and ergonomic furniture, companies report a twenty percent decrease in employee absenteeism and a massive boost in daily focus. This study will serve as our primary benchmark for corporate productivity.",What is the primary subject of the talk?,Pertanyaan mengenai gagasan utama kuliah akademik. Pembicara menyatakan bahwa pembahasan hari ini berpusat pada analisis sustainable workplace design.
812,Part C: Academic Talks,listening_simulation_474.mp3,B,To reduce employee salaries.,To set a new benchmark for corporate productivity.,To redecorate the executive lounge.,To audit the accounting software.,"Speaker: Good morning class. Today we will explore sustainable workplace design. By introducing natural lighting and ergonomic furniture, companies report a twenty percent decrease in employee absenteeism and a massive boost in daily focus. This study will serve as our primary benchmark for corporate productivity.",What is the main goal of discussing this method?,Pertanyaan informasi spesifik. Pembicara menyebutkan bahwa tujuan studi ini adalah sebagai tolok ukur baru bagi produktivitas perusahaan.
813,Part C: Academic Talks,listening_simulation_475.mp3,A,A comprehensive analysis of the psychology of consumer choice.,An announcement about office vacation.,A historical overview of banking.,A health insurance policy briefing.,"Speaker: Good morning class. Today we will explore the psychology of consumer choice. Limiting the number of options on a retail display reduces decision fatigue, which paradoxically increases the final conversion rate by thirty percent. This study will serve as our primary benchmark for corporate productivity.",What is the primary subject of the talk?,Pertanyaan mengenai gagasan utama kuliah akademik. Pembicara menyatakan bahwa pembahasan hari ini berpusat pada analisis the psychology of consumer choice.
814,Part C: Academic Talks,listening_simulation_475.mp3,B,To reduce employee salaries.,To set a new benchmark for corporate productivity.,To redecorate the executive lounge.,To audit the accounting software.,"Speaker: Good morning class. Today we will explore the psychology of consumer choice. Limiting the number of options on a retail display reduces decision fatigue, which paradoxically increases the final conversion rate by thirty percent. This study will serve as our primary benchmark for corporate productivity.",What is the main goal of discussing this method?,Pertanyaan informasi spesifik. Pembicara menyebutkan bahwa tujuan studi ini adalah sebagai tolok ukur baru bagi produktivitas perusahaan.
815,Part B: Long Conversation,listening_simulation_476.mp3,A,She is completely lost and confused about the guidelines.,She forgot to attend the lunch meeting.,She lost the printed memo.,She wants to change teams.,"Man: Hi Jane, did you get the memo about the annual tax report? 
Woman: Yes, but I am completely lost and confused about the guidelines. 
Man: Don't worry. Let's grab lunch and we can schedule an urgent one-on-one meeting with the director together.",What is the woman's main concern?,Pertanyaan mengenai permasalahan utama pembicara wanita. Wanita mengeluh bahwa ia sedang mengalami kendala yaitu completely lost and confused about the guidelines.
816,Part B: Long Conversation,listening_simulation_476.mp3,B,Cancel the project entirely.,Eat lunch and schedule an urgent one-on-one meeting with the director.,Call the department head.,Buy a new digital manual.,"Man: Hi Jane, did you get the memo about the annual tax report? 
Woman: Yes, but I am completely lost and confused about the guidelines. 
Man: Don't worry. Let's grab lunch and we can schedule an urgent one-on-one meeting with the director together.",What do the speakers plan to do?,Pertanyaan mengenai rencana tindakan. Pria mengajak wanita untuk makan siang bersama sambil melakukan penyelesaian yaitu schedule an urgent one-on-one meeting with the director.
817,Part A (Agreement),listening_simulation_477.mp3,B,She wants the man to repeat his statement about the timeline.,She completely agrees that the workload schedule is too demanding.,She thinks the project has already been canceled.,She prefers to work late at night rather than early morning.,"Man: The timeline to finish the social media campaign draft is absurdly tight. 
Woman: You can say that again! I've been working non-stop since dawn. 
Narrator: What does the woman mean?",What does the woman mean?,Menguji ekspresi persetujuan (Agreement) 'You can say that again!' yang berarti pembicara kedua sangat setuju dengan pendapat pembicara pertama.
818,Part B: Long Conversation,listening_simulation_478.mp3,A,She is drowning under the immense workload this week.,She forgot to attend the lunch meeting.,She lost the printed memo.,She wants to change teams.,"Man: Hi Jane, did you get the memo about the customer feedback compilation? 
Woman: Yes, but I am drowning under the immense workload this week. 
Man: Don't worry. Let's grab lunch and we can request a temporary extension from the management together.",What is the woman's main concern?,Pertanyaan mengenai permasalahan utama pembicara wanita. Wanita mengeluh bahwa ia sedang mengalami kendala yaitu drowning under the immense workload this week.
819,Part B: Long Conversation,listening_simulation_478.mp3,B,Cancel the project entirely.,Eat lunch and request a temporary extension from the management.,Call the department head.,Buy a new digital manual.,"Man: Hi Jane, did you get the memo about the customer feedback compilation? 
Woman: Yes, but I am drowning under the immense workload this week. 
Man: Don't worry. Let's grab lunch and we can request a temporary extension from the management together.",What do the speakers plan to do?,Pertanyaan mengenai rencana tindakan. Pria mengajak wanita untuk makan siang bersama sambil melakukan penyelesaian yaitu request a temporary extension from the management.
820,Part B: Long Conversation,listening_simulation_479.mp3,A,She is unable to back up the data before the computer crashed.,She forgot to attend the lunch meeting.,She lost the printed memo.,She wants to change teams.,"Man: Hi Jane, did you get the memo about the office relocation plan? 
Woman: Yes, but I am unable to back up the data before the computer crashed. 
Man: Don't worry. Let's grab lunch and we can review the training video manual sent by the coordinator together.",What is the woman's main concern?,Pertanyaan mengenai permasalahan utama pembicara wanita. Wanita mengeluh bahwa ia sedang mengalami kendala yaitu unable to back up the data before the computer crashed.
821,Part B: Long Conversation,listening_simulation_479.mp3,B,Cancel the project entirely.,Eat lunch and review the training video manual sent by the coordinator.,Call the department head.,Buy a new digital manual.,"Man: Hi Jane, did you get the memo about the office relocation plan? 
Woman: Yes, but I am unable to back up the data before the computer crashed. 
Man: Don't worry. Let's grab lunch and we can review the training video manual sent by the coordinator together.",What do the speakers plan to do?,Pertanyaan mengenai rencana tindakan. Pria mengajak wanita untuk makan siang bersama sambil melakukan penyelesaian yaitu review the training video manual sent by the coordinator.
822,Part A (Agreement),listening_simulation_480.mp3,B,She wants the man to repeat his statement about the timeline.,She completely agrees that the workload schedule is too demanding.,She thinks the project has already been canceled.,She prefers to work late at night rather than early morning.,"Man: The timeline to finish the customer feedback compilation is absurdly tight. 
Woman: You can say that again! I've been working non-stop since dawn. 
Narrator: What does the woman mean?",What does the woman mean?,Menguji ekspresi persetujuan (Agreement) 'You can say that again!' yang berarti pembicara kedua sangat setuju dengan pendapat pembicara pertama.
823,Part C: Academic Talks,listening_simulation_481.mp3,A,A comprehensive analysis of the psychology of consumer choice.,An announcement about office vacation.,A historical overview of banking.,A health insurance policy briefing.,"Speaker: Good morning class. Today we will explore the psychology of consumer choice. Limiting the number of options on a retail display reduces decision fatigue, which paradoxically increases the final conversion rate by thirty percent. This study will serve as our primary benchmark for corporate productivity.",What is the primary subject of the talk?,Pertanyaan mengenai gagasan utama kuliah akademik. Pembicara menyatakan bahwa pembahasan hari ini berpusat pada analisis the psychology of consumer choice.
824,Part C: Academic Talks,listening_simulation_481.mp3,B,To reduce employee salaries.,To set a new benchmark for corporate productivity.,To redecorate the executive lounge.,To audit the accounting software.,"Speaker: Good morning class. Today we will explore the psychology of consumer choice. Limiting the number of options on a retail display reduces decision fatigue, which paradoxically increases the final conversion rate by thirty percent. This study will serve as our primary benchmark for corporate productivity.",What is the main goal of discussing this method?,Pertanyaan informasi spesifik. Pembicara menyebutkan bahwa tujuan studi ini adalah sebagai tolok ukur baru bagi produktivitas perusahaan.
825,Part C: Academic Talks,listening_simulation_482.mp3,A,A comprehensive analysis of sustainable workplace design.,An announcement about office vacation.,A historical overview of banking.,A health insurance policy briefing.,"Speaker: Good morning class. Today we will explore sustainable workplace design. By introducing natural lighting and ergonomic furniture, companies report a twenty percent decrease in employee absenteeism and a massive boost in daily focus. This study will serve as our primary benchmark for corporate productivity.",What is the primary subject of the talk?,Pertanyaan mengenai gagasan utama kuliah akademik. Pembicara menyatakan bahwa pembahasan hari ini berpusat pada analisis sustainable workplace design.
826,Part C: Academic Talks,listening_simulation_482.mp3,B,To reduce employee salaries.,To set a new benchmark for corporate productivity.,To redecorate the executive lounge.,To audit the accounting software.,"Speaker: Good morning class. Today we will explore sustainable workplace design. By introducing natural lighting and ergonomic furniture, companies report a twenty percent decrease in employee absenteeism and a massive boost in daily focus. This study will serve as our primary benchmark for corporate productivity.",What is the main goal of discussing this method?,Pertanyaan informasi spesifik. Pembicara menyebutkan bahwa tujuan studi ini adalah sebagai tolok ukur baru bagi produktivitas perusahaan.
827,Part C: Academic Talks,listening_simulation_483.mp3,A,A comprehensive analysis of the impact of artificial intelligence on logistics.,An announcement about office vacation.,A historical overview of banking.,A health insurance policy briefing.,Speaker: Good morning class. Today we will explore the impact of artificial intelligence on logistics. Using predictive algorithms for warehouse supply chains reduces overhead storage costs by roughly fifteen percent globally. This study will serve as our primary benchmark for corporate productivity.,What is the primary subject of the talk?,Pertanyaan mengenai gagasan utama kuliah akademik. Pembicara menyatakan bahwa pembahasan hari ini berpusat pada analisis the impact of artificial intelligence on logistics.
828,Part C: Academic Talks,listening_simulation_483.mp3,B,To reduce employee salaries.,To set a new benchmark for corporate productivity.,To redecorate the executive lounge.,To audit the accounting software.,Speaker: Good morning class. Today we will explore the impact of artificial intelligence on logistics. Using predictive algorithms for warehouse supply chains reduces overhead storage costs by roughly fifteen percent globally. This study will serve as our primary benchmark for corporate productivity.,What is the main goal of discussing this method?,Pertanyaan informasi spesifik. Pembicara menyebutkan bahwa tujuan studi ini adalah sebagai tolok ukur baru bagi produktivitas perusahaan.
829,Part C: Academic Talks,listening_simulation_484.mp3,A,A comprehensive analysis of the impact of artificial intelligence on logistics.,An announcement about office vacation.,A historical overview of banking.,A health insurance policy briefing.,Speaker: Good morning class. Today we will explore the impact of artificial intelligence on logistics. Using predictive algorithms for warehouse supply chains reduces overhead storage costs by roughly fifteen percent globally. This study will serve as our primary benchmark for corporate productivity.,What is the primary subject of the talk?,Pertanyaan mengenai gagasan utama kuliah akademik. Pembicara menyatakan bahwa pembahasan hari ini berpusat pada analisis the impact of artificial intelligence on logistics.
830,Part C: Academic Talks,listening_simulation_484.mp3,B,To reduce employee salaries.,To set a new benchmark for corporate productivity.,To redecorate the executive lounge.,To audit the accounting software.,Speaker: Good morning class. Today we will explore the impact of artificial intelligence on logistics. Using predictive algorithms for warehouse supply chains reduces overhead storage costs by roughly fifteen percent globally. This study will serve as our primary benchmark for corporate productivity.,What is the main goal of discussing this method?,Pertanyaan informasi spesifik. Pembicara menyebutkan bahwa tujuan studi ini adalah sebagai tolok ukur baru bagi produktivitas perusahaan.
831,Part A (Idiom),listening_simulation_485.mp3,B,The man is sitting on the office boundary fence.,The man is undecided and needs to make a firm choice.,The man already completed the assigned spreadsheet.,The man wants to complain to the supervisor.,"Man: I am honestly still on the fence about finalizing the customer feedback compilation. 
Woman: You need to make up your mind quickly, or the project manager will be very disappointed. 
Narrator: What does the woman imply about the man?",What does the woman imply about the man?,Menguji idiom 'on the fence' (ragu-ragu) dan 'make up your mind' (mengambil keputusan). Pilihan B benar karena merefrasa makna idiom tersebut secara akurat.
832,Part C: Academic Talks,listening_simulation_486.mp3,A,A comprehensive analysis of conflict resolution in corporate teams.,An announcement about office vacation.,A historical overview of banking.,A health insurance policy briefing.,Speaker: Good morning class. Today we will explore conflict resolution in corporate teams. Establishing clear communication channels and setting neutral boundaries early helps prevent personal bias from derailing collaborative milestones. This study will serve as our primary benchmark for corporate productivity.,What is the primary subject of the talk?,Pertanyaan mengenai gagasan utama kuliah akademik. Pembicara menyatakan bahwa pembahasan hari ini berpusat pada analisis conflict resolution in corporate teams.
833,Part C: Academic Talks,listening_simulation_486.mp3,B,To reduce employee salaries.,To set a new benchmark for corporate productivity.,To redecorate the executive lounge.,To audit the accounting software.,Speaker: Good morning class. Today we will explore conflict resolution in corporate teams. Establishing clear communication channels and setting neutral boundaries early helps prevent personal bias from derailing collaborative milestones. This study will serve as our primary benchmark for corporate productivity.,What is the main goal of discussing this method?,Pertanyaan informasi spesifik. Pembicara menyebutkan bahwa tujuan studi ini adalah sebagai tolok ukur baru bagi produktivitas perusahaan.
834,Part A (Idiom),listening_simulation_487.mp3,B,The man is sitting on the office boundary fence.,The man is undecided and needs to make a firm choice.,The man already completed the assigned spreadsheet.,The man wants to complain to the supervisor.,"Man: I am honestly still on the fence about finalizing the client's presentation slides. 
Woman: You need to make up your mind quickly, or the marketing coordinator will be very disappointed. 
Narrator: What does the woman imply about the man?",What does the woman imply about the man?,Menguji idiom 'on the fence' (ragu-ragu) dan 'make up your mind' (mengambil keputusan). Pilihan B benar karena merefrasa makna idiom tersebut secara akurat.
835,Part A (Suggestion),listening_simulation_488.mp3,A,Take immediate action to take a fifteen-minute walk to clear your mind.,Ignore the supervisor and quit the current position.,Continue working despite being completely lost and confused about the guidelines.,Submit the report without reviewing the guidelines.,"Man: I am totally completely lost and confused about the guidelines. 
Woman: Why don't you take a fifteen-minute walk to clear your mind before doing anything else? 
Narrator: What does the woman suggest the man do?",What does the woman suggest the man do?,Menguji struktur pemberian saran menggunakan pola 'Why don't you...'. Wanita menyarankan pria agar take a fifteen-minute walk to clear your mind.
836,Part B: Long Conversation,listening_simulation_489.mp3,A,She is unable to back up the data before the computer crashed.,She forgot to attend the lunch meeting.,She lost the printed memo.,She wants to change teams.,"Man: Hi Jane, did you get the memo about the office relocation plan? 
Woman: Yes, but I am unable to back up the data before the computer crashed. 
Man: Don't worry. Let's grab lunch and we can request a temporary extension from the management together.",What is the woman's main concern?,Pertanyaan mengenai permasalahan utama pembicara wanita. Wanita mengeluh bahwa ia sedang mengalami kendala yaitu unable to back up the data before the computer crashed.
837,Part B: Long Conversation,listening_simulation_489.mp3,B,Cancel the project entirely.,Eat lunch and request a temporary extension from the management.,Call the department head.,Buy a new digital manual.,"Man: Hi Jane, did you get the memo about the office relocation plan? 
Woman: Yes, but I am unable to back up the data before the computer crashed. 
Man: Don't worry. Let's grab lunch and we can request a temporary extension from the management together.",What do the speakers plan to do?,Pertanyaan mengenai rencana tindakan. Pria mengajak wanita untuk makan siang bersama sambil melakukan penyelesaian yaitu request a temporary extension from the management.
838,Part B: Long Conversation,listening_simulation_490.mp3,A,She is struggling to meet the tight deadline set by the executive board.,She forgot to attend the lunch meeting.,She lost the printed memo.,She wants to change teams.,"Man: Hi Jane, did you get the memo about the client's presentation slides? 
Woman: Yes, but I am struggling to meet the tight deadline set by the executive board. 
Man: Don't worry. Let's grab lunch and we can take a fifteen-minute walk to clear your mind together.",What is the woman's main concern?,Pertanyaan mengenai permasalahan utama pembicara wanita. Wanita mengeluh bahwa ia sedang mengalami kendala yaitu struggling to meet the tight deadline set by the executive board.
839,Part B: Long Conversation,listening_simulation_490.mp3,B,Cancel the project entirely.,Eat lunch and take a fifteen-minute walk to clear your mind.,Call the department head.,Buy a new digital manual.,"Man: Hi Jane, did you get the memo about the client's presentation slides? 
Woman: Yes, but I am struggling to meet the tight deadline set by the executive board. 
Man: Don't worry. Let's grab lunch and we can take a fifteen-minute walk to clear your mind together.",What do the speakers plan to do?,Pertanyaan mengenai rencana tindakan. Pria mengajak wanita untuk makan siang bersama sambil melakukan penyelesaian yaitu take a fifteen-minute walk to clear your mind.
840,Part B: Long Conversation,listening_simulation_491.mp3,A,She is completely lost and confused about the guidelines.,She forgot to attend the lunch meeting.,She lost the printed memo.,She wants to change teams.,"Man: Hi Jane, did you get the memo about the client's presentation slides? 
Woman: Yes, but I am completely lost and confused about the guidelines. 
Man: Don't worry. Let's grab lunch and we can delegate the administrative tasks to the assistant together.",What is the woman's main concern?,Pertanyaan mengenai permasalahan utama pembicara wanita. Wanita mengeluh bahwa ia sedang mengalami kendala yaitu completely lost and confused about the guidelines.
841,Part B: Long Conversation,listening_simulation_491.mp3,B,Cancel the project entirely.,Eat lunch and delegate the administrative tasks to the assistant.,Call the department head.,Buy a new digital manual.,"Man: Hi Jane, did you get the memo about the client's presentation slides? 
Woman: Yes, but I am completely lost and confused about the guidelines. 
Man: Don't worry. Let's grab lunch and we can delegate the administrative tasks to the assistant together.",What do the speakers plan to do?,Pertanyaan mengenai rencana tindakan. Pria mengajak wanita untuk makan siang bersama sambil melakukan penyelesaian yaitu delegate the administrative tasks to the assistant.
842,Part C: Academic Talks,listening_simulation_492.mp3,A,A comprehensive analysis of the impact of artificial intelligence on logistics.,An announcement about office vacation.,A historical overview of banking.,A health insurance policy briefing.,Speaker: Good morning class. Today we will explore the impact of artificial intelligence on logistics. Using predictive algorithms for warehouse supply chains reduces overhead storage costs by roughly fifteen percent globally. This study will serve as our primary benchmark for corporate productivity.,What is the primary subject of the talk?,Pertanyaan mengenai gagasan utama kuliah akademik. Pembicara menyatakan bahwa pembahasan hari ini berpusat pada analisis the impact of artificial intelligence on logistics.
843,Part C: Academic Talks,listening_simulation_492.mp3,B,To reduce employee salaries.,To set a new benchmark for corporate productivity.,To redecorate the executive lounge.,To audit the accounting software.,Speaker: Good morning class. Today we will explore the impact of artificial intelligence on logistics. Using predictive algorithms for warehouse supply chains reduces overhead storage costs by roughly fifteen percent globally. This study will serve as our primary benchmark for corporate productivity.,What is the main goal of discussing this method?,Pertanyaan informasi spesifik. Pembicara menyebutkan bahwa tujuan studi ini adalah sebagai tolok ukur baru bagi produktivitas perusahaan.
844,Part C: Academic Talks,listening_simulation_493.mp3,A,A comprehensive analysis of sustainable workplace design.,An announcement about office vacation.,A historical overview of banking.,A health insurance policy briefing.,"Speaker: Good morning class. Today we will explore sustainable workplace design. By introducing natural lighting and ergonomic furniture, companies report a twenty percent decrease in employee absenteeism and a massive boost in daily focus. This study will serve as our primary benchmark for corporate productivity.",What is the primary subject of the talk?,Pertanyaan mengenai gagasan utama kuliah akademik. Pembicara menyatakan bahwa pembahasan hari ini berpusat pada analisis sustainable workplace design.
845,Part C: Academic Talks,listening_simulation_493.mp3,B,To reduce employee salaries.,To set a new benchmark for corporate productivity.,To redecorate the executive lounge.,To audit the accounting software.,"Speaker: Good morning class. Today we will explore sustainable workplace design. By introducing natural lighting and ergonomic furniture, companies report a twenty percent decrease in employee absenteeism and a massive boost in daily focus. This study will serve as our primary benchmark for corporate productivity.",What is the main goal of discussing this method?,Pertanyaan informasi spesifik. Pembicara menyebutkan bahwa tujuan studi ini adalah sebagai tolok ukur baru bagi produktivitas perusahaan.
846,Part A (Agreement),listening_simulation_494.mp3,B,She wants the man to repeat his statement about the timeline.,She completely agrees that the workload schedule is too demanding.,She thinks the project has already been canceled.,She prefers to work late at night rather than early morning.,"Man: The timeline to finish the customer feedback compilation is absurdly tight. 
Woman: You can say that again! I've been working non-stop since dawn. 
Narrator: What does the woman mean?",What does the woman mean?,Menguji ekspresi persetujuan (Agreement) 'You can say that again!' yang berarti pembicara kedua sangat setuju dengan pendapat pembicara pertama.
847,Part A (Suggestion),listening_simulation_495.mp3,A,Take immediate action to request a temporary extension from the management.,Ignore the supervisor and quit the current position.,Continue working despite being completely lost and confused about the guidelines.,Submit the report without reviewing the guidelines.,"Man: I am totally completely lost and confused about the guidelines. 
Woman: Why don't you request a temporary extension from the management before doing anything else? 
Narrator: What does the woman suggest the man do?",What does the woman suggest the man do?,Menguji struktur pemberian saran menggunakan pola 'Why don't you...'. Wanita menyarankan pria agar request a temporary extension from the management.
848,Part C: Academic Talks,listening_simulation_496.mp3,A,A comprehensive analysis of conflict resolution in corporate teams.,An announcement about office vacation.,A historical overview of banking.,A health insurance policy briefing.,Speaker: Good morning class. Today we will explore conflict resolution in corporate teams. Establishing clear communication channels and setting neutral boundaries early helps prevent personal bias from derailing collaborative milestones. This study will serve as our primary benchmark for corporate productivity.,What is the primary subject of the talk?,Pertanyaan mengenai gagasan utama kuliah akademik. Pembicara menyatakan bahwa pembahasan hari ini berpusat pada analisis conflict resolution in corporate teams.
849,Part C: Academic Talks,listening_simulation_496.mp3,B,To reduce employee salaries.,To set a new benchmark for corporate productivity.,To redecorate the executive lounge.,To audit the accounting software.,Speaker: Good morning class. Today we will explore conflict resolution in corporate teams. Establishing clear communication channels and setting neutral boundaries early helps prevent personal bias from derailing collaborative milestones. This study will serve as our primary benchmark for corporate productivity.,What is the main goal of discussing this method?,Pertanyaan informasi spesifik. Pembicara menyebutkan bahwa tujuan studi ini adalah sebagai tolok ukur baru bagi produktivitas perusahaan.
850,Part C: Academic Talks,listening_simulation_497.mp3,A,A comprehensive analysis of sustainable workplace design.,An announcement about office vacation.,A historical overview of banking.,A health insurance policy briefing.,"Speaker: Good morning class. Today we will explore sustainable workplace design. By introducing natural lighting and ergonomic furniture, companies report a twenty percent decrease in employee absenteeism and a massive boost in daily focus. This study will serve as our primary benchmark for corporate productivity.",What is the primary subject of the talk?,Pertanyaan mengenai gagasan utama kuliah akademik. Pembicara menyatakan bahwa pembahasan hari ini berpusat pada analisis sustainable workplace design.
851,Part C: Academic Talks,listening_simulation_497.mp3,B,To reduce employee salaries.,To set a new benchmark for corporate productivity.,To redecorate the executive lounge.,To audit the accounting software.,"Speaker: Good morning class. Today we will explore sustainable workplace design. By introducing natural lighting and ergonomic furniture, companies report a twenty percent decrease in employee absenteeism and a massive boost in daily focus. This study will serve as our primary benchmark for corporate productivity.",What is the main goal of discussing this method?,Pertanyaan informasi spesifik. Pembicara menyebutkan bahwa tujuan studi ini adalah sebagai tolok ukur baru bagi produktivitas perusahaan.
852,Part B: Long Conversation,listening_simulation_498.mp3,A,She is completely lost and confused about the guidelines.,She forgot to attend the lunch meeting.,She lost the printed memo.,She wants to change teams.,"Man: Hi Jane, did you get the memo about the customer feedback compilation? 
Woman: Yes, but I am completely lost and confused about the guidelines. 
Man: Don't worry. Let's grab lunch and we can review the training video manual sent by the coordinator together.",What is the woman's main concern?,Pertanyaan mengenai permasalahan utama pembicara wanita. Wanita mengeluh bahwa ia sedang mengalami kendala yaitu completely lost and confused about the guidelines.
853,Part B: Long Conversation,listening_simulation_498.mp3,B,Cancel the project entirely.,Eat lunch and review the training video manual sent by the coordinator.,Call the department head.,Buy a new digital manual.,"Man: Hi Jane, did you get the memo about the customer feedback compilation? 
Woman: Yes, but I am completely lost and confused about the guidelines. 
Man: Don't worry. Let's grab lunch and we can review the training video manual sent by the coordinator together.",What do the speakers plan to do?,Pertanyaan mengenai rencana tindakan. Pria mengajak wanita untuk makan siang bersama sambil melakukan penyelesaian yaitu review the training video manual sent by the coordinator.
854,Part A (Agreement),listening_simulation_499.mp3,B,She wants the man to repeat his statement about the timeline.,She completely agrees that the workload schedule is too demanding.,She thinks the project has already been canceled.,She prefers to work late at night rather than early morning.,"Man: The timeline to finish the social media campaign draft is absurdly tight. 
Woman: You can say that again! I've been working non-stop since dawn. 
Narrator: What does the woman mean?",What does the woman mean?,Menguji ekspresi persetujuan (Agreement) 'You can say that again!' yang berarti pembicara kedua sangat setuju dengan pendapat pembicara pertama.
855,Part C: Academic Talks,listening_simulation_500.mp3,A,A comprehensive analysis of conflict resolution in corporate teams.,An announcement about office vacation.,A historical overview of banking.,A health insurance policy briefing.,Speaker: Good morning class. Today we will explore conflict resolution in corporate teams. Establishing clear communication channels and setting neutral boundaries early helps prevent personal bias from derailing collaborative milestones. This study will serve as our primary benchmark for corporate productivity.,What is the primary subject of the talk?,Pertanyaan mengenai gagasan utama kuliah akademik. Pembicara menyatakan bahwa pembahasan hari ini berpusat pada analisis conflict resolution in corporate teams.
856,Part C: Academic Talks,listening_simulation_500.mp3,B,To reduce employee salaries.,To set a new benchmark for corporate productivity.,To redecorate the executive lounge.,To audit the accounting software.,Speaker: Good morning class. Today we will explore conflict resolution in corporate teams. Establishing clear communication channels and setting neutral boundaries early helps prevent personal bias from derailing collaborative milestones. This study will serve as our primary benchmark for corporate productivity.,What is the main goal of discussing this method?,Pertanyaan informasi spesifik. Pembicara menyebutkan bahwa tujuan studi ini adalah sebagai tolok ukur baru bagi produktivitas perusahaan.
857,Part A (Suggestion),listening_simulation_501.mp3,A,Take immediate action to request a temporary extension from the management.,Ignore the supervisor and quit the current position.,Continue working despite being drowning under the immense workload this week.,Submit the report without reviewing the guidelines.,"Man: I am totally drowning under the immense workload this week. 
Woman: Why don't you request a temporary extension from the management before doing anything else? 
Narrator: What does the woman suggest the man do?",What does the woman suggest the man do?,Menguji struktur pemberian saran menggunakan pola 'Why don't you...'. Wanita menyarankan pria agar request a temporary extension from the management.
858,Part B: Long Conversation,listening_simulation_502.mp3,A,She is unable to back up the data before the computer crashed.,She forgot to attend the lunch meeting.,She lost the printed memo.,She wants to change teams.,"Man: Hi Jane, did you get the memo about the social media campaign draft? 
Woman: Yes, but I am unable to back up the data before the computer crashed. 
Man: Don't worry. Let's grab lunch and we can delegate the administrative tasks to the assistant together.",What is the woman's main concern?,Pertanyaan mengenai permasalahan utama pembicara wanita. Wanita mengeluh bahwa ia sedang mengalami kendala yaitu unable to back up the data before the computer crashed.
859,Part B: Long Conversation,listening_simulation_502.mp3,B,Cancel the project entirely.,Eat lunch and delegate the administrative tasks to the assistant.,Call the department head.,Buy a new digital manual.,"Man: Hi Jane, did you get the memo about the social media campaign draft? 
Woman: Yes, but I am unable to back up the data before the computer crashed. 
Man: Don't worry. Let's grab lunch and we can delegate the administrative tasks to the assistant together.",What do the speakers plan to do?,Pertanyaan mengenai rencana tindakan. Pria mengajak wanita untuk makan siang bersama sambil melakukan penyelesaian yaitu delegate the administrative tasks to the assistant.
860,Part A (Suggestion),listening_simulation_503.mp3,A,Take immediate action to delegate the administrative tasks to the assistant.,Ignore the supervisor and quit the current position.,Continue working despite being unable to back up the data before the computer crashed.,Submit the report without reviewing the guidelines.,"Man: I am totally unable to back up the data before the computer crashed. 
Woman: Why don't you delegate the administrative tasks to the assistant before doing anything else? 
Narrator: What does the woman suggest the man do?",What does the woman suggest the man do?,Menguji struktur pemberian saran menggunakan pola 'Why don't you...'. Wanita menyarankan pria agar delegate the administrative tasks to the assistant.
861,Part B: Long Conversation,listening_simulation_504.mp3,A,She is completely lost and confused about the guidelines.,She forgot to attend the lunch meeting.,She lost the printed memo.,She wants to change teams.,"Man: Hi Jane, did you get the memo about the recruitment interview schedule? 
Woman: Yes, but I am completely lost and confused about the guidelines. 
Man: Don't worry. Let's grab lunch and we can request a temporary extension from the management together.",What is the woman's main concern?,Pertanyaan mengenai permasalahan utama pembicara wanita. Wanita mengeluh bahwa ia sedang mengalami kendala yaitu completely lost and confused about the guidelines.
862,Part B: Long Conversation,listening_simulation_504.mp3,B,Cancel the project entirely.,Eat lunch and request a temporary extension from the management.,Call the department head.,Buy a new digital manual.,"Man: Hi Jane, did you get the memo about the recruitment interview schedule? 
Woman: Yes, but I am completely lost and confused about the guidelines. 
Man: Don't worry. Let's grab lunch and we can request a temporary extension from the management together.",What do the speakers plan to do?,Pertanyaan mengenai rencana tindakan. Pria mengajak wanita untuk makan siang bersama sambil melakukan penyelesaian yaitu request a temporary extension from the management.
863,Part C: Academic Talks,listening_simulation_505.mp3,A,A comprehensive analysis of sustainable workplace design.,An announcement about office vacation.,A historical overview of banking.,A health insurance policy briefing.,"Speaker: Good morning class. Today we will explore sustainable workplace design. By introducing natural lighting and ergonomic furniture, companies report a twenty percent decrease in employee absenteeism and a massive boost in daily focus. This study will serve as our primary benchmark for corporate productivity.",What is the primary subject of the talk?,Pertanyaan mengenai gagasan utama kuliah akademik. Pembicara menyatakan bahwa pembahasan hari ini berpusat pada analisis sustainable workplace design.
864,Part C: Academic Talks,listening_simulation_505.mp3,B,To reduce employee salaries.,To set a new benchmark for corporate productivity.,To redecorate the executive lounge.,To audit the accounting software.,"Speaker: Good morning class. Today we will explore sustainable workplace design. By introducing natural lighting and ergonomic furniture, companies report a twenty percent decrease in employee absenteeism and a massive boost in daily focus. This study will serve as our primary benchmark for corporate productivity.",What is the main goal of discussing this method?,Pertanyaan informasi spesifik. Pembicara menyebutkan bahwa tujuan studi ini adalah sebagai tolok ukur baru bagi produktivitas perusahaan.
865,Part B: Long Conversation,listening_simulation_506.mp3,A,She is unable to back up the data before the computer crashed.,She forgot to attend the lunch meeting.,She lost the printed memo.,She wants to change teams.,"Man: Hi Jane, did you get the memo about the client's presentation slides? 
Woman: Yes, but I am unable to back up the data before the computer crashed. 
Man: Don't worry. Let's grab lunch and we can review the training video manual sent by the coordinator together.",What is the woman's main concern?,Pertanyaan mengenai permasalahan utama pembicara wanita. Wanita mengeluh bahwa ia sedang mengalami kendala yaitu unable to back up the data before the computer crashed.
866,Part B: Long Conversation,listening_simulation_506.mp3,B,Cancel the project entirely.,Eat lunch and review the training video manual sent by the coordinator.,Call the department head.,Buy a new digital manual.,"Man: Hi Jane, did you get the memo about the client's presentation slides? 
Woman: Yes, but I am unable to back up the data before the computer crashed. 
Man: Don't worry. Let's grab lunch and we can review the training video manual sent by the coordinator together.",What do the speakers plan to do?,Pertanyaan mengenai rencana tindakan. Pria mengajak wanita untuk makan siang bersama sambil melakukan penyelesaian yaitu review the training video manual sent by the coordinator.
867,Part A (Suggestion),listening_simulation_507.mp3,A,Take immediate action to take a fifteen-minute walk to clear your mind.,Ignore the supervisor and quit the current position.,Continue working despite being unable to back up the data before the computer crashed.,Submit the report without reviewing the guidelines.,"Man: I am totally unable to back up the data before the computer crashed. 
Woman: Why don't you take a fifteen-minute walk to clear your mind before doing anything else? 
Narrator: What does the woman suggest the man do?",What does the woman suggest the man do?,Menguji struktur pemberian saran menggunakan pola 'Why don't you...'. Wanita menyarankan pria agar take a fifteen-minute walk to clear your mind.
868,Part C: Academic Talks,listening_simulation_508.mp3,A,A comprehensive analysis of the impact of artificial intelligence on logistics.,An announcement about office vacation.,A historical overview of banking.,A health insurance policy briefing.,Speaker: Good morning class. Today we will explore the impact of artificial intelligence on logistics. Using predictive algorithms for warehouse supply chains reduces overhead storage costs by roughly fifteen percent globally. This study will serve as our primary benchmark for corporate productivity.,What is the primary subject of the talk?,Pertanyaan mengenai gagasan utama kuliah akademik. Pembicara menyatakan bahwa pembahasan hari ini berpusat pada analisis the impact of artificial intelligence on logistics.
869,Part C: Academic Talks,listening_simulation_508.mp3,B,To reduce employee salaries.,To set a new benchmark for corporate productivity.,To redecorate the executive lounge.,To audit the accounting software.,Speaker: Good morning class. Today we will explore the impact of artificial intelligence on logistics. Using predictive algorithms for warehouse supply chains reduces overhead storage costs by roughly fifteen percent globally. This study will serve as our primary benchmark for corporate productivity.,What is the main goal of discussing this method?,Pertanyaan informasi spesifik. Pembicara menyebutkan bahwa tujuan studi ini adalah sebagai tolok ukur baru bagi produktivitas perusahaan.
870,Part B: Long Conversation,listening_simulation_509.mp3,A,She is unable to back up the data before the computer crashed.,She forgot to attend the lunch meeting.,She lost the printed memo.,She wants to change teams.,"Man: Hi Jane, did you get the memo about the quarterly inventory log? 
Woman: Yes, but I am unable to back up the data before the computer crashed. 
Man: Don't worry. Let's grab lunch and we can take a fifteen-minute walk to clear your mind together.",What is the woman's main concern?,Pertanyaan mengenai permasalahan utama pembicara wanita. Wanita mengeluh bahwa ia sedang mengalami kendala yaitu unable to back up the data before the computer crashed.
871,Part B: Long Conversation,listening_simulation_509.mp3,B,Cancel the project entirely.,Eat lunch and take a fifteen-minute walk to clear your mind.,Call the department head.,Buy a new digital manual.,"Man: Hi Jane, did you get the memo about the quarterly inventory log? 
Woman: Yes, but I am unable to back up the data before the computer crashed. 
Man: Don't worry. Let's grab lunch and we can take a fifteen-minute walk to clear your mind together.",What do the speakers plan to do?,Pertanyaan mengenai rencana tindakan. Pria mengajak wanita untuk makan siang bersama sambil melakukan penyelesaian yaitu take a fifteen-minute walk to clear your mind.
872,Part B: Long Conversation,listening_simulation_510.mp3,A,She is having a terrible misunderstanding with the logistics team.,She forgot to attend the lunch meeting.,She lost the printed memo.,She wants to change teams.,"Man: Hi Jane, did you get the memo about the recruitment interview schedule? 
Woman: Yes, but I am having a terrible misunderstanding with the logistics team. 
Man: Don't worry. Let's grab lunch and we can review the training video manual sent by the coordinator together.",What is the woman's main concern?,Pertanyaan mengenai permasalahan utama pembicara wanita. Wanita mengeluh bahwa ia sedang mengalami kendala yaitu having a terrible misunderstanding with the logistics team.
873,Part B: Long Conversation,listening_simulation_510.mp3,B,Cancel the project entirely.,Eat lunch and review the training video manual sent by the coordinator.,Call the department head.,Buy a new digital manual.,"Man: Hi Jane, did you get the memo about the recruitment interview schedule? 
Woman: Yes, but I am having a terrible misunderstanding with the logistics team. 
Man: Don't worry. Let's grab lunch and we can review the training video manual sent by the coordinator together.",What do the speakers plan to do?,Pertanyaan mengenai rencana tindakan. Pria mengajak wanita untuk makan siang bersama sambil melakukan penyelesaian yaitu review the training video manual sent by the coordinator.
874,Part B: Long Conversation,listening_simulation_511.mp3,A,She is unable to back up the data before the computer crashed.,She forgot to attend the lunch meeting.,She lost the printed memo.,She wants to change teams.,"Man: Hi Jane, did you get the memo about the quarterly inventory log? 
Woman: Yes, but I am unable to back up the data before the computer crashed. 
Man: Don't worry. Let's grab lunch and we can schedule an urgent one-on-one meeting with the director together.",What is the woman's main concern?,Pertanyaan mengenai permasalahan utama pembicara wanita. Wanita mengeluh bahwa ia sedang mengalami kendala yaitu unable to back up the data before the computer crashed.
875,Part B: Long Conversation,listening_simulation_511.mp3,B,Cancel the project entirely.,Eat lunch and schedule an urgent one-on-one meeting with the director.,Call the department head.,Buy a new digital manual.,"Man: Hi Jane, did you get the memo about the quarterly inventory log? 
Woman: Yes, but I am unable to back up the data before the computer crashed. 
Man: Don't worry. Let's grab lunch and we can schedule an urgent one-on-one meeting with the director together.",What do the speakers plan to do?,Pertanyaan mengenai rencana tindakan. Pria mengajak wanita untuk makan siang bersama sambil melakukan penyelesaian yaitu schedule an urgent one-on-one meeting with the director.
876,Part A (Suggestion),listening_simulation_512.mp3,A,Take immediate action to delegate the administrative tasks to the assistant.,Ignore the supervisor and quit the current position.,Continue working despite being drowning under the immense workload this week.,Submit the report without reviewing the guidelines.,"Man: I am totally drowning under the immense workload this week. 
Woman: Why don't you delegate the administrative tasks to the assistant before doing anything else? 
Narrator: What does the woman suggest the man do?",What does the woman suggest the man do?,Menguji struktur pemberian saran menggunakan pola 'Why don't you...'. Wanita menyarankan pria agar delegate the administrative tasks to the assistant.
877,Part C: Academic Talks,listening_simulation_513.mp3,A,A comprehensive analysis of sustainable workplace design.,An announcement about office vacation.,A historical overview of banking.,A health insurance policy briefing.,"Speaker: Good morning class. Today we will explore sustainable workplace design. By introducing natural lighting and ergonomic furniture, companies report a twenty percent decrease in employee absenteeism and a massive boost in daily focus. This study will serve as our primary benchmark for corporate productivity.",What is the primary subject of the talk?,Pertanyaan mengenai gagasan utama kuliah akademik. Pembicara menyatakan bahwa pembahasan hari ini berpusat pada analisis sustainable workplace design.
878,Part C: Academic Talks,listening_simulation_513.mp3,B,To reduce employee salaries.,To set a new benchmark for corporate productivity.,To redecorate the executive lounge.,To audit the accounting software.,"Speaker: Good morning class. Today we will explore sustainable workplace design. By introducing natural lighting and ergonomic furniture, companies report a twenty percent decrease in employee absenteeism and a massive boost in daily focus. This study will serve as our primary benchmark for corporate productivity.",What is the main goal of discussing this method?,Pertanyaan informasi spesifik. Pembicara menyebutkan bahwa tujuan studi ini adalah sebagai tolok ukur baru bagi produktivitas perusahaan.
879,Part A (Suggestion),listening_simulation_514.mp3,A,Take immediate action to delegate the administrative tasks to the assistant.,Ignore the supervisor and quit the current position.,Continue working despite being completely lost and confused about the guidelines.,Submit the report without reviewing the guidelines.,"Man: I am totally completely lost and confused about the guidelines. 
Woman: Why don't you delegate the administrative tasks to the assistant before doing anything else? 
Narrator: What does the woman suggest the man do?",What does the woman suggest the man do?,Menguji struktur pemberian saran menggunakan pola 'Why don't you...'. Wanita menyarankan pria agar delegate the administrative tasks to the assistant.
880,Part B: Long Conversation,listening_simulation_515.mp3,A,She is unable to back up the data before the computer crashed.,She forgot to attend the lunch meeting.,She lost the printed memo.,She wants to change teams.,"Man: Hi Jane, did you get the memo about the annual tax report? 
Woman: Yes, but I am unable to back up the data before the computer crashed. 
Man: Don't worry. Let's grab lunch and we can schedule an urgent one-on-one meeting with the director together.",What is the woman's main concern?,Pertanyaan mengenai permasalahan utama pembicara wanita. Wanita mengeluh bahwa ia sedang mengalami kendala yaitu unable to back up the data before the computer crashed.
881,Part B: Long Conversation,listening_simulation_515.mp3,B,Cancel the project entirely.,Eat lunch and schedule an urgent one-on-one meeting with the director.,Call the department head.,Buy a new digital manual.,"Man: Hi Jane, did you get the memo about the annual tax report? 
Woman: Yes, but I am unable to back up the data before the computer crashed. 
Man: Don't worry. Let's grab lunch and we can schedule an urgent one-on-one meeting with the director together.",What do the speakers plan to do?,Pertanyaan mengenai rencana tindakan. Pria mengajak wanita untuk makan siang bersama sambil melakukan penyelesaian yaitu schedule an urgent one-on-one meeting with the director.
882,Part B: Long Conversation,listening_simulation_516.mp3,A,She is having a terrible misunderstanding with the logistics team.,She forgot to attend the lunch meeting.,She lost the printed memo.,She wants to change teams.,"Man: Hi Jane, did you get the memo about the social media campaign draft? 
Woman: Yes, but I am having a terrible misunderstanding with the logistics team. 
Man: Don't worry. Let's grab lunch and we can schedule an urgent one-on-one meeting with the director together.",What is the woman's main concern?,Pertanyaan mengenai permasalahan utama pembicara wanita. Wanita mengeluh bahwa ia sedang mengalami kendala yaitu having a terrible misunderstanding with the logistics team.
883,Part B: Long Conversation,listening_simulation_516.mp3,B,Cancel the project entirely.,Eat lunch and schedule an urgent one-on-one meeting with the director.,Call the department head.,Buy a new digital manual.,"Man: Hi Jane, did you get the memo about the social media campaign draft? 
Woman: Yes, but I am having a terrible misunderstanding with the logistics team. 
Man: Don't worry. Let's grab lunch and we can schedule an urgent one-on-one meeting with the director together.",What do the speakers plan to do?,Pertanyaan mengenai rencana tindakan. Pria mengajak wanita untuk makan siang bersama sambil melakukan penyelesaian yaitu schedule an urgent one-on-one meeting with the director.
884,Part A (Idiom),listening_simulation_517.mp3,B,The man is sitting on the office boundary fence.,The man is undecided and needs to make a firm choice.,The man already completed the assigned spreadsheet.,The man wants to complain to the supervisor.,"Man: I am honestly still on the fence about finalizing the client's presentation slides. 
Woman: You need to make up your mind quickly, or the department head will be very disappointed. 
Narrator: What does the woman imply about the man?",What does the woman imply about the man?,Menguji idiom 'on the fence' (ragu-ragu) dan 'make up your mind' (mengambil keputusan). Pilihan B benar karena merefrasa makna idiom tersebut secara akurat.
885,Part A (Suggestion),listening_simulation_518.mp3,A,Take immediate action to take a fifteen-minute walk to clear your mind.,Ignore the supervisor and quit the current position.,Continue working despite being unable to back up the data before the computer crashed.,Submit the report without reviewing the guidelines.,"Man: I am totally unable to back up the data before the computer crashed. 
Woman: Why don't you take a fifteen-minute walk to clear your mind before doing anything else? 
Narrator: What does the woman suggest the man do?",What does the woman suggest the man do?,Menguji struktur pemberian saran menggunakan pola 'Why don't you...'. Wanita menyarankan pria agar take a fifteen-minute walk to clear your mind.
886,Part A (Suggestion),listening_simulation_519.mp3,A,Take immediate action to request a temporary extension from the management.,Ignore the supervisor and quit the current position.,Continue working despite being having a terrible misunderstanding with the logistics team.,Submit the report without reviewing the guidelines.,"Man: I am totally having a terrible misunderstanding with the logistics team. 
Woman: Why don't you request a temporary extension from the management before doing anything else? 
Narrator: What does the woman suggest the man do?",What does the woman suggest the man do?,Menguji struktur pemberian saran menggunakan pola 'Why don't you...'. Wanita menyarankan pria agar request a temporary extension from the management.
887,Part C: Academic Talks,listening_simulation_520.mp3,A,A comprehensive analysis of the psychology of consumer choice.,An announcement about office vacation.,A historical overview of banking.,A health insurance policy briefing.,"Speaker: Good morning class. Today we will explore the psychology of consumer choice. Limiting the number of options on a retail display reduces decision fatigue, which paradoxically increases the final conversion rate by thirty percent. This study will serve as our primary benchmark for corporate productivity.",What is the primary subject of the talk?,Pertanyaan mengenai gagasan utama kuliah akademik. Pembicara menyatakan bahwa pembahasan hari ini berpusat pada analisis the psychology of consumer choice.
888,Part C: Academic Talks,listening_simulation_520.mp3,B,To reduce employee salaries.,To set a new benchmark for corporate productivity.,To redecorate the executive lounge.,To audit the accounting software.,"Speaker: Good morning class. Today we will explore the psychology of consumer choice. Limiting the number of options on a retail display reduces decision fatigue, which paradoxically increases the final conversion rate by thirty percent. This study will serve as our primary benchmark for corporate productivity.",What is the main goal of discussing this method?,Pertanyaan informasi spesifik. Pembicara menyebutkan bahwa tujuan studi ini adalah sebagai tolok ukur baru bagi produktivitas perusahaan.
889,Part B: Long Conversation,listening_simulation_521.mp3,A,She is having a terrible misunderstanding with the logistics team.,She forgot to attend the lunch meeting.,She lost the printed memo.,She wants to change teams.,"Man: Hi Jane, did you get the memo about the client's presentation slides? 
Woman: Yes, but I am having a terrible misunderstanding with the logistics team. 
Man: Don't worry. Let's grab lunch and we can request a temporary extension from the management together.",What is the woman's main concern?,Pertanyaan mengenai permasalahan utama pembicara wanita. Wanita mengeluh bahwa ia sedang mengalami kendala yaitu having a terrible misunderstanding with the logistics team.
890,Part B: Long Conversation,listening_simulation_521.mp3,B,Cancel the project entirely.,Eat lunch and request a temporary extension from the management.,Call the department head.,Buy a new digital manual.,"Man: Hi Jane, did you get the memo about the client's presentation slides? 
Woman: Yes, but I am having a terrible misunderstanding with the logistics team. 
Man: Don't worry. Let's grab lunch and we can request a temporary extension from the management together.",What do the speakers plan to do?,Pertanyaan mengenai rencana tindakan. Pria mengajak wanita untuk makan siang bersama sambil melakukan penyelesaian yaitu request a temporary extension from the management.
891,Part B: Long Conversation,listening_simulation_522.mp3,A,She is completely lost and confused about the guidelines.,She forgot to attend the lunch meeting.,She lost the printed memo.,She wants to change teams.,"Man: Hi Jane, did you get the memo about the recruitment interview schedule? 
Woman: Yes, but I am completely lost and confused about the guidelines. 
Man: Don't worry. Let's grab lunch and we can request a temporary extension from the management together.",What is the woman's main concern?,Pertanyaan mengenai permasalahan utama pembicara wanita. Wanita mengeluh bahwa ia sedang mengalami kendala yaitu completely lost and confused about the guidelines.
892,Part B: Long Conversation,listening_simulation_522.mp3,B,Cancel the project entirely.,Eat lunch and request a temporary extension from the management.,Call the department head.,Buy a new digital manual.,"Man: Hi Jane, did you get the memo about the recruitment interview schedule? 
Woman: Yes, but I am completely lost and confused about the guidelines. 
Man: Don't worry. Let's grab lunch and we can request a temporary extension from the management together.",What do the speakers plan to do?,Pertanyaan mengenai rencana tindakan. Pria mengajak wanita untuk makan siang bersama sambil melakukan penyelesaian yaitu request a temporary extension from the management.
893,Part A (Idiom),listening_simulation_523.mp3,B,The man is sitting on the office boundary fence.,The man is undecided and needs to make a firm choice.,The man already completed the assigned spreadsheet.,The man wants to complain to the supervisor.,"Man: I am honestly still on the fence about finalizing the quarterly inventory log. 
Woman: You need to make up your mind quickly, or the marketing coordinator will be very disappointed. 
Narrator: What does the woman imply about the man?",What does the woman imply about the man?,Menguji idiom 'on the fence' (ragu-ragu) dan 'make up your mind' (mengambil keputusan). Pilihan B benar karena merefrasa makna idiom tersebut secara akurat.
894,Part B: Long Conversation,listening_simulation_524.mp3,A,She is having a terrible misunderstanding with the logistics team.,She forgot to attend the lunch meeting.,She lost the printed memo.,She wants to change teams.,"Man: Hi Jane, did you get the memo about the quarterly budget spreadsheet? 
Woman: Yes, but I am having a terrible misunderstanding with the logistics team. 
Man: Don't worry. Let's grab lunch and we can take a fifteen-minute walk to clear your mind together.",What is the woman's main concern?,Pertanyaan mengenai permasalahan utama pembicara wanita. Wanita mengeluh bahwa ia sedang mengalami kendala yaitu having a terrible misunderstanding with the logistics team.
895,Part B: Long Conversation,listening_simulation_524.mp3,B,Cancel the project entirely.,Eat lunch and take a fifteen-minute walk to clear your mind.,Call the department head.,Buy a new digital manual.,"Man: Hi Jane, did you get the memo about the quarterly budget spreadsheet? 
Woman: Yes, but I am having a terrible misunderstanding with the logistics team. 
Man: Don't worry. Let's grab lunch and we can take a fifteen-minute walk to clear your mind together.",What do the speakers plan to do?,Pertanyaan mengenai rencana tindakan. Pria mengajak wanita untuk makan siang bersama sambil melakukan penyelesaian yaitu take a fifteen-minute walk to clear your mind.
896,Part A (Idiom),listening_simulation_525.mp3,B,The man is sitting on the office boundary fence.,The man is undecided and needs to make a firm choice.,The man already completed the assigned spreadsheet.,The man wants to complain to the supervisor.,"Man: I am honestly still on the fence about finalizing the quarterly inventory log. 
Woman: You need to make up your mind quickly, or the supervisor will be very disappointed. 
Narrator: What does the woman imply about the man?",What does the woman imply about the man?,Menguji idiom 'on the fence' (ragu-ragu) dan 'make up your mind' (mengambil keputusan). Pilihan B benar karena merefrasa makna idiom tersebut secara akurat.
897,Part C: Academic Talks,listening_simulation_526.mp3,A,A comprehensive analysis of sustainable workplace design.,An announcement about office vacation.,A historical overview of banking.,A health insurance policy briefing.,"Speaker: Good morning class. Today we will explore sustainable workplace design. By introducing natural lighting and ergonomic furniture, companies report a twenty percent decrease in employee absenteeism and a massive boost in daily focus. This study will serve as our primary benchmark for corporate productivity.",What is the primary subject of the talk?,Pertanyaan mengenai gagasan utama kuliah akademik. Pembicara menyatakan bahwa pembahasan hari ini berpusat pada analisis sustainable workplace design.
898,Part C: Academic Talks,listening_simulation_526.mp3,B,To reduce employee salaries.,To set a new benchmark for corporate productivity.,To redecorate the executive lounge.,To audit the accounting software.,"Speaker: Good morning class. Today we will explore sustainable workplace design. By introducing natural lighting and ergonomic furniture, companies report a twenty percent decrease in employee absenteeism and a massive boost in daily focus. This study will serve as our primary benchmark for corporate productivity.",What is the main goal of discussing this method?,Pertanyaan informasi spesifik. Pembicara menyebutkan bahwa tujuan studi ini adalah sebagai tolok ukur baru bagi produktivitas perusahaan.
899,Part A (Suggestion),listening_simulation_527.mp3,A,Take immediate action to review the training video manual sent by the coordinator.,Ignore the supervisor and quit the current position.,Continue working despite being struggling to meet the tight deadline set by the executive board.,Submit the report without reviewing the guidelines.,"Man: I am totally struggling to meet the tight deadline set by the executive board. 
Woman: Why don't you review the training video manual sent by the coordinator before doing anything else? 
Narrator: What does the woman suggest the man do?",What does the woman suggest the man do?,Menguji struktur pemberian saran menggunakan pola 'Why don't you...'. Wanita menyarankan pria agar review the training video manual sent by the coordinator.
900,Part A (Idiom),listening_simulation_528.mp3,B,The man is sitting on the office boundary fence.,The man is undecided and needs to make a firm choice.,The man already completed the assigned spreadsheet.,The man wants to complain to the supervisor.,"Man: I am honestly still on the fence about finalizing the office relocation plan. 
Woman: You need to make up your mind quickly, or the HR director will be very disappointed. 
Narrator: What does the woman imply about the man?",What does the woman imply about the man?,Menguji idiom 'on the fence' (ragu-ragu) dan 'make up your mind' (mengambil keputusan). Pilihan B benar karena merefrasa makna idiom tersebut secara akurat.
901,Part C: Academic Talks,listening_simulation_529.mp3,A,A comprehensive analysis of the psychology of consumer choice.,An announcement about office vacation.,A historical overview of banking.,A health insurance policy briefing.,"Speaker: Good morning class. Today we will explore the psychology of consumer choice. Limiting the number of options on a retail display reduces decision fatigue, which paradoxically increases the final conversion rate by thirty percent. This study will serve as our primary benchmark for corporate productivity.",What is the primary subject of the talk?,Pertanyaan mengenai gagasan utama kuliah akademik. Pembicara menyatakan bahwa pembahasan hari ini berpusat pada analisis the psychology of consumer choice.
902,Part C: Academic Talks,listening_simulation_529.mp3,B,To reduce employee salaries.,To set a new benchmark for corporate productivity.,To redecorate the executive lounge.,To audit the accounting software.,"Speaker: Good morning class. Today we will explore the psychology of consumer choice. Limiting the number of options on a retail display reduces decision fatigue, which paradoxically increases the final conversion rate by thirty percent. This study will serve as our primary benchmark for corporate productivity.",What is the main goal of discussing this method?,Pertanyaan informasi spesifik. Pembicara menyebutkan bahwa tujuan studi ini adalah sebagai tolok ukur baru bagi produktivitas perusahaan.
903,Part A (Idiom),listening_simulation_530.mp3,B,The man is sitting on the office boundary fence.,The man is undecided and needs to make a firm choice.,The man already completed the assigned spreadsheet.,The man wants to complain to the supervisor.,"Man: I am honestly still on the fence about finalizing the customer feedback compilation. 
Woman: You need to make up your mind quickly, or the HR director will be very disappointed. 
Narrator: What does the woman imply about the man?",What does the woman imply about the man?,Menguji idiom 'on the fence' (ragu-ragu) dan 'make up your mind' (mengambil keputusan). Pilihan B benar karena merefrasa makna idiom tersebut secara akurat.
904,Part A (Idiom),listening_simulation_531.mp3,B,The man is sitting on the office boundary fence.,The man is undecided and needs to make a firm choice.,The man already completed the assigned spreadsheet.,The man wants to complain to the supervisor.,"Man: I am honestly still on the fence about finalizing the recruitment interview schedule. 
Woman: You need to make up your mind quickly, or the HR director will be very disappointed. 
Narrator: What does the woman imply about the man?",What does the woman imply about the man?,Menguji idiom 'on the fence' (ragu-ragu) dan 'make up your mind' (mengambil keputusan). Pilihan B benar karena merefrasa makna idiom tersebut secara akurat.
905,Part B: Long Conversation,listening_simulation_532.mp3,A,She is having a terrible misunderstanding with the logistics team.,She forgot to attend the lunch meeting.,She lost the printed memo.,She wants to change teams.,"Man: Hi Jane, did you get the memo about the client's presentation slides? 
Woman: Yes, but I am having a terrible misunderstanding with the logistics team. 
Man: Don't worry. Let's grab lunch and we can delegate the administrative tasks to the assistant together.",What is the woman's main concern?,Pertanyaan mengenai permasalahan utama pembicara wanita. Wanita mengeluh bahwa ia sedang mengalami kendala yaitu having a terrible misunderstanding with the logistics team.
906,Part B: Long Conversation,listening_simulation_532.mp3,B,Cancel the project entirely.,Eat lunch and delegate the administrative tasks to the assistant.,Call the department head.,Buy a new digital manual.,"Man: Hi Jane, did you get the memo about the client's presentation slides? 
Woman: Yes, but I am having a terrible misunderstanding with the logistics team. 
Man: Don't worry. Let's grab lunch and we can delegate the administrative tasks to the assistant together.",What do the speakers plan to do?,Pertanyaan mengenai rencana tindakan. Pria mengajak wanita untuk makan siang bersama sambil melakukan penyelesaian yaitu delegate the administrative tasks to the assistant.
907,Part B: Long Conversation,listening_simulation_533.mp3,A,She is unable to back up the data before the computer crashed.,She forgot to attend the lunch meeting.,She lost the printed memo.,She wants to change teams.,"Man: Hi Jane, did you get the memo about the customer feedback compilation? 
Woman: Yes, but I am unable to back up the data before the computer crashed. 
Man: Don't worry. Let's grab lunch and we can schedule an urgent one-on-one meeting with the director together.",What is the woman's main concern?,Pertanyaan mengenai permasalahan utama pembicara wanita. Wanita mengeluh bahwa ia sedang mengalami kendala yaitu unable to back up the data before the computer crashed.
908,Part B: Long Conversation,listening_simulation_533.mp3,B,Cancel the project entirely.,Eat lunch and schedule an urgent one-on-one meeting with the director.,Call the department head.,Buy a new digital manual.,"Man: Hi Jane, did you get the memo about the customer feedback compilation? 
Woman: Yes, but I am unable to back up the data before the computer crashed. 
Man: Don't worry. Let's grab lunch and we can schedule an urgent one-on-one meeting with the director together.",What do the speakers plan to do?,Pertanyaan mengenai rencana tindakan. Pria mengajak wanita untuk makan siang bersama sambil melakukan penyelesaian yaitu schedule an urgent one-on-one meeting with the director.
909,Part C: Academic Talks,listening_simulation_534.mp3,A,A comprehensive analysis of sustainable workplace design.,An announcement about office vacation.,A historical overview of banking.,A health insurance policy briefing.,"Speaker: Good morning class. Today we will explore sustainable workplace design. By introducing natural lighting and ergonomic furniture, companies report a twenty percent decrease in employee absenteeism and a massive boost in daily focus. This study will serve as our primary benchmark for corporate productivity.",What is the primary subject of the talk?,Pertanyaan mengenai gagasan utama kuliah akademik. Pembicara menyatakan bahwa pembahasan hari ini berpusat pada analisis sustainable workplace design.
910,Part C: Academic Talks,listening_simulation_534.mp3,B,To reduce employee salaries.,To set a new benchmark for corporate productivity.,To redecorate the executive lounge.,To audit the accounting software.,"Speaker: Good morning class. Today we will explore sustainable workplace design. By introducing natural lighting and ergonomic furniture, companies report a twenty percent decrease in employee absenteeism and a massive boost in daily focus. This study will serve as our primary benchmark for corporate productivity.",What is the main goal of discussing this method?,Pertanyaan informasi spesifik. Pembicara menyebutkan bahwa tujuan studi ini adalah sebagai tolok ukur baru bagi produktivitas perusahaan.
911,Part A (Idiom),listening_simulation_535.mp3,B,The man is sitting on the office boundary fence.,The man is undecided and needs to make a firm choice.,The man already completed the assigned spreadsheet.,The man wants to complain to the supervisor.,"Man: I am honestly still on the fence about finalizing the recruitment interview schedule. 
Woman: You need to make up your mind quickly, or the department head will be very disappointed. 
Narrator: What does the woman imply about the man?",What does the woman imply about the man?,Menguji idiom 'on the fence' (ragu-ragu) dan 'make up your mind' (mengambil keputusan). Pilihan B benar karena merefrasa makna idiom tersebut secara akurat.
912,Part B: Long Conversation,listening_simulation_536.mp3,A,She is unable to back up the data before the computer crashed.,She forgot to attend the lunch meeting.,She lost the printed memo.,She wants to change teams.,"Man: Hi Jane, did you get the memo about the customer feedback compilation? 
Woman: Yes, but I am unable to back up the data before the computer crashed. 
Man: Don't worry. Let's grab lunch and we can review the training video manual sent by the coordinator together.",What is the woman's main concern?,Pertanyaan mengenai permasalahan utama pembicara wanita. Wanita mengeluh bahwa ia sedang mengalami kendala yaitu unable to back up the data before the computer crashed.
913,Part B: Long Conversation,listening_simulation_536.mp3,B,Cancel the project entirely.,Eat lunch and review the training video manual sent by the coordinator.,Call the department head.,Buy a new digital manual.,"Man: Hi Jane, did you get the memo about the customer feedback compilation? 
Woman: Yes, but I am unable to back up the data before the computer crashed. 
Man: Don't worry. Let's grab lunch and we can review the training video manual sent by the coordinator together.",What do the speakers plan to do?,Pertanyaan mengenai rencana tindakan. Pria mengajak wanita untuk makan siang bersama sambil melakukan penyelesaian yaitu review the training video manual sent by the coordinator.
914,Part A (Suggestion),listening_simulation_537.mp3,A,Take immediate action to delegate the administrative tasks to the assistant.,Ignore the supervisor and quit the current position.,Continue working despite being drowning under the immense workload this week.,Submit the report without reviewing the guidelines.,"Man: I am totally drowning under the immense workload this week. 
Woman: Why don't you delegate the administrative tasks to the assistant before doing anything else? 
Narrator: What does the woman suggest the man do?",What does the woman suggest the man do?,Menguji struktur pemberian saran menggunakan pola 'Why don't you...'. Wanita menyarankan pria agar delegate the administrative tasks to the assistant.
915,Part C: Academic Talks,listening_simulation_538.mp3,A,A comprehensive analysis of the impact of artificial intelligence on logistics.,An announcement about office vacation.,A historical overview of banking.,A health insurance policy briefing.,Speaker: Good morning class. Today we will explore the impact of artificial intelligence on logistics. Using predictive algorithms for warehouse supply chains reduces overhead storage costs by roughly fifteen percent globally. This study will serve as our primary benchmark for corporate productivity.,What is the primary subject of the talk?,Pertanyaan mengenai gagasan utama kuliah akademik. Pembicara menyatakan bahwa pembahasan hari ini berpusat pada analisis the impact of artificial intelligence on logistics.
916,Part C: Academic Talks,listening_simulation_538.mp3,B,To reduce employee salaries.,To set a new benchmark for corporate productivity.,To redecorate the executive lounge.,To audit the accounting software.,Speaker: Good morning class. Today we will explore the impact of artificial intelligence on logistics. Using predictive algorithms for warehouse supply chains reduces overhead storage costs by roughly fifteen percent globally. This study will serve as our primary benchmark for corporate productivity.,What is the main goal of discussing this method?,Pertanyaan informasi spesifik. Pembicara menyebutkan bahwa tujuan studi ini adalah sebagai tolok ukur baru bagi produktivitas perusahaan.
917,Part B: Long Conversation,listening_simulation_539.mp3,A,She is unable to back up the data before the computer crashed.,She forgot to attend the lunch meeting.,She lost the printed memo.,She wants to change teams.,"Man: Hi Jane, did you get the memo about the quarterly inventory log? 
Woman: Yes, but I am unable to back up the data before the computer crashed. 
Man: Don't worry. Let's grab lunch and we can schedule an urgent one-on-one meeting with the director together.",What is the woman's main concern?,Pertanyaan mengenai permasalahan utama pembicara wanita. Wanita mengeluh bahwa ia sedang mengalami kendala yaitu unable to back up the data before the computer crashed.
918,Part B: Long Conversation,listening_simulation_539.mp3,B,Cancel the project entirely.,Eat lunch and schedule an urgent one-on-one meeting with the director.,Call the department head.,Buy a new digital manual.,"Man: Hi Jane, did you get the memo about the quarterly inventory log? 
Woman: Yes, but I am unable to back up the data before the computer crashed. 
Man: Don't worry. Let's grab lunch and we can schedule an urgent one-on-one meeting with the director together.",What do the speakers plan to do?,Pertanyaan mengenai rencana tindakan. Pria mengajak wanita untuk makan siang bersama sambil melakukan penyelesaian yaitu schedule an urgent one-on-one meeting with the director.
919,Part A (Idiom),listening_simulation_540.mp3,B,The man is sitting on the office boundary fence.,The man is undecided and needs to make a firm choice.,The man already completed the assigned spreadsheet.,The man wants to complain to the supervisor.,"Man: I am honestly still on the fence about finalizing the social media campaign draft. 
Woman: You need to make up your mind quickly, or the new intern will be very disappointed. 
Narrator: What does the woman imply about the man?",What does the woman imply about the man?,Menguji idiom 'on the fence' (ragu-ragu) dan 'make up your mind' (mengambil keputusan). Pilihan B benar karena merefrasa makna idiom tersebut secara akurat.
920,Part B: Long Conversation,listening_simulation_541.mp3,A,She is struggling to meet the tight deadline set by the executive board.,She forgot to attend the lunch meeting.,She lost the printed memo.,She wants to change teams.,"Man: Hi Jane, did you get the memo about the social media campaign draft? 
Woman: Yes, but I am struggling to meet the tight deadline set by the executive board. 
Man: Don't worry. Let's grab lunch and we can review the training video manual sent by the coordinator together.",What is the woman's main concern?,Pertanyaan mengenai permasalahan utama pembicara wanita. Wanita mengeluh bahwa ia sedang mengalami kendala yaitu struggling to meet the tight deadline set by the executive board.
921,Part B: Long Conversation,listening_simulation_541.mp3,B,Cancel the project entirely.,Eat lunch and review the training video manual sent by the coordinator.,Call the department head.,Buy a new digital manual.,"Man: Hi Jane, did you get the memo about the social media campaign draft? 
Woman: Yes, but I am struggling to meet the tight deadline set by the executive board. 
Man: Don't worry. Let's grab lunch and we can review the training video manual sent by the coordinator together.",What do the speakers plan to do?,Pertanyaan mengenai rencana tindakan. Pria mengajak wanita untuk makan siang bersama sambil melakukan penyelesaian yaitu review the training video manual sent by the coordinator.
922,Part B: Long Conversation,listening_simulation_542.mp3,A,She is completely lost and confused about the guidelines.,She forgot to attend the lunch meeting.,She lost the printed memo.,She wants to change teams.,"Man: Hi Jane, did you get the memo about the recruitment interview schedule? 
Woman: Yes, but I am completely lost and confused about the guidelines. 
Man: Don't worry. Let's grab lunch and we can take a fifteen-minute walk to clear your mind together.",What is the woman's main concern?,Pertanyaan mengenai permasalahan utama pembicara wanita. Wanita mengeluh bahwa ia sedang mengalami kendala yaitu completely lost and confused about the guidelines.
923,Part B: Long Conversation,listening_simulation_542.mp3,B,Cancel the project entirely.,Eat lunch and take a fifteen-minute walk to clear your mind.,Call the department head.,Buy a new digital manual.,"Man: Hi Jane, did you get the memo about the recruitment interview schedule? 
Woman: Yes, but I am completely lost and confused about the guidelines. 
Man: Don't worry. Let's grab lunch and we can take a fifteen-minute walk to clear your mind together.",What do the speakers plan to do?,Pertanyaan mengenai rencana tindakan. Pria mengajak wanita untuk makan siang bersama sambil melakukan penyelesaian yaitu take a fifteen-minute walk to clear your mind.
924,Part A (Agreement),listening_simulation_543.mp3,B,She wants the man to repeat his statement about the timeline.,She completely agrees that the workload schedule is too demanding.,She thinks the project has already been canceled.,She prefers to work late at night rather than early morning.,"Man: The timeline to finish the social media campaign draft is absurdly tight. 
Woman: You can say that again! I've been working non-stop since dawn. 
Narrator: What does the woman mean?",What does the woman mean?,Menguji ekspresi persetujuan (Agreement) 'You can say that again!' yang berarti pembicara kedua sangat setuju dengan pendapat pembicara pertama.
925,Part A (Agreement),listening_simulation_544.mp3,B,She wants the man to repeat his statement about the timeline.,She completely agrees that the workload schedule is too demanding.,She thinks the project has already been canceled.,She prefers to work late at night rather than early morning.,"Man: The timeline to finish the quarterly inventory log is absurdly tight. 
Woman: You can say that again! I've been working non-stop since dawn. 
Narrator: What does the woman mean?",What does the woman mean?,Menguji ekspresi persetujuan (Agreement) 'You can say that again!' yang berarti pembicara kedua sangat setuju dengan pendapat pembicara pertama.
926,Part C: Academic Talks,listening_simulation_545.mp3,A,A comprehensive analysis of conflict resolution in corporate teams.,An announcement about office vacation.,A historical overview of banking.,A health insurance policy briefing.,Speaker: Good morning class. Today we will explore conflict resolution in corporate teams. Establishing clear communication channels and setting neutral boundaries early helps prevent personal bias from derailing collaborative milestones. This study will serve as our primary benchmark for corporate productivity.,What is the primary subject of the talk?,Pertanyaan mengenai gagasan utama kuliah akademik. Pembicara menyatakan bahwa pembahasan hari ini berpusat pada analisis conflict resolution in corporate teams.
927,Part C: Academic Talks,listening_simulation_545.mp3,B,To reduce employee salaries.,To set a new benchmark for corporate productivity.,To redecorate the executive lounge.,To audit the accounting software.,Speaker: Good morning class. Today we will explore conflict resolution in corporate teams. Establishing clear communication channels and setting neutral boundaries early helps prevent personal bias from derailing collaborative milestones. This study will serve as our primary benchmark for corporate productivity.,What is the main goal of discussing this method?,Pertanyaan informasi spesifik. Pembicara menyebutkan bahwa tujuan studi ini adalah sebagai tolok ukur baru bagi produktivitas perusahaan.
928,Part A (Agreement),listening_simulation_546.mp3,B,She wants the man to repeat his statement about the timeline.,She completely agrees that the workload schedule is too demanding.,She thinks the project has already been canceled.,She prefers to work late at night rather than early morning.,"Man: The timeline to finish the social media campaign draft is absurdly tight. 
Woman: You can say that again! I've been working non-stop since dawn. 
Narrator: What does the woman mean?",What does the woman mean?,Menguji ekspresi persetujuan (Agreement) 'You can say that again!' yang berarti pembicara kedua sangat setuju dengan pendapat pembicara pertama.
929,Part A (Suggestion),listening_simulation_547.mp3,A,Take immediate action to review the training video manual sent by the coordinator.,Ignore the supervisor and quit the current position.,Continue working despite being drowning under the immense workload this week.,Submit the report without reviewing the guidelines.,"Man: I am totally drowning under the immense workload this week. 
Woman: Why don't you review the training video manual sent by the coordinator before doing anything else? 
Narrator: What does the woman suggest the man do?",What does the woman suggest the man do?,Menguji struktur pemberian saran menggunakan pola 'Why don't you...'. Wanita menyarankan pria agar review the training video manual sent by the coordinator.
930,Part A (Agreement),listening_simulation_548.mp3,B,She wants the man to repeat his statement about the timeline.,She completely agrees that the workload schedule is too demanding.,She thinks the project has already been canceled.,She prefers to work late at night rather than early morning.,"Man: The timeline to finish the social media campaign draft is absurdly tight. 
Woman: You can say that again! I've been working non-stop since dawn. 
Narrator: What does the woman mean?",What does the woman mean?,Menguji ekspresi persetujuan (Agreement) 'You can say that again!' yang berarti pembicara kedua sangat setuju dengan pendapat pembicara pertama.
931,Part C: Academic Talks,listening_simulation_549.mp3,A,A comprehensive analysis of the impact of artificial intelligence on logistics.,An announcement about office vacation.,A historical overview of banking.,A health insurance policy briefing.,Speaker: Good morning class. Today we will explore the impact of artificial intelligence on logistics. Using predictive algorithms for warehouse supply chains reduces overhead storage costs by roughly fifteen percent globally. This study will serve as our primary benchmark for corporate productivity.,What is the primary subject of the talk?,Pertanyaan mengenai gagasan utama kuliah akademik. Pembicara menyatakan bahwa pembahasan hari ini berpusat pada analisis the impact of artificial intelligence on logistics.
932,Part C: Academic Talks,listening_simulation_549.mp3,B,To reduce employee salaries.,To set a new benchmark for corporate productivity.,To redecorate the executive lounge.,To audit the accounting software.,Speaker: Good morning class. Today we will explore the impact of artificial intelligence on logistics. Using predictive algorithms for warehouse supply chains reduces overhead storage costs by roughly fifteen percent globally. This study will serve as our primary benchmark for corporate productivity.,What is the main goal of discussing this method?,Pertanyaan informasi spesifik. Pembicara menyebutkan bahwa tujuan studi ini adalah sebagai tolok ukur baru bagi produktivitas perusahaan.
933,Part C: Academic Talks,listening_simulation_550.mp3,A,A comprehensive analysis of the psychology of consumer choice.,An announcement about office vacation.,A historical overview of banking.,A health insurance policy briefing.,"Speaker: Good morning class. Today we will explore the psychology of consumer choice. Limiting the number of options on a retail display reduces decision fatigue, which paradoxically increases the final conversion rate by thirty percent. This study will serve as our primary benchmark for corporate productivity.",What is the primary subject of the talk?,Pertanyaan mengenai gagasan utama kuliah akademik. Pembicara menyatakan bahwa pembahasan hari ini berpusat pada analisis the psychology of consumer choice.
934,Part C: Academic Talks,listening_simulation_550.mp3,B,To reduce employee salaries.,To set a new benchmark for corporate productivity.,To redecorate the executive lounge.,To audit the accounting software.,"Speaker: Good morning class. Today we will explore the psychology of consumer choice. Limiting the number of options on a retail display reduces decision fatigue, which paradoxically increases the final conversion rate by thirty percent. This study will serve as our primary benchmark for corporate productivity.",What is the main goal of discussing this method?,Pertanyaan informasi spesifik. Pembicara menyebutkan bahwa tujuan studi ini adalah sebagai tolok ukur baru bagi produktivitas perusahaan.
935,Part A (Agreement),listening_simulation_551.mp3,B,She wants the man to repeat his statement about the timeline.,She completely agrees that the workload schedule is too demanding.,She thinks the project has already been canceled.,She prefers to work late at night rather than early morning.,"Man: The timeline to finish the quarterly budget spreadsheet is absurdly tight. 
Woman: You can say that again! I've been working non-stop since dawn. 
Narrator: What does the woman mean?",What does the woman mean?,Menguji ekspresi persetujuan (Agreement) 'You can say that again!' yang berarti pembicara kedua sangat setuju dengan pendapat pembicara pertama.
936,Part A (Agreement),listening_simulation_552.mp3,B,She wants the man to repeat his statement about the timeline.,She completely agrees that the workload schedule is too demanding.,She thinks the project has already been canceled.,She prefers to work late at night rather than early morning.,"Man: The timeline to finish the annual tax report is absurdly tight. 
Woman: You can say that again! I've been working non-stop since dawn. 
Narrator: What does the woman mean?",What does the woman mean?,Menguji ekspresi persetujuan (Agreement) 'You can say that again!' yang berarti pembicara kedua sangat setuju dengan pendapat pembicara pertama.
937,Part A (Agreement),listening_simulation_553.mp3,B,She wants the man to repeat his statement about the timeline.,She completely agrees that the workload schedule is too demanding.,She thinks the project has already been canceled.,She prefers to work late at night rather than early morning.,"Man: The timeline to finish the annual tax report is absurdly tight. 
Woman: You can say that again! I've been working non-stop since dawn. 
Narrator: What does the woman mean?",What does the woman mean?,Menguji ekspresi persetujuan (Agreement) 'You can say that again!' yang berarti pembicara kedua sangat setuju dengan pendapat pembicara pertama.
938,Part B: Long Conversation,listening_simulation_554.mp3,A,She is completely lost and confused about the guidelines.,She forgot to attend the lunch meeting.,She lost the printed memo.,She wants to change teams.,"Man: Hi Jane, did you get the memo about the quarterly budget spreadsheet? 
Woman: Yes, but I am completely lost and confused about the guidelines. 
Man: Don't worry. Let's grab lunch and we can delegate the administrative tasks to the assistant together.",What is the woman's main concern?,Pertanyaan mengenai permasalahan utama pembicara wanita. Wanita mengeluh bahwa ia sedang mengalami kendala yaitu completely lost and confused about the guidelines.
939,Part B: Long Conversation,listening_simulation_554.mp3,B,Cancel the project entirely.,Eat lunch and delegate the administrative tasks to the assistant.,Call the department head.,Buy a new digital manual.,"Man: Hi Jane, did you get the memo about the quarterly budget spreadsheet? 
Woman: Yes, but I am completely lost and confused about the guidelines. 
Man: Don't worry. Let's grab lunch and we can delegate the administrative tasks to the assistant together.",What do the speakers plan to do?,Pertanyaan mengenai rencana tindakan. Pria mengajak wanita untuk makan siang bersama sambil melakukan penyelesaian yaitu delegate the administrative tasks to the assistant.
940,Part A (Agreement),listening_simulation_555.mp3,B,She wants the man to repeat his statement about the timeline.,She completely agrees that the workload schedule is too demanding.,She thinks the project has already been canceled.,She prefers to work late at night rather than early morning.,"Man: The timeline to finish the recruitment interview schedule is absurdly tight. 
Woman: You can say that again! I've been working non-stop since dawn. 
Narrator: What does the woman mean?",What does the woman mean?,Menguji ekspresi persetujuan (Agreement) 'You can say that again!' yang berarti pembicara kedua sangat setuju dengan pendapat pembicara pertama.
941,Part C: Academic Talks,listening_simulation_556.mp3,A,A comprehensive analysis of the psychology of consumer choice.,An announcement about office vacation.,A historical overview of banking.,A health insurance policy briefing.,"Speaker: Good morning class. Today we will explore the psychology of consumer choice. Limiting the number of options on a retail display reduces decision fatigue, which paradoxically increases the final conversion rate by thirty percent. This study will serve as our primary benchmark for corporate productivity.",What is the primary subject of the talk?,Pertanyaan mengenai gagasan utama kuliah akademik. Pembicara menyatakan bahwa pembahasan hari ini berpusat pada analisis the psychology of consumer choice.
942,Part C: Academic Talks,listening_simulation_556.mp3,B,To reduce employee salaries.,To set a new benchmark for corporate productivity.,To redecorate the executive lounge.,To audit the accounting software.,"Speaker: Good morning class. Today we will explore the psychology of consumer choice. Limiting the number of options on a retail display reduces decision fatigue, which paradoxically increases the final conversion rate by thirty percent. This study will serve as our primary benchmark for corporate productivity.",What is the main goal of discussing this method?,Pertanyaan informasi spesifik. Pembicara menyebutkan bahwa tujuan studi ini adalah sebagai tolok ukur baru bagi produktivitas perusahaan.
943,Part A (Suggestion),listening_simulation_557.mp3,A,Take immediate action to request a temporary extension from the management.,Ignore the supervisor and quit the current position.,Continue working despite being completely lost and confused about the guidelines.,Submit the report without reviewing the guidelines.,"Man: I am totally completely lost and confused about the guidelines. 
Woman: Why don't you request a temporary extension from the management before doing anything else? 
Narrator: What does the woman suggest the man do?",What does the woman suggest the man do?,Menguji struktur pemberian saran menggunakan pola 'Why don't you...'. Wanita menyarankan pria agar request a temporary extension from the management.
944,Part B: Long Conversation,listening_simulation_558.mp3,A,She is having a terrible misunderstanding with the logistics team.,She forgot to attend the lunch meeting.,She lost the printed memo.,She wants to change teams.,"Man: Hi Jane, did you get the memo about the quarterly budget spreadsheet? 
Woman: Yes, but I am having a terrible misunderstanding with the logistics team. 
Man: Don't worry. Let's grab lunch and we can delegate the administrative tasks to the assistant together.",What is the woman's main concern?,Pertanyaan mengenai permasalahan utama pembicara wanita. Wanita mengeluh bahwa ia sedang mengalami kendala yaitu having a terrible misunderstanding with the logistics team.
945,Part B: Long Conversation,listening_simulation_558.mp3,B,Cancel the project entirely.,Eat lunch and delegate the administrative tasks to the assistant.,Call the department head.,Buy a new digital manual.,"Man: Hi Jane, did you get the memo about the quarterly budget spreadsheet? 
Woman: Yes, but I am having a terrible misunderstanding with the logistics team. 
Man: Don't worry. Let's grab lunch and we can delegate the administrative tasks to the assistant together.",What do the speakers plan to do?,Pertanyaan mengenai rencana tindakan. Pria mengajak wanita untuk makan siang bersama sambil melakukan penyelesaian yaitu delegate the administrative tasks to the assistant.
946,Part B: Long Conversation,listening_simulation_559.mp3,A,She is struggling to meet the tight deadline set by the executive board.,She forgot to attend the lunch meeting.,She lost the printed memo.,She wants to change teams.,"Man: Hi Jane, did you get the memo about the recruitment interview schedule? 
Woman: Yes, but I am struggling to meet the tight deadline set by the executive board. 
Man: Don't worry. Let's grab lunch and we can schedule an urgent one-on-one meeting with the director together.",What is the woman's main concern?,Pertanyaan mengenai permasalahan utama pembicara wanita. Wanita mengeluh bahwa ia sedang mengalami kendala yaitu struggling to meet the tight deadline set by the executive board.
947,Part B: Long Conversation,listening_simulation_559.mp3,B,Cancel the project entirely.,Eat lunch and schedule an urgent one-on-one meeting with the director.,Call the department head.,Buy a new digital manual.,"Man: Hi Jane, did you get the memo about the recruitment interview schedule? 
Woman: Yes, but I am struggling to meet the tight deadline set by the executive board. 
Man: Don't worry. Let's grab lunch and we can schedule an urgent one-on-one meeting with the director together.",What do the speakers plan to do?,Pertanyaan mengenai rencana tindakan. Pria mengajak wanita untuk makan siang bersama sambil melakukan penyelesaian yaitu schedule an urgent one-on-one meeting with the director.
948,Part A (Agreement),listening_simulation_560.mp3,B,She wants the man to repeat his statement about the timeline.,She completely agrees that the workload schedule is too demanding.,She thinks the project has already been canceled.,She prefers to work late at night rather than early morning.,"Man: The timeline to finish the social media campaign draft is absurdly tight. 
Woman: You can say that again! I've been working non-stop since dawn. 
Narrator: What does the woman mean?",What does the woman mean?,Menguji ekspresi persetujuan (Agreement) 'You can say that again!' yang berarti pembicara kedua sangat setuju dengan pendapat pembicara pertama.
949,Part A (Idiom),listening_simulation_561.mp3,B,The man is sitting on the office boundary fence.,The man is undecided and needs to make a firm choice.,The man already completed the assigned spreadsheet.,The man wants to complain to the supervisor.,"Man: I am honestly still on the fence about finalizing the client's presentation slides. 
Woman: You need to make up your mind quickly, or the marketing coordinator will be very disappointed. 
Narrator: What does the woman imply about the man?",What does the woman imply about the man?,Menguji idiom 'on the fence' (ragu-ragu) dan 'make up your mind' (mengambil keputusan). Pilihan B benar karena merefrasa makna idiom tersebut secara akurat.
950,Part A (Suggestion),listening_simulation_562.mp3,A,Take immediate action to delegate the administrative tasks to the assistant.,Ignore the supervisor and quit the current position.,Continue working despite being unable to back up the data before the computer crashed.,Submit the report without reviewing the guidelines.,"Man: I am totally unable to back up the data before the computer crashed. 
Woman: Why don't you delegate the administrative tasks to the assistant before doing anything else? 
Narrator: What does the woman suggest the man do?",What does the woman suggest the man do?,Menguji struktur pemberian saran menggunakan pola 'Why don't you...'. Wanita menyarankan pria agar delegate the administrative tasks to the assistant.
951,Part A (Idiom),listening_simulation_563.mp3,B,The man is sitting on the office boundary fence.,The man is undecided and needs to make a firm choice.,The man already completed the assigned spreadsheet.,The man wants to complain to the supervisor.,"Man: I am honestly still on the fence about finalizing the client's presentation slides. 
Woman: You need to make up your mind quickly, or the financial auditor will be very disappointed. 
Narrator: What does the woman imply about the man?",What does the woman imply about the man?,Menguji idiom 'on the fence' (ragu-ragu) dan 'make up your mind' (mengambil keputusan). Pilihan B benar karena merefrasa makna idiom tersebut secara akurat.
952,Part A (Agreement),listening_simulation_564.mp3,B,She wants the man to repeat his statement about the timeline.,She completely agrees that the workload schedule is too demanding.,She thinks the project has already been canceled.,She prefers to work late at night rather than early morning.,"Man: The timeline to finish the recruitment interview schedule is absurdly tight. 
Woman: You can say that again! I've been working non-stop since dawn. 
Narrator: What does the woman mean?",What does the woman mean?,Menguji ekspresi persetujuan (Agreement) 'You can say that again!' yang berarti pembicara kedua sangat setuju dengan pendapat pembicara pertama.
953,Part C: Academic Talks,listening_simulation_565.mp3,A,A comprehensive analysis of the psychology of consumer choice.,An announcement about office vacation.,A historical overview of banking.,A health insurance policy briefing.,"Speaker: Good morning class. Today we will explore the psychology of consumer choice. Limiting the number of options on a retail display reduces decision fatigue, which paradoxically increases the final conversion rate by thirty percent. This study will serve as our primary benchmark for corporate productivity.",What is the primary subject of the talk?,Pertanyaan mengenai gagasan utama kuliah akademik. Pembicara menyatakan bahwa pembahasan hari ini berpusat pada analisis the psychology of consumer choice.
954,Part C: Academic Talks,listening_simulation_565.mp3,B,To reduce employee salaries.,To set a new benchmark for corporate productivity.,To redecorate the executive lounge.,To audit the accounting software.,"Speaker: Good morning class. Today we will explore the psychology of consumer choice. Limiting the number of options on a retail display reduces decision fatigue, which paradoxically increases the final conversion rate by thirty percent. This study will serve as our primary benchmark for corporate productivity.",What is the main goal of discussing this method?,Pertanyaan informasi spesifik. Pembicara menyebutkan bahwa tujuan studi ini adalah sebagai tolok ukur baru bagi produktivitas perusahaan.
955,Part A (Idiom),listening_simulation_566.mp3,B,The man is sitting on the office boundary fence.,The man is undecided and needs to make a firm choice.,The man already completed the assigned spreadsheet.,The man wants to complain to the supervisor.,"Man: I am honestly still on the fence about finalizing the customer feedback compilation. 
Woman: You need to make up your mind quickly, or the project manager will be very disappointed. 
Narrator: What does the woman imply about the man?",What does the woman imply about the man?,Menguji idiom 'on the fence' (ragu-ragu) dan 'make up your mind' (mengambil keputusan). Pilihan B benar karena merefrasa makna idiom tersebut secara akurat.
956,Part B: Long Conversation,listening_simulation_567.mp3,A,She is completely lost and confused about the guidelines.,She forgot to attend the lunch meeting.,She lost the printed memo.,She wants to change teams.,"Man: Hi Jane, did you get the memo about the client's presentation slides? 
Woman: Yes, but I am completely lost and confused about the guidelines. 
Man: Don't worry. Let's grab lunch and we can schedule an urgent one-on-one meeting with the director together.",What is the woman's main concern?,Pertanyaan mengenai permasalahan utama pembicara wanita. Wanita mengeluh bahwa ia sedang mengalami kendala yaitu completely lost and confused about the guidelines.
957,Part B: Long Conversation,listening_simulation_567.mp3,B,Cancel the project entirely.,Eat lunch and schedule an urgent one-on-one meeting with the director.,Call the department head.,Buy a new digital manual.,"Man: Hi Jane, did you get the memo about the client's presentation slides? 
Woman: Yes, but I am completely lost and confused about the guidelines. 
Man: Don't worry. Let's grab lunch and we can schedule an urgent one-on-one meeting with the director together.",What do the speakers plan to do?,Pertanyaan mengenai rencana tindakan. Pria mengajak wanita untuk makan siang bersama sambil melakukan penyelesaian yaitu schedule an urgent one-on-one meeting with the director.
958,Part B: Long Conversation,listening_simulation_568.mp3,A,She is unable to back up the data before the computer crashed.,She forgot to attend the lunch meeting.,She lost the printed memo.,She wants to change teams.,"Man: Hi Jane, did you get the memo about the office relocation plan? 
Woman: Yes, but I am unable to back up the data before the computer crashed. 
Man: Don't worry. Let's grab lunch and we can delegate the administrative tasks to the assistant together.",What is the woman's main concern?,Pertanyaan mengenai permasalahan utama pembicara wanita. Wanita mengeluh bahwa ia sedang mengalami kendala yaitu unable to back up the data before the computer crashed.
959,Part B: Long Conversation,listening_simulation_568.mp3,B,Cancel the project entirely.,Eat lunch and delegate the administrative tasks to the assistant.,Call the department head.,Buy a new digital manual.,"Man: Hi Jane, did you get the memo about the office relocation plan? 
Woman: Yes, but I am unable to back up the data before the computer crashed. 
Man: Don't worry. Let's grab lunch and we can delegate the administrative tasks to the assistant together.",What do the speakers plan to do?,Pertanyaan mengenai rencana tindakan. Pria mengajak wanita untuk makan siang bersama sambil melakukan penyelesaian yaitu delegate the administrative tasks to the assistant.
960,Part C: Academic Talks,listening_simulation_569.mp3,A,A comprehensive analysis of the psychology of consumer choice.,An announcement about office vacation.,A historical overview of banking.,A health insurance policy briefing.,"Speaker: Good morning class. Today we will explore the psychology of consumer choice. Limiting the number of options on a retail display reduces decision fatigue, which paradoxically increases the final conversion rate by thirty percent. This study will serve as our primary benchmark for corporate productivity.",What is the primary subject of the talk?,Pertanyaan mengenai gagasan utama kuliah akademik. Pembicara menyatakan bahwa pembahasan hari ini berpusat pada analisis the psychology of consumer choice.
961,Part C: Academic Talks,listening_simulation_569.mp3,B,To reduce employee salaries.,To set a new benchmark for corporate productivity.,To redecorate the executive lounge.,To audit the accounting software.,"Speaker: Good morning class. Today we will explore the psychology of consumer choice. Limiting the number of options on a retail display reduces decision fatigue, which paradoxically increases the final conversion rate by thirty percent. This study will serve as our primary benchmark for corporate productivity.",What is the main goal of discussing this method?,Pertanyaan informasi spesifik. Pembicara menyebutkan bahwa tujuan studi ini adalah sebagai tolok ukur baru bagi produktivitas perusahaan.
962,Part A (Suggestion),listening_simulation_570.mp3,A,Take immediate action to review the training video manual sent by the coordinator.,Ignore the supervisor and quit the current position.,Continue working despite being unable to back up the data before the computer crashed.,Submit the report without reviewing the guidelines.,"Man: I am totally unable to back up the data before the computer crashed. 
Woman: Why don't you review the training video manual sent by the coordinator before doing anything else? 
Narrator: What does the woman suggest the man do?",What does the woman suggest the man do?,Menguji struktur pemberian saran menggunakan pola 'Why don't you...'. Wanita menyarankan pria agar review the training video manual sent by the coordinator.
963,Part B: Long Conversation,listening_simulation_571.mp3,A,She is struggling to meet the tight deadline set by the executive board.,She forgot to attend the lunch meeting.,She lost the printed memo.,She wants to change teams.,"Man: Hi Jane, did you get the memo about the quarterly inventory log? 
Woman: Yes, but I am struggling to meet the tight deadline set by the executive board. 
Man: Don't worry. Let's grab lunch and we can take a fifteen-minute walk to clear your mind together.",What is the woman's main concern?,Pertanyaan mengenai permasalahan utama pembicara wanita. Wanita mengeluh bahwa ia sedang mengalami kendala yaitu struggling to meet the tight deadline set by the executive board.
964,Part B: Long Conversation,listening_simulation_571.mp3,B,Cancel the project entirely.,Eat lunch and take a fifteen-minute walk to clear your mind.,Call the department head.,Buy a new digital manual.,"Man: Hi Jane, did you get the memo about the quarterly inventory log? 
Woman: Yes, but I am struggling to meet the tight deadline set by the executive board. 
Man: Don't worry. Let's grab lunch and we can take a fifteen-minute walk to clear your mind together.",What do the speakers plan to do?,Pertanyaan mengenai rencana tindakan. Pria mengajak wanita untuk makan siang bersama sambil melakukan penyelesaian yaitu take a fifteen-minute walk to clear your mind.
965,Part A (Idiom),listening_simulation_572.mp3,B,The man is sitting on the office boundary fence.,The man is undecided and needs to make a firm choice.,The man already completed the assigned spreadsheet.,The man wants to complain to the supervisor.,"Man: I am honestly still on the fence about finalizing the quarterly budget spreadsheet. 
Woman: You need to make up your mind quickly, or the department head will be very disappointed. 
Narrator: What does the woman imply about the man?",What does the woman imply about the man?,Menguji idiom 'on the fence' (ragu-ragu) dan 'make up your mind' (mengambil keputusan). Pilihan B benar karena merefrasa makna idiom tersebut secara akurat.
966,Part B: Long Conversation,listening_simulation_573.mp3,A,She is having a terrible misunderstanding with the logistics team.,She forgot to attend the lunch meeting.,She lost the printed memo.,She wants to change teams.,"Man: Hi Jane, did you get the memo about the office relocation plan? 
Woman: Yes, but I am having a terrible misunderstanding with the logistics team. 
Man: Don't worry. Let's grab lunch and we can request a temporary extension from the management together.",What is the woman's main concern?,Pertanyaan mengenai permasalahan utama pembicara wanita. Wanita mengeluh bahwa ia sedang mengalami kendala yaitu having a terrible misunderstanding with the logistics team.
967,Part B: Long Conversation,listening_simulation_573.mp3,B,Cancel the project entirely.,Eat lunch and request a temporary extension from the management.,Call the department head.,Buy a new digital manual.,"Man: Hi Jane, did you get the memo about the office relocation plan? 
Woman: Yes, but I am having a terrible misunderstanding with the logistics team. 
Man: Don't worry. Let's grab lunch and we can request a temporary extension from the management together.",What do the speakers plan to do?,Pertanyaan mengenai rencana tindakan. Pria mengajak wanita untuk makan siang bersama sambil melakukan penyelesaian yaitu request a temporary extension from the management.
968,Part C: Academic Talks,listening_simulation_574.mp3,A,A comprehensive analysis of the psychology of consumer choice.,An announcement about office vacation.,A historical overview of banking.,A health insurance policy briefing.,"Speaker: Good morning class. Today we will explore the psychology of consumer choice. Limiting the number of options on a retail display reduces decision fatigue, which paradoxically increases the final conversion rate by thirty percent. This study will serve as our primary benchmark for corporate productivity.",What is the primary subject of the talk?,Pertanyaan mengenai gagasan utama kuliah akademik. Pembicara menyatakan bahwa pembahasan hari ini berpusat pada analisis the psychology of consumer choice.
969,Part C: Academic Talks,listening_simulation_574.mp3,B,To reduce employee salaries.,To set a new benchmark for corporate productivity.,To redecorate the executive lounge.,To audit the accounting software.,"Speaker: Good morning class. Today we will explore the psychology of consumer choice. Limiting the number of options on a retail display reduces decision fatigue, which paradoxically increases the final conversion rate by thirty percent. This study will serve as our primary benchmark for corporate productivity.",What is the main goal of discussing this method?,Pertanyaan informasi spesifik. Pembicara menyebutkan bahwa tujuan studi ini adalah sebagai tolok ukur baru bagi produktivitas perusahaan.
970,Part B: Long Conversation,listening_simulation_575.mp3,A,She is having a terrible misunderstanding with the logistics team.,She forgot to attend the lunch meeting.,She lost the printed memo.,She wants to change teams.,"Man: Hi Jane, did you get the memo about the recruitment interview schedule? 
Woman: Yes, but I am having a terrible misunderstanding with the logistics team. 
Man: Don't worry. Let's grab lunch and we can schedule an urgent one-on-one meeting with the director together.",What is the woman's main concern?,Pertanyaan mengenai permasalahan utama pembicara wanita. Wanita mengeluh bahwa ia sedang mengalami kendala yaitu having a terrible misunderstanding with the logistics team.
971,Part B: Long Conversation,listening_simulation_575.mp3,B,Cancel the project entirely.,Eat lunch and schedule an urgent one-on-one meeting with the director.,Call the department head.,Buy a new digital manual.,"Man: Hi Jane, did you get the memo about the recruitment interview schedule? 
Woman: Yes, but I am having a terrible misunderstanding with the logistics team. 
Man: Don't worry. Let's grab lunch and we can schedule an urgent one-on-one meeting with the director together.",What do the speakers plan to do?,Pertanyaan mengenai rencana tindakan. Pria mengajak wanita untuk makan siang bersama sambil melakukan penyelesaian yaitu schedule an urgent one-on-one meeting with the director.
972,Part A (Agreement),listening_simulation_576.mp3,B,She wants the man to repeat his statement about the timeline.,She completely agrees that the workload schedule is too demanding.,She thinks the project has already been canceled.,She prefers to work late at night rather than early morning.,"Man: The timeline to finish the annual tax report is absurdly tight. 
Woman: You can say that again! I've been working non-stop since dawn. 
Narrator: What does the woman mean?",What does the woman mean?,Menguji ekspresi persetujuan (Agreement) 'You can say that again!' yang berarti pembicara kedua sangat setuju dengan pendapat pembicara pertama.
973,Part C: Academic Talks,listening_simulation_577.mp3,A,A comprehensive analysis of the psychology of consumer choice.,An announcement about office vacation.,A historical overview of banking.,A health insurance policy briefing.,"Speaker: Good morning class. Today we will explore the psychology of consumer choice. Limiting the number of options on a retail display reduces decision fatigue, which paradoxically increases the final conversion rate by thirty percent. This study will serve as our primary benchmark for corporate productivity.",What is the primary subject of the talk?,Pertanyaan mengenai gagasan utama kuliah akademik. Pembicara menyatakan bahwa pembahasan hari ini berpusat pada analisis the psychology of consumer choice.
974,Part C: Academic Talks,listening_simulation_577.mp3,B,To reduce employee salaries.,To set a new benchmark for corporate productivity.,To redecorate the executive lounge.,To audit the accounting software.,"Speaker: Good morning class. Today we will explore the psychology of consumer choice. Limiting the number of options on a retail display reduces decision fatigue, which paradoxically increases the final conversion rate by thirty percent. This study will serve as our primary benchmark for corporate productivity.",What is the main goal of discussing this method?,Pertanyaan informasi spesifik. Pembicara menyebutkan bahwa tujuan studi ini adalah sebagai tolok ukur baru bagi produktivitas perusahaan.
975,Part C: Academic Talks,listening_simulation_578.mp3,A,A comprehensive analysis of the psychology of consumer choice.,An announcement about office vacation.,A historical overview of banking.,A health insurance policy briefing.,"Speaker: Good morning class. Today we will explore the psychology of consumer choice. Limiting the number of options on a retail display reduces decision fatigue, which paradoxically increases the final conversion rate by thirty percent. This study will serve as our primary benchmark for corporate productivity.",What is the primary subject of the talk?,Pertanyaan mengenai gagasan utama kuliah akademik. Pembicara menyatakan bahwa pembahasan hari ini berpusat pada analisis the psychology of consumer choice.
976,Part C: Academic Talks,listening_simulation_578.mp3,B,To reduce employee salaries.,To set a new benchmark for corporate productivity.,To redecorate the executive lounge.,To audit the accounting software.,"Speaker: Good morning class. Today we will explore the psychology of consumer choice. Limiting the number of options on a retail display reduces decision fatigue, which paradoxically increases the final conversion rate by thirty percent. This study will serve as our primary benchmark for corporate productivity.",What is the main goal of discussing this method?,Pertanyaan informasi spesifik. Pembicara menyebutkan bahwa tujuan studi ini adalah sebagai tolok ukur baru bagi produktivitas perusahaan.
977,Part B: Long Conversation,listening_simulation_579.mp3,A,She is having a terrible misunderstanding with the logistics team.,She forgot to attend the lunch meeting.,She lost the printed memo.,She wants to change teams.,"Man: Hi Jane, did you get the memo about the client's presentation slides? 
Woman: Yes, but I am having a terrible misunderstanding with the logistics team. 
Man: Don't worry. Let's grab lunch and we can review the training video manual sent by the coordinator together.",What is the woman's main concern?,Pertanyaan mengenai permasalahan utama pembicara wanita. Wanita mengeluh bahwa ia sedang mengalami kendala yaitu having a terrible misunderstanding with the logistics team.
978,Part B: Long Conversation,listening_simulation_579.mp3,B,Cancel the project entirely.,Eat lunch and review the training video manual sent by the coordinator.,Call the department head.,Buy a new digital manual.,"Man: Hi Jane, did you get the memo about the client's presentation slides? 
Woman: Yes, but I am having a terrible misunderstanding with the logistics team. 
Man: Don't worry. Let's grab lunch and we can review the training video manual sent by the coordinator together.",What do the speakers plan to do?,Pertanyaan mengenai rencana tindakan. Pria mengajak wanita untuk makan siang bersama sambil melakukan penyelesaian yaitu review the training video manual sent by the coordinator.
979,Part B: Long Conversation,listening_simulation_580.mp3,A,She is unable to back up the data before the computer crashed.,She forgot to attend the lunch meeting.,She lost the printed memo.,She wants to change teams.,"Man: Hi Jane, did you get the memo about the social media campaign draft? 
Woman: Yes, but I am unable to back up the data before the computer crashed. 
Man: Don't worry. Let's grab lunch and we can delegate the administrative tasks to the assistant together.",What is the woman's main concern?,Pertanyaan mengenai permasalahan utama pembicara wanita. Wanita mengeluh bahwa ia sedang mengalami kendala yaitu unable to back up the data before the computer crashed.
980,Part B: Long Conversation,listening_simulation_580.mp3,B,Cancel the project entirely.,Eat lunch and delegate the administrative tasks to the assistant.,Call the department head.,Buy a new digital manual.,"Man: Hi Jane, did you get the memo about the social media campaign draft? 
Woman: Yes, but I am unable to back up the data before the computer crashed. 
Man: Don't worry. Let's grab lunch and we can delegate the administrative tasks to the assistant together.",What do the speakers plan to do?,Pertanyaan mengenai rencana tindakan. Pria mengajak wanita untuk makan siang bersama sambil melakukan penyelesaian yaitu delegate the administrative tasks to the assistant.
981,Part C: Academic Talks,listening_simulation_581.mp3,A,A comprehensive analysis of the impact of artificial intelligence on logistics.,An announcement about office vacation.,A historical overview of banking.,A health insurance policy briefing.,Speaker: Good morning class. Today we will explore the impact of artificial intelligence on logistics. Using predictive algorithms for warehouse supply chains reduces overhead storage costs by roughly fifteen percent globally. This study will serve as our primary benchmark for corporate productivity.,What is the primary subject of the talk?,Pertanyaan mengenai gagasan utama kuliah akademik. Pembicara menyatakan bahwa pembahasan hari ini berpusat pada analisis the impact of artificial intelligence on logistics.
982,Part C: Academic Talks,listening_simulation_581.mp3,B,To reduce employee salaries.,To set a new benchmark for corporate productivity.,To redecorate the executive lounge.,To audit the accounting software.,Speaker: Good morning class. Today we will explore the impact of artificial intelligence on logistics. Using predictive algorithms for warehouse supply chains reduces overhead storage costs by roughly fifteen percent globally. This study will serve as our primary benchmark for corporate productivity.,What is the main goal of discussing this method?,Pertanyaan informasi spesifik. Pembicara menyebutkan bahwa tujuan studi ini adalah sebagai tolok ukur baru bagi produktivitas perusahaan.
983,Part C: Academic Talks,listening_simulation_582.mp3,A,A comprehensive analysis of the psychology of consumer choice.,An announcement about office vacation.,A historical overview of banking.,A health insurance policy briefing.,"Speaker: Good morning class. Today we will explore the psychology of consumer choice. Limiting the number of options on a retail display reduces decision fatigue, which paradoxically increases the final conversion rate by thirty percent. This study will serve as our primary benchmark for corporate productivity.",What is the primary subject of the talk?,Pertanyaan mengenai gagasan utama kuliah akademik. Pembicara menyatakan bahwa pembahasan hari ini berpusat pada analisis the psychology of consumer choice.
984,Part C: Academic Talks,listening_simulation_582.mp3,B,To reduce employee salaries.,To set a new benchmark for corporate productivity.,To redecorate the executive lounge.,To audit the accounting software.,"Speaker: Good morning class. Today we will explore the psychology of consumer choice. Limiting the number of options on a retail display reduces decision fatigue, which paradoxically increases the final conversion rate by thirty percent. This study will serve as our primary benchmark for corporate productivity.",What is the main goal of discussing this method?,Pertanyaan informasi spesifik. Pembicara menyebutkan bahwa tujuan studi ini adalah sebagai tolok ukur baru bagi produktivitas perusahaan.
985,Part C: Academic Talks,listening_simulation_583.mp3,A,A comprehensive analysis of the impact of artificial intelligence on logistics.,An announcement about office vacation.,A historical overview of banking.,A health insurance policy briefing.,Speaker: Good morning class. Today we will explore the impact of artificial intelligence on logistics. Using predictive algorithms for warehouse supply chains reduces overhead storage costs by roughly fifteen percent globally. This study will serve as our primary benchmark for corporate productivity.,What is the primary subject of the talk?,Pertanyaan mengenai gagasan utama kuliah akademik. Pembicara menyatakan bahwa pembahasan hari ini berpusat pada analisis the impact of artificial intelligence on logistics.
986,Part C: Academic Talks,listening_simulation_583.mp3,B,To reduce employee salaries.,To set a new benchmark for corporate productivity.,To redecorate the executive lounge.,To audit the accounting software.,Speaker: Good morning class. Today we will explore the impact of artificial intelligence on logistics. Using predictive algorithms for warehouse supply chains reduces overhead storage costs by roughly fifteen percent globally. This study will serve as our primary benchmark for corporate productivity.,What is the main goal of discussing this method?,Pertanyaan informasi spesifik. Pembicara menyebutkan bahwa tujuan studi ini adalah sebagai tolok ukur baru bagi produktivitas perusahaan.
987,Part A (Agreement),listening_simulation_584.mp3,B,She wants the man to repeat his statement about the timeline.,She completely agrees that the workload schedule is too demanding.,She thinks the project has already been canceled.,She prefers to work late at night rather than early morning.,"Man: The timeline to finish the quarterly inventory log is absurdly tight. 
Woman: You can say that again! I've been working non-stop since dawn. 
Narrator: What does the woman mean?",What does the woman mean?,Menguji ekspresi persetujuan (Agreement) 'You can say that again!' yang berarti pembicara kedua sangat setuju dengan pendapat pembicara pertama.
988,Part B: Long Conversation,listening_simulation_585.mp3,A,She is drowning under the immense workload this week.,She forgot to attend the lunch meeting.,She lost the printed memo.,She wants to change teams.,"Man: Hi Jane, did you get the memo about the social media campaign draft? 
Woman: Yes, but I am drowning under the immense workload this week. 
Man: Don't worry. Let's grab lunch and we can request a temporary extension from the management together.",What is the woman's main concern?,Pertanyaan mengenai permasalahan utama pembicara wanita. Wanita mengeluh bahwa ia sedang mengalami kendala yaitu drowning under the immense workload this week.
989,Part B: Long Conversation,listening_simulation_585.mp3,B,Cancel the project entirely.,Eat lunch and request a temporary extension from the management.,Call the department head.,Buy a new digital manual.,"Man: Hi Jane, did you get the memo about the social media campaign draft? 
Woman: Yes, but I am drowning under the immense workload this week. 
Man: Don't worry. Let's grab lunch and we can request a temporary extension from the management together.",What do the speakers plan to do?,Pertanyaan mengenai rencana tindakan. Pria mengajak wanita untuk makan siang bersama sambil melakukan penyelesaian yaitu request a temporary extension from the management.
990,Part B: Long Conversation,listening_simulation_586.mp3,A,She is completely lost and confused about the guidelines.,She forgot to attend the lunch meeting.,She lost the printed memo.,She wants to change teams.,"Man: Hi Jane, did you get the memo about the recruitment interview schedule? 
Woman: Yes, but I am completely lost and confused about the guidelines. 
Man: Don't worry. Let's grab lunch and we can review the training video manual sent by the coordinator together.",What is the woman's main concern?,Pertanyaan mengenai permasalahan utama pembicara wanita. Wanita mengeluh bahwa ia sedang mengalami kendala yaitu completely lost and confused about the guidelines.
991,Part B: Long Conversation,listening_simulation_586.mp3,B,Cancel the project entirely.,Eat lunch and review the training video manual sent by the coordinator.,Call the department head.,Buy a new digital manual.,"Man: Hi Jane, did you get the memo about the recruitment interview schedule? 
Woman: Yes, but I am completely lost and confused about the guidelines. 
Man: Don't worry. Let's grab lunch and we can review the training video manual sent by the coordinator together.",What do the speakers plan to do?,Pertanyaan mengenai rencana tindakan. Pria mengajak wanita untuk makan siang bersama sambil melakukan penyelesaian yaitu review the training video manual sent by the coordinator.
992,Part C: Academic Talks,listening_simulation_587.mp3,A,A comprehensive analysis of the psychology of consumer choice.,An announcement about office vacation.,A historical overview of banking.,A health insurance policy briefing.,"Speaker: Good morning class. Today we will explore the psychology of consumer choice. Limiting the number of options on a retail display reduces decision fatigue, which paradoxically increases the final conversion rate by thirty percent. This study will serve as our primary benchmark for corporate productivity.",What is the primary subject of the talk?,Pertanyaan mengenai gagasan utama kuliah akademik. Pembicara menyatakan bahwa pembahasan hari ini berpusat pada analisis the psychology of consumer choice.
993,Part C: Academic Talks,listening_simulation_587.mp3,B,To reduce employee salaries.,To set a new benchmark for corporate productivity.,To redecorate the executive lounge.,To audit the accounting software.,"Speaker: Good morning class. Today we will explore the psychology of consumer choice. Limiting the number of options on a retail display reduces decision fatigue, which paradoxically increases the final conversion rate by thirty percent. This study will serve as our primary benchmark for corporate productivity.",What is the main goal of discussing this method?,Pertanyaan informasi spesifik. Pembicara menyebutkan bahwa tujuan studi ini adalah sebagai tolok ukur baru bagi produktivitas perusahaan.
994,Part A (Idiom),listening_simulation_588.mp3,B,The man is sitting on the office boundary fence.,The man is undecided and needs to make a firm choice.,The man already completed the assigned spreadsheet.,The man wants to complain to the supervisor.,"Man: I am honestly still on the fence about finalizing the office relocation plan. 
Woman: You need to make up your mind quickly, or the project manager will be very disappointed. 
Narrator: What does the woman imply about the man?",What does the woman imply about the man?,Menguji idiom 'on the fence' (ragu-ragu) dan 'make up your mind' (mengambil keputusan). Pilihan B benar karena merefrasa makna idiom tersebut secara akurat.
995,Part B: Long Conversation,listening_simulation_589.mp3,A,She is struggling to meet the tight deadline set by the executive board.,She forgot to attend the lunch meeting.,She lost the printed memo.,She wants to change teams.,"Man: Hi Jane, did you get the memo about the recruitment interview schedule? 
Woman: Yes, but I am struggling to meet the tight deadline set by the executive board. 
Man: Don't worry. Let's grab lunch and we can take a fifteen-minute walk to clear your mind together.",What is the woman's main concern?,Pertanyaan mengenai permasalahan utama pembicara wanita. Wanita mengeluh bahwa ia sedang mengalami kendala yaitu struggling to meet the tight deadline set by the executive board.
996,Part B: Long Conversation,listening_simulation_589.mp3,B,Cancel the project entirely.,Eat lunch and take a fifteen-minute walk to clear your mind.,Call the department head.,Buy a new digital manual.,"Man: Hi Jane, did you get the memo about the recruitment interview schedule? 
Woman: Yes, but I am struggling to meet the tight deadline set by the executive board. 
Man: Don't worry. Let's grab lunch and we can take a fifteen-minute walk to clear your mind together.",What do the speakers plan to do?,Pertanyaan mengenai rencana tindakan. Pria mengajak wanita untuk makan siang bersama sambil melakukan penyelesaian yaitu take a fifteen-minute walk to clear your mind.
997,Part B: Long Conversation,listening_simulation_590.mp3,A,She is having a terrible misunderstanding with the logistics team.,She forgot to attend the lunch meeting.,She lost the printed memo.,She wants to change teams.,"Man: Hi Jane, did you get the memo about the social media campaign draft? 
Woman: Yes, but I am having a terrible misunderstanding with the logistics team. 
Man: Don't worry. Let's grab lunch and we can schedule an urgent one-on-one meeting with the director together.",What is the woman's main concern?,Pertanyaan mengenai permasalahan utama pembicara wanita. Wanita mengeluh bahwa ia sedang mengalami kendala yaitu having a terrible misunderstanding with the logistics team.
998,Part B: Long Conversation,listening_simulation_590.mp3,B,Cancel the project entirely.,Eat lunch and schedule an urgent one-on-one meeting with the director.,Call the department head.,Buy a new digital manual.,"Man: Hi Jane, did you get the memo about the social media campaign draft? 
Woman: Yes, but I am having a terrible misunderstanding with the logistics team. 
Man: Don't worry. Let's grab lunch and we can schedule an urgent one-on-one meeting with the director together.",What do the speakers plan to do?,Pertanyaan mengenai rencana tindakan. Pria mengajak wanita untuk makan siang bersama sambil melakukan penyelesaian yaitu schedule an urgent one-on-one meeting with the director.
999,Part B: Long Conversation,listening_simulation_591.mp3,A,She is unable to back up the data before the computer crashed.,She forgot to attend the lunch meeting.,She lost the printed memo.,She wants to change teams.,"Man: Hi Jane, did you get the memo about the social media campaign draft? 
Woman: Yes, but I am unable to back up the data before the computer crashed. 
Man: Don't worry. Let's grab lunch and we can delegate the administrative tasks to the assistant together.",What is the woman's main concern?,Pertanyaan mengenai permasalahan utama pembicara wanita. Wanita mengeluh bahwa ia sedang mengalami kendala yaitu unable to back up the data before the computer crashed.
1000,Part B: Long Conversation,listening_simulation_591.mp3,B,Cancel the project entirely.,Eat lunch and delegate the administrative tasks to the assistant.,Call the department head.,Buy a new digital manual.,"Man: Hi Jane, did you get the memo about the social media campaign draft? 
Woman: Yes, but I am unable to back up the data before the computer crashed. 
Man: Don't worry. Let's grab lunch and we can delegate the administrative tasks to the assistant together.",What do the speakers plan to do?,Pertanyaan mengenai rencana tindakan. Pria mengajak wanita untuk makan siang bersama sambil melakukan penyelesaian yaitu delegate the administrative tasks to the assistant.
